t_wall,t_elapsed_sec,stage,policy_class,ckpt_dir,meas_x_mm,meas_y_mm,meas_z_mm,meas_rx,meas_ry,meas_rz,meas_fx_N,meas_fy_N,meas_fz_N,cmd_x_mm,cmd_y_mm,cmd_z_mm,cmd_rx,cmd_ry,cmd_rz,cmd_fx_N,cmd_fy_N,cmd_fz_N,contact,cmd_safety_blocked
1786183689.2920706,0.010980977007420734,APPROACH,BSPLINE,/home/eunseop/nrs_imitation/checkpoints/bspline/polishing/single_cam/20260808_0153,317.41851806640625,297.81610107421875,203.7269287109375,3.230907168472186e-05,-2.466115984134376e-05,1.5624703168869019,0.14869174361228943,-0.4676969349384308,-0.397797167301178,317.41851806640625,297.81610107421875,203.7269287109375,3.230907168472186e-05,-2.466115984134376e-05,1.5624703168869019,0.0,0.0,0.0,0,0
1786183689.3007848,0.01969522499712184,APPROACH,BSPLINE,/home/eunseop/nrs_imitation/checkpoints/bspline/polishing/single_cam/20260808_0153,317.43853759765625,297.8011169433594,203.71334838867188,-4.972180704498896e-06,-3.862423181999475e-05,1.5624583959579468,0.03331843391060829,-0.4650273025035858,-0.1260218471288681,317.43853759765625,297.8011169433594,203.71334838867188,-4.972180704498896e-06,-3.862423181999475e-05,1.5624583959579468,0.0,0.0,0.0,0,0
1786183689.308123,0.02703370999370236,APPROACH,BSPLINE,/home/eunseop/nrs_imitation/checkpoints/bspline/polishing/single_cam/20260808_0153,317.4501647949219,297.8265380859375,203.72808837890625,3.506007487885654e-05,-0.00010780353477457538,1.5624343156814575,0.0779053270816803,-0.4219883382320404,-0.019280215725302696,317.4388122558594,297.801025390625,203.71353149414062,-5.5269329095608555e-06,-3.920213566743769e-05,1.5624572038650513,0.0,0.0,0.0,0,0
1786183689.3170354,0.0359458979946794,APPROACH,BSPLINE,/home/eunseop/nrs_imitation/checkpoints/bspline/polishing/single_cam/20260808_0153,317.4501647949219,297.8265380859375,203.72808837890625,3.506007487885654e-05,-0.00010780353477457538,1.5624343156814575,0.20659364759922028,-0.40314844250679016,-0.21857066452503204,317.4398193359375,297.80084228515625,203.7141571044922,-7.451574219885515e-06,-4.120709854760207e-05,1.5624535083770752,0.0,0.0,0.0,0,0
1786183689.3241296,0.04304001500713639,APPROACH,BSPLINE,/home/eunseop/nrs_imitation/checkpoints/bspline/polishing/single_cam/20260808_0153,317.4392395019531,297.8257751464844,203.7117462158203,1.3397715520113707e-05,-8.767168765189126e-05,1.5624943971633911,0.2702699303627014,-0.3153722882270813,-0.020795321092009544,317.4410705566406,297.80059814453125,203.71498107910156,-9.937878530763555e-06,-4.379716483526863e-05,1.5624487400054932,0.0,0.0,0.0,0,0
1786183689.3320675,0.05097801800002344,APPROACH,BSPLINE,/home/eunseop/nrs_imitation/checkpoints/bspline/polishing/single_cam/20260808_0153,317.4225158691406,297.8016662597656,203.68646240234375,2.2845515559311025e-05,6.052612206985941e-07,1.562434434890747,-0.04946950078010559,-0.12112302333116531,0.17193768918514252,317.4430847167969,297.8001708984375,203.7162322998047,-1.3770300029136706e-05,-4.778951915795915e-05,1.562441110610962,0.0,0.0,0.0,0,0
1786183689.3401332,0.059043765999376774,APPROACH,BSPLINE,/home/eunseop/nrs_imitation/checkpoints/bspline/polishing/single_cam/20260808_0153,317.4579162597656,297.7850036621094,203.7150115966797,-2.2306954633677378e-05,-3.0427372621488757e-05,1.5624343156814575,0.14184719324111938,-0.14519362151622772,0.10175421833992004,317.44561767578125,297.7996520996094,203.7178497314453,-1.870944288384635e-05,-5.293478898238391e-05,1.5624315738677979,0.0,0.0,0.0,0,0
1786183689.3480942,0.06700473200180568,APPROACH,BSPLINE,/home/eunseop/nrs_imitation/checkpoints/bspline/polishing/single_cam/20260808_0153,317.4579162597656,297.7850036621094,203.7150115966797,-2.2306954633677378e-05,-3.0427372621488757e-05,1.5624343156814575,0.16979050636291504,-0.09576791524887085,0.5702685117721558,317.4486999511719,297.7989807128906,203.71983337402344,-2.4729097276576795e-05,-5.9205656725680456e-05,1.5624197721481323,0.0,0.0,0.0,0,0
1786183689.3561275,0.07503791700582951,APPROACH,BSPLINE,/home/eunseop/nrs_imitation/checkpoints/bspline/polishing/single_cam/20260808_0153,317.416015625,297.8106689453125,203.68844604492188,1.8206468666903675e-05,1.2991143194085453e-05,1.5624468326568604,0.3489426076412201,-0.13059701025485992,-0.26520922780036926,317.4523620605469,297.7982177734375,203.72215270996094,-3.184927118127234e-05,-6.662297528237104e-05,1.5624058246612549,0.0,0.0,0.0,0,0
1786183689.3640602,0.08297048999520484,APPROACH,BSPLINE,/home/eunseop/nrs_imitation/checkpoints/bspline/polishing/single_cam/20260808_0153,317.4320068359375,297.83380126953125,203.7316131591797,3.694740735227242e-05,-3.704745904542506e-05,1.5624823570251465,0.3489426076412201,-0.13059701025485992,-0.26520922780036926,317.45654296875,297.7973327636719,203.72482299804688,-3.9992584788706154e-05,-7.510613068006933e-05,1.562389850616455,0.0,0.0,0.0,0,0
1786183689.3721619,0.09107230600784533,APPROACH,BSPLINE,/home/eunseop/nrs_imitation/checkpoints/bspline/polishing/single_cam/20260808_0153,317.454833984375,297.80126953125,203.72091674804688,-1.595057619852014e-05,-8.510462794220075e-05,1.5624223947525024,0.38462528586387634,-0.20369738340377808,-0.3049866259098053,317.4613342285156,297.7963562011719,203.7278594970703,-4.9286965804640204e-05,-8.47883929964155e-05,1.5623716115951538,0.0,0.0,0.0,0,0
1786183689.3800383,0.09894850999990012,APPROACH,BSPLINE,/home/eunseop/nrs_imitation/checkpoints/bspline/polishing/single_cam/20260808_0153,317.44342041015625,297.8358459472656,203.7269744873047,6.801004929002374e-05,-8.19058550405316e-05,1.5624464750289917,0.0016506349202245474,-0.5729544162750244,-0.2723178267478943,317.4665832519531,297.7952575683594,203.73123168945312,-5.957542089163326e-05,-9.550621325615793e-05,1.5623514652252197,0.0,0.0,0.0,0,0
1786183689.388038,0.10694825199607294,APPROACH,BSPLINE,/home/eunseop/nrs_imitation/checkpoints/bspline/polishing/single_cam/20260808_0153,317.4433898925781,297.8231506347656,203.72532653808594,1.3398177543422207e-05,-8.767117833485827e-05,1.5624582767486572,0.11685827374458313,-0.5579152703285217,-0.6436543464660645,317.4724426269531,297.7940368652344,203.73497009277344,-7.097610068740323e-05,-0.00010738267155829817,1.5623291730880737,0.0,0.0,0.0,0,0
1786183689.3960276,0.11493792300461791,APPROACH,BSPLINE,/home/eunseop/nrs_imitation/checkpoints/bspline/polishing/single_cam/20260808_0153,317.43701171875,297.8446960449219,203.7620849609375,6.96053248248063e-05,-0.00012424135638866574,1.5624582767486572,0.1236632689833641,-0.4493315815925598,-0.20748500525951385,317.4788818359375,297.7926940917969,203.73904418945312,-8.343106310348958e-05,-0.00012035742111038417,1.5623047351837158,0.0,0.0,0.0,0,0
1786183689.4040616,0.12297177899745293,APPROACH,BSPLINE,/home/eunseop/nrs_imitation/checkpoints/bspline/polishing/single_cam/20260808_0153,317.44805908203125,297.8218078613281,203.72283935546875,4.305622042011237e-06,-6.339536776067689e-05,1.5624463558197021,0.040891945362091064,-0.16935506463050842,-0.27756524085998535,317.48583984375,297.791259765625,203.7434844970703,-9.696073539089411e-05,-0.00013445172226056457,1.562278389930725,0.0,0.0,0.0,0,0
1786183689.4120648,0.13097509699582588,APPROACH,BSPLINE,/home/eunseop/nrs_imitation/checkpoints/bspline/polishing/single_cam/20260808_0153,317.4217529296875,297.8124084472656,203.71157836914062,6.488861981779337e-05,2.2278754840954207e-06,1.5624223947525024,0.21944449841976166,-0.527474045753479,-0.12490156292915344,317.49334716796875,297.7896728515625,203.74827575683594,-0.00011158415873069316,-0.00014968540926929563,1.5622496604919434,0.0,0.0,0.0,0,0
1786183689.4200358,0.13894612299918663,APPROACH,BSPLINE,/home/eunseop/nrs_imitation/checkpoints/bspline/polishing/single_cam/20260808_0153,317.4217529296875,297.8124084472656,203.71157836914062,6.488861981779337e-05,2.2278754840954207e-06,1.5624223947525024,0.07016777992248535,-0.03000069037079811,0.3322617709636688,317.5013427734375,297.78802490234375,203.75338745117188,-0.00012717171921394765,-0.0001659234840190038,1.5622191429138184,0.0,0.0,0.0,0,0
1786183689.427993,0.14690357299696188,APPROACH,BSPLINE,/home/eunseop/nrs_imitation/checkpoints/bspline/polishing/single_cam/20260808_0153,317.4340515136719,297.81500244140625,203.7113037109375,2.4560817109886557e-05,-4.168690793449059e-05,1.5625063180923462,0.30865898728370667,0.03464130684733391,0.020196838304400444,317.5098876953125,297.7862548828125,203.7588348388672,-0.0001437660539522767,-0.00018321034440305084,1.5621867179870605,0.0,0.0,0.0,0,0
1786183689.43605,0.15496033300587442,APPROACH,BSPLINE,/home/eunseop/nrs_imitation/checkpoints/bspline/polishing/single_cam/20260808_0153,317.42694091796875,297.810791015625,203.71334838867188,7.4144513746432494e-06,-3.3985244954237714e-05,1.5624468326568604,0.23434306681156158,-0.32524311542510986,-0.7435334920883179,317.5190124511719,297.7843017578125,203.76467895507812,-0.00016162429528776556,-0.0002018138620769605,1.5621516704559326,0.0,0.0,0.0,0,0
1786183689.444045,0.16295534500386566,APPROACH,BSPLINE,/home/eunseop/nrs_imitation/checkpoints/bspline/polishing/single_cam/20260808_0153,317.43896484375,297.82635498046875,203.73779296875,7.111795275704935e-05,-5.249734749668278e-05,1.5624583959579468,0.28548651933670044,-0.32390737533569336,-0.5789771676063538,317.5286560058594,297.7823181152344,203.77081298828125,-0.000180358299985528,-0.00022132968297228217,1.5621150732040405,0.0,0.0,0.0,0,0
1786183689.4520993,0.17100977100199088,APPROACH,BSPLINE,/home/eunseop/nrs_imitation/checkpoints/bspline/polishing/single_cam/20260808_0153,317.43896484375,297.82635498046875,203.73779296875,7.111795275704935e-05,-5.249734749668278e-05,1.5624583959579468,0.16563668847084045,-0.13173337280750275,0.4585411846637726,317.53887939453125,297.7801818847656,203.77731323242188,-0.0002002187684411183,-0.0002420189994154498,1.5620760917663574,0.0,0.0,0.0,0,0
1786183689.460164,0.17907459600246511,APPROACH,BSPLINE,/home/eunseop/nrs_imitation/checkpoints/bspline/polishing/single_cam/20260808_0153,317.46893310546875,297.8321838378906,203.7371826171875,5.894915830140235e-06,-0.0001057330664480105,1.5624583959579468,0.15639929473400116,-0.3328005075454712,0.07837563753128052,317.5496520996094,297.7779235839844,203.7841796875,-0.0002211692335549742,-0.00026384377270005643,1.562035083770752,0.0,0.0,0.0,0,0
1786183689.468138,0.18704832800722215,APPROACH,BSPLINE,/home/eunseop/nrs_imitation/checkpoints/bspline/polishing/single_cam/20260808_0153,317.44549560546875,297.81671142578125,203.72052001953125,3.365263546584174e-05,-6.596207822440192e-05,1.562434434890747,0.07981301844120026,0.26598504185676575,0.5572198033332825,317.56097412109375,297.7755432128906,203.79139709472656,-0.00024316986673511565,-0.0002867625735234469,1.5619921684265137,0.0,0.0,0.0,0,0
1786183689.47618,0.1950905700068688,APPROACH,BSPLINE,/home/eunseop/nrs_imitation/checkpoints/bspline/polishing/single_cam/20260808_0153,317.4306640625,297.83123779296875,203.74343872070312,7.7290584158618e-05,-0.0001066741460817866,1.5624228715896606,0.37354373931884766,-0.4074743986129761,-0.5467860102653503,317.5726623535156,297.7731018066406,203.79885864257812,-0.00026599137345328927,-0.00031053644488565624,1.5619473457336426,0.0,0.0,0.0,0,0
1786183689.4841688,0.20307916999445297,APPROACH,BSPLINE,/home/eunseop/nrs_imitation/checkpoints/bspline/polishing/single_cam/20260808_0153,317.432861328125,297.82440185546875,203.714111328125,5.891931141377427e-05,-5.7629185903351754e-05,1.5624463558197021,0.0754842534661293,0.07643947750329971,0.07300478965044022,317.58502197265625,297.7705383300781,203.8067169189453,-0.00028995133470743895,-0.00033549635554663837,1.5619006156921387,0.0,0.0,0.0,0,0
1786183689.4921246,0.21103512699482962,APPROACH,BSPLINE,/home/eunseop/nrs_imitation/checkpoints/bspline/polishing/single_cam/20260808_0153,317.43878173828125,297.81390380859375,203.71267700195312,4.1585732105886564e-05,-4.9432645027991384e-05,1.5624104738235474,0.02076493762433529,0.0007876555901020765,0.7557108402252197,317.59783935546875,297.7678527832031,203.8148956298828,-0.00031491578556597233,-0.00036150263622403145,1.5618516206741333,0.0,0.0,0.0,0,0
1786183689.500162,0.21907225900213234,APPROACH,BSPLINE,/home/eunseop/nrs_imitation/checkpoints/bspline/polishing/single_cam/20260808_0153,317.4312744140625,297.8206787109375,203.7174835205078,4.6225308324210346e-05,-6.181784556247294e-05,1.562434434890747,0.29338887333869934,-0.4752010107040405,-0.40818315744400024,317.61114501953125,297.7650451660156,203.82339477539062,-0.00034090771805495024,-0.0003885792684741318,1.5618007183074951,0.0,0.0,0.0,0,0
1786183689.5081196,0.2270300100062741,APPROACH,BSPLINE,/home/eunseop/nrs_imitation/checkpoints/bspline/polishing/single_cam/20260808_0153,317.4644470214844,297.8106689453125,203.72962951660156,-2.0590678104781546e-05,-7.271883077919483e-05,1.562434434890747,0.18386247754096985,-0.41300827264785767,-0.06436502933502197,317.62493896484375,297.76220703125,203.8321990966797,-0.00036770396400243044,-0.0004164937708992511,1.5617483854293823,0.0,0.0,0.0,0,0
1786183689.5162024,0.2351130400056718,APPROACH,BSPLINE,/home/eunseop/nrs_imitation/checkpoints/bspline/polishing/single_cam/20260808_0153,317.4364013671875,297.80914306640625,203.728759765625,7.557123171864077e-05,-6.438582931878045e-05,1.5623983144760132,0.21012726426124573,-0.5901669263839722,-0.4891272485256195,317.63946533203125,297.7591857910156,203.8414306640625,-0.000395943527109921,-0.0004459118645172566,1.5616929531097412,0.0,0.0,0.0,0,0
1786183689.524177,0.24308766299509443,APPROACH,BSPLINE,/home/eunseop/nrs_imitation/checkpoints/bspline/polishing/single_cam/20260808_0153,317.4497375488281,297.825439453125,203.72901916503906,1.3584176485892385e-05,-8.816609624773264e-05,1.5624228715896606,0.24485592544078827,-0.23959438502788544,0.1787242889404297,317.65435791015625,297.75604248046875,203.8509521484375,-0.0004249753546901047,-0.0004761552845593542,1.5616360902786255,0.0,0.0,0.0,0,0
1786183689.5321665,0.2510768840002129,APPROACH,BSPLINE,/home/eunseop/nrs_imitation/checkpoints/bspline/polishing/single_cam/20260808_0153,317.44647216796875,297.8183288574219,203.72372436523438,1.8408089090371504e-05,-0.00010104726970894262,1.562434434890747,0.31122639775276184,0.03532528132200241,0.17383596301078796,317.6697998046875,297.75286865234375,203.8607940673828,-0.0004549909208435565,-0.0005074234795756638,1.5615774393081665,0.0,0.0,0.0,0,0
1786183689.5402071,0.259117552996031,APPROACH,BSPLINE,/home/eunseop/nrs_imitation/checkpoints/bspline/polishing/single_cam/20260808_0153,317.4209899902344,297.798095703125,203.6898956298828,1.0459991244715638e-05,-4.033807272207923e-06,1.5624942779541016,0.34458422660827637,-0.6942957043647766,-0.6238078474998474,317.6857604980469,297.74951171875,203.87095642089844,-0.0004860353656113148,-0.0005397634813562036,1.5615166425704956,0.0,0.0,0.0,0,0
1786183689.5481765,0.2670872370072175,APPROACH,BSPLINE,/home/eunseop/nrs_imitation/checkpoints/bspline/polishing/single_cam/20260808_0153,317.4252624511719,297.8071594238281,203.6952362060547,-6.688304438284831e-06,3.6667388485511765e-06,1.5624823570251465,0.17602458596229553,-0.08825802057981491,0.024008428677916527,317.70220947265625,297.74609375,203.88145446777344,-0.0005180719890631735,-0.0005731369601562619,1.561453938484192,0.0,0.0,0.0,0,0
1786183689.5561624,0.2750729709950974,APPROACH,BSPLINE,/home/eunseop/nrs_imitation/checkpoints/bspline/polishing/single_cam/20260808_0153,317.43389892578125,297.7916564941406,203.68844604492188,1.8207136236014776e-05,1.2990142749913502e-05,1.562434434890747,0.2739606201648712,-0.3382366895675659,-0.33486828207969666,317.7192077636719,297.7425537109375,203.89227294921875,-0.0005510818446055055,-0.0006075245910324156,1.5613893270492554,0.0,0.0,0.0,0,0
1786183689.5641613,0.2830718000041088,APPROACH,BSPLINE,/home/eunseop/nrs_imitation/checkpoints/bspline/polishing/single_cam/20260808_0153,317.41668701171875,297.8123474121094,203.70623779296875,4.463265941012651e-05,-1.948124190676026e-05,1.5624823570251465,0.27956581115722656,-0.4710157811641693,-0.7537682056427002,317.7366943359375,297.7388916015625,203.90341186523438,-0.0005850930465385318,-0.0006429551285691559,1.561322808265686,0.0,0.0,0.0,0,0
1786183689.5721576,0.29106819500157144,APPROACH,BSPLINE,/home/eunseop/nrs_imitation/checkpoints/bspline/polishing/single_cam/20260808_0153,317.4198303222656,297.81866455078125,203.710205078125,1.046009492711164e-05,-4.033487130072899e-06,1.562482237815857,0.4099886119365692,-0.2084507793188095,0.7578701972961426,317.754638671875,297.7351379394531,203.9148712158203,-0.0006200826028361917,-0.000679404940456152,1.5612542629241943,0.0,0.0,0.0,0,0
1786183689.58021,0.2991205760044977,APPROACH,BSPLINE,/home/eunseop/nrs_imitation/checkpoints/bspline/polishing/single_cam/20260808_0153,317.4256591796875,297.8082275390625,203.70623779296875,1.973759754037019e-05,-2.880491956602782e-05,1.5624703168869019,0.45798125863075256,-0.27139952778816223,-0.0936167985200882,317.773193359375,297.73126220703125,203.9266815185547,-0.0006561250193044543,-0.0007169514428824186,1.5611836910247803,0.0,0.0,0.0,0,0
1786183689.5881667,0.30707727500703186,APPROACH,BSPLINE,/home/eunseop/nrs_imitation/checkpoints/bspline/polishing/single_cam/20260808_0153,317.43988037109375,297.82781982421875,203.72901916503906,5.0862538046203554e-05,-7.42048432584852e-05,1.5624583959579468,0.38983801007270813,-0.25621843338012695,-0.4282357096672058,317.79217529296875,297.727294921875,203.93878173828125,-0.0006930564413778484,-0.0007554240874014795,1.5611114501953125,0.0,0.0,0.0,0,0
1786183689.5961626,0.31507304799742997,APPROACH,BSPLINE,/home/eunseop/nrs_imitation/checkpoints/bspline/polishing/single_cam/20260808_0153,317.4280700683594,297.802001953125,203.713623046875,1.0459972145326901e-05,-4.033654931845376e-06,1.5624463558197021,0.3300749361515045,-0.1875532567501068,-0.21059823036193848,317.8116455078125,297.7232360839844,203.9512176513672,-0.0007309855427592993,-0.0007949361461214721,1.5610370635986328,0.0,0.0,0.0,0,0
1786183689.6042104,0.32312095099769067,APPROACH,BSPLINE,/home/eunseop/nrs_imitation/checkpoints/bspline/polishing/single_cam/20260808_0153,317.4329528808594,297.8122253417969,203.7099151611328,7.41366693546297e-06,-3.398552871658467e-05,1.5624703168869019,0.38658592104911804,-0.2399422824382782,-0.13436676561832428,317.8316955566406,297.71905517578125,203.9639892578125,-0.0007699533016420901,-0.0008355300524272025,1.5609608888626099,0.0,0.0,0.0,0,0
1786183689.6121824,0.33109284899546765,APPROACH,BSPLINE,/home/eunseop/nrs_imitation/checkpoints/bspline/polishing/single_cam/20260808_0153,317.4067077636719,297.8254089355469,203.6966094970703,3.5355278669158e-05,5.290768058330286e-06,1.5625183582305908,0.3534001111984253,-0.1867009997367859,-0.3686147928237915,317.8521728515625,297.71478271484375,203.97703552246094,-0.0008098081452772021,-0.0008770481799729168,1.560882806777954,0.0,0.0,0.0,0,0
1786183689.6201687,0.3390791340061696,APPROACH,BSPLINE,/home/eunseop/nrs_imitation/checkpoints/bspline/polishing/single_cam/20260808_0153,317.4568786621094,297.8178405761719,203.72901916503906,1.3581575331045315e-05,-8.81666419445537e-05,1.562434434890747,0.29357051849365234,-0.2232884168624878,-0.2254621833562851,317.8731384277344,297.71038818359375,203.9904022216797,-0.0008506366284564137,-0.0009195805760100484,1.5608028173446655,0.0,0.0,0.0,0,0
1786183689.628165,0.3470755690068472,APPROACH,BSPLINE,/home/eunseop/nrs_imitation/checkpoints/bspline/polishing/single_cam/20260808_0153,317.4857177734375,297.81005859375,203.72955322265625,-4.5486103772418573e-05,-8.20416389615275e-05,1.5623983144760132,0.290589302778244,-0.45094549655914307,-0.49708160758018494,317.8946228027344,297.7059020996094,204.00411987304688,-0.0008924608118832111,-0.000963150174356997,1.5607209205627441,0.0,0.0,0.0,0,0
1786183689.6361585,0.3550690779957222,APPROACH,BSPLINE,/home/eunseop/nrs_imitation/checkpoints/bspline/polishing/single_cam/20260808_0153,317.4309997558594,297.8200988769531,203.6987762451172,4.140022792853415e-05,-4.89378726342693e-05,1.5624704360961914,0.300218403339386,-0.20921804010868073,0.0004641904670279473,317.9166259765625,297.7013244628906,204.01812744140625,-0.00093522306997329,-0.001007696962915361,1.5606372356414795,0.0,0.0,0.0,0,0
1786183689.644866,0.36377652399824,APPROACH,BSPLINE,/home/eunseop/nrs_imitation/checkpoints/bspline/polishing/single_cam/20260808_0153,317.4317932128906,297.8337097167969,203.72901916503906,6.337323429761454e-05,-6.951863906579092e-05,1.5624463558197021,0.39272966980934143,-0.3930741548538208,-0.3165907561779022,317.9412536621094,297.6961669921875,204.03384399414062,-0.0009831927018240094,-0.0010576685890555382,1.5605432987213135,0.0,0.0,0.0,0,0
1786183689.6521509,0.3710614860028727,APPROACH,BSPLINE,/home/eunseop/nrs_imitation/checkpoints/bspline/polishing/single_cam/20260808_0153,317.4439697265625,297.824951171875,203.73382568359375,4.311589145800099e-05,-9.122869232669473e-05,1.5624463558197021,0.13204865157604218,-0.4583965837955475,-0.17719265818595886,317.96197509765625,297.69183349609375,204.0470428466797,-0.0010234999936074018,-0.0010996578494086862,1.5604645013809204,0.0,0.0,0.0,0,0
1786183689.6601171,0.37902784399921075,APPROACH,BSPLINE,/home/eunseop/nrs_imitation/checkpoints/bspline/polishing/single_cam/20260808_0153,317.4495544433594,297.7900390625,203.69943237304688,-1.7668244254309684e-05,-4.281348446966149e-05,1.5624583959579468,-0.09097588062286377,-0.048845041543245316,-0.28507155179977417,317.98541259765625,297.68695068359375,204.06198120117188,-0.0010690864874050021,-0.001147146918810904,1.5603752136230469,0.0,0.0,0.0,0,0
1786183689.6690288,0.38793928899394814,APPROACH,BSPLINE,/home/eunseop/nrs_imitation/checkpoints/bspline/polishing/single_cam/20260808_0153,317.4379577636719,297.823486328125,203.72532653808594,3.829102570307441e-05,-7.834859570721164e-05,1.5624943971633911,0.5422651171684265,-0.04393512383103371,0.1429533213376999,318.0122375488281,297.6813659667969,204.07908630371094,-0.0011213046964257956,-0.0012015443062409759,1.5602729320526123,0.0,0.0,0.0,0,0
1786183689.6761189,0.3950293090019841,APPROACH,BSPLINE,/home/eunseop/nrs_imitation/checkpoints/bspline/polishing/single_cam/20260808_0153,317.4431457519531,297.8001708984375,203.72091674804688,4.6223522076616064e-05,-6.181855133036152e-05,1.562386393547058,0.22655880451202393,-0.32013392448425293,-0.258456826210022,318.03375244140625,297.6768798828125,204.09280395507812,-0.0011631465749815106,-0.001245132414624095,1.5601911544799805,0.0,0.0,0.0,0,0
1786183689.6841702,0.4030807990056928,APPROACH,BSPLINE,/home/eunseop/nrs_imitation/checkpoints/bspline/polishing/single_cam/20260808_0153,317.4533386230469,297.8218994140625,203.74972534179688,2.6152301870752126e-05,-8.402380626648664e-05,1.5624464750289917,0.047514937818050385,-0.19554224610328674,0.0023599329870194197,318.0587463378906,297.6716613769531,204.1087188720703,-0.0012117479927837849,-0.0012957621365785599,1.5600959062576294,0.0,0.0,0.0,0,0
1786183689.6920388,0.4109490580012789,APPROACH,BSPLINE,/home/eunseop/nrs_imitation/checkpoints/bspline/polishing/single_cam/20260808_0153,317.435546875,297.8299865722656,203.7435302734375,4.1772014810703695e-05,-4.992773028789088e-05,1.562434434890747,0.38250869512557983,-0.27396801114082336,-0.4498148560523987,318.083984375,297.6663818359375,204.12481689453125,-0.001260874792933464,-0.0013469390105456114,1.5599998235702515,0.0,0.0,0.0,0,0
1786183689.700076,0.418986381002469,APPROACH,BSPLINE,/home/eunseop/nrs_imitation/checkpoints/bspline/polishing/single_cam/20260808_0153,317.44769287109375,297.82098388671875,203.72764587402344,8.943519787862897e-06,-7.578131044283509e-05,1.5624704360961914,0.0946989431977272,-0.36483463644981384,0.23127973079681396,318.1098327636719,297.6609802246094,204.14132690429688,-0.0013112571323290467,-0.0013994240434840322,1.5599011182785034,0.0,0.0,0.0,0,0
1786183689.70811,0.4270206890068948,APPROACH,BSPLINE,/home/eunseop/nrs_imitation/checkpoints/bspline/polishing/single_cam/20260808_0153,317.42840576171875,297.7911071777344,203.69668579101562,1.0459916666150093e-05,-4.0338504732062574e-06,1.5624583959579468,0.21649223566055298,-0.4219842255115509,-0.4641532301902771,318.1361999511719,297.65545654296875,204.15809631347656,-0.0013625031569972634,-0.0014528086176142097,1.5598007440567017,0.0,0.0,0.0,0,0
1786183689.7160583,0.434968771005515,APPROACH,BSPLINE,/home/eunseop/nrs_imitation/checkpoints/bspline/polishing/single_cam/20260808_0153,317.4281005859375,297.8140869140625,203.69744873046875,4.945650289300829e-05,-3.2362477213609964e-05,1.5624463558197021,0.323360413312912,-0.3147004246711731,0.1326024830341339,318.1629943847656,297.64990234375,204.17518615722656,-0.0014146347530186176,-0.0015071157831698656,1.5596988201141357,0.0,0.0,0.0,0,0
1786183689.7241998,0.44311020300665405,APPROACH,BSPLINE,/home/eunseop/nrs_imitation/checkpoints/bspline/polishing/single_cam/20260808_0153,317.4441833496094,297.8138732910156,203.72145080566406,2.4561286409152672e-05,-4.1685991163831204e-05,1.5624223947525024,0.57515949010849,-0.3898684084415436,-0.06184156984090805,318.1904296875,297.6441955566406,204.19268798828125,-0.0014680282911285758,-0.0015627376269549131,1.5595942735671997,0.0,0.0,0.0,0,0
1786183689.732191,0.4511014180025086,APPROACH,BSPLINE,/home/eunseop/nrs_imitation/checkpoints/bspline/polishing/single_cam/20260808_0153,317.4422912597656,297.8212890625,203.72764587402344,3.38375975843519e-05,-6.645834218943492e-05,1.5624823570251465,0.19528931379318237,-0.05344570428133011,-0.08193006366491318,318.2181396484375,297.6383972167969,204.2103271484375,-0.0015218935441225767,-0.0016188508598133922,1.5594888925552368,0.0,0.0,0.0,0,0
1786183689.7400558,0.4589663000078872,APPROACH,BSPLINE,/home/eunseop/nrs_imitation/checkpoints/bspline/polishing/single_cam/20260808_0153,317.4396667480469,297.8150329589844,203.71775817871094,-5.187148417462595e-07,-5.051452535553835e-05,1.5624703168869019,0.21800777316093445,-0.36673587560653687,-0.28098827600479126,318.2462463378906,297.6325378417969,204.22825622558594,-0.0015766009455546737,-0.0016758411657065153,1.5593817234039307,0.0,0.0,0.0,0,0
1786183689.7482684,0.4671788590057986,APPROACH,BSPLINE,/home/eunseop/nrs_imitation/checkpoints/bspline/polishing/single_cam/20260808_0153,317.4485778808594,297.8115539550781,203.73304748535156,1.6689145923010074e-05,-5.875738133909181e-05,1.5624704360961914,0.2690863609313965,-0.11426188796758652,-0.4889205992221832,318.2751770019531,297.62646484375,204.2467041015625,-0.0016329254722222686,-0.0017345164669677615,1.5592714548110962,0.0,0.0,0.0,0,0
1786183689.7562308,0.4751413780031726,APPROACH,BSPLINE,/home/eunseop/nrs_imitation/checkpoints/bspline/polishing/single_cam/20260808_0153,317.4512939453125,297.8053283691406,203.7296905517578,-8.205480298784096e-06,-6.80805605952628e-05,1.5624703168869019,0.1733613908290863,-0.19826970994472504,-0.3131474256515503,318.3042907714844,297.6203918457031,204.26527404785156,-0.00168956583365798,-0.0017935204086825252,1.5591604709625244,0.0,0.0,0.0,0,0
1786183689.7642202,0.4831305389961926,APPROACH,BSPLINE,/home/eunseop/nrs_imitation/checkpoints/bspline/polishing/single_cam/20260808_0153,317.4101257324219,297.83294677734375,203.71775817871094,6.165765080368146e-05,-2.722712088143453e-05,1.5624942779541016,0.30932754278182983,-0.10681232810020447,0.03981377184391022,318.3338928222656,297.61419677734375,204.28416442871094,-0.0017472056206315756,-0.0018535656854510307,1.5590476989746094,0.0,0.0,0.0,0,0
1786183689.7721958,0.49110642400046345,APPROACH,BSPLINE,/home/eunseop/nrs_imitation/checkpoints/bspline/polishing/single_cam/20260808_0153,317.45477294921875,297.78961181640625,203.6898193359375,-3.933102561859414e-05,-2.268021307827439e-05,1.5624704360961914,0.53300940990448,-0.3566800057888031,-0.4038078188896179,318.36395263671875,297.6079406738281,204.30331420898438,-0.0018056734697893262,-0.0019144735997542739,1.558933138847351,0.0,0.0,0.0,0,0
1786183689.7809834,0.49989396300225053,APPROACH,BSPLINE,/home/eunseop/nrs_imitation/checkpoints/bspline/polishing/single_cam/20260808_0153,317.4447326660156,297.8268737792969,203.7329864501953,4.1585732105886564e-05,-4.9432645027991384e-05,1.5624104738235474,0.030971786007285118,-0.4588784873485565,-0.09161312133073807,318.3978271484375,297.60089111328125,204.32489013671875,-0.001871578162536025,-0.001983128720894456,1.5588041543960571,0.0,0.0,0.0,0,0
1786183689.7881732,0.5070838240062585,APPROACH,BSPLINE,/home/eunseop/nrs_imitation/checkpoints/bspline/polishing/single_cam/20260808_0153,317.45635986328125,297.80511474609375,203.71434020996094,-5.202268198445381e-07,-5.051426342106424e-05,1.562434434890747,0.30411645770072937,-0.46889790892601013,-0.1844431310892105,318.42547607421875,297.5951232910156,204.342529296875,-0.0019253826467320323,-0.002039178740233183,1.5586987733840942,0.0,0.0,0.0,0,0
1786183689.7961135,0.5150238710048143,APPROACH,BSPLINE,/home/eunseop/nrs_imitation/checkpoints/bspline/polishing/single_cam/20260808_0153,317.4395446777344,297.79217529296875,203.72296142578125,2.919870166806504e-05,-5.407246862887405e-05,1.5624463558197021,0.23112599551677704,-0.4159608483314514,-0.3873859941959381,318.45684814453125,297.5885314941406,204.36251831054688,-0.001986392308026552,-0.0021027340553700924,1.558579444885254,0.0,0.0,0.0,0,0
1786183689.8041835,0.5230942070047604,APPROACH,BSPLINE,/home/eunseop/nrs_imitation/checkpoints/bspline/polishing/single_cam/20260808_0153,317.4416809082031,297.83160400390625,203.73779296875,3.383839793968946e-05,-6.645793473580852e-05,1.5624823570251465,0.16138792037963867,-0.4733492136001587,-0.6476948857307434,318.48883056640625,297.5818786621094,204.38290405273438,-0.002048612805083394,-0.002167551312595606,1.558457612991333,0.0,0.0,0.0,0,0
1786183689.8121722,0.5310827360081021,APPROACH,BSPLINE,/home/eunseop/nrs_imitation/checkpoints/bspline/polishing/single_cam/20260808_0153,317.44757080078125,297.8093566894531,203.7239532470703,2.1143130652490072e-05,-7.064701640047133e-05,1.562434434890747,0.32933923602104187,-0.40655967593193054,0.19973212480545044,318.521240234375,297.57513427734375,204.40357971191406,-0.0021117269061505795,-0.002233299659565091,1.5583341121673584,0.0,0.0,0.0,0,0
1786183689.8201792,0.5390897010074696,APPROACH,BSPLINE,/home/eunseop/nrs_imitation/checkpoints/bspline/polishing/single_cam/20260808_0153,317.44805908203125,297.8096923828125,203.7161102294922,-2.0590412532328628e-05,-7.271954382304102e-05,1.5624942779541016,0.3089716136455536,-0.370532363653183,-0.5253068208694458,318.5540771484375,297.5682678222656,204.4245147705078,-0.0021756375208497047,-0.0022998773492872715,1.55820894241333,0.0,0.0,0.0,0,0
1786183689.8281672,0.547077690003789,APPROACH,BSPLINE,/home/eunseop/nrs_imitation/checkpoints/bspline/polishing/single_cam/20260808_0153,317.44281005859375,297.8110656738281,203.73785400390625,4.6223969548009336e-05,-6.181837670737877e-05,1.5623984336853027,-0.011913075111806393,-0.5219513177871704,-0.6510778069496155,318.58734130859375,297.5613098144531,204.4457244873047,-0.0022403192706406116,-0.0023672585375607014,1.5580823421478271,0.0,0.0,0.0,0,0
1786183689.8361611,0.5550715389981633,APPROACH,BSPLINE,/home/eunseop/nrs_imitation/checkpoints/bspline/polishing/single_cam/20260808_0153,317.4526672363281,297.8086853027344,203.73785400390625,8.943466127675492e-06,-7.578081567771733e-05,1.5624223947525024,0.4295772612094879,-0.5899627208709717,-0.29140064120292664,318.62103271484375,297.55426025390625,204.46719360351562,-0.0023059311788529158,-0.0024356083013117313,1.5579538345336914,0.0,0.0,0.0,0,0
1786183689.8441744,0.5630848260043422,APPROACH,BSPLINE,/home/eunseop/nrs_imitation/checkpoints/bspline/polishing/single_cam/20260808_0153,317.4291687011719,297.8392333984375,203.72901916503906,5.086448436486535e-05,-7.42038682801649e-05,1.5624823570251465,0.20796924829483032,-0.2618248164653778,-0.19856949150562286,318.65521240234375,297.5471496582031,204.48898315429688,-0.002372395247220993,-0.002504846081137657,1.5578237771987915,0.0,0.0,0.0,0,0
1786183689.8520594,0.5709697370039066,APPROACH,BSPLINE,/home/eunseop/nrs_imitation/checkpoints/bspline/polishing/single_cam/20260808_0153,317.4361267089844,297.82000732421875,203.72532653808594,6.31860239082016e-05,-6.902473251102492e-05,1.5624464750289917,0.1925220787525177,-0.3287048935890198,-0.030344167724251747,318.6895751953125,297.53997802734375,204.51089477539062,-0.0024392942432314157,-0.0025745369493961334,1.5576928853988647,0.0,0.0,0.0,0,0
1786183689.860119,0.5790297229978023,APPROACH,BSPLINE,/home/eunseop/nrs_imitation/checkpoints/bspline/polishing/single_cam/20260808_0153,317.4599304199219,297.7892150878906,203.71250915527344,-4.3783289584098384e-05,-1.079055255104322e-05,1.5624103546142578,0.374105840921402,-0.18149778246879578,0.23177698254585266,318.72467041015625,297.5326232910156,204.53326416015625,-0.002507600001990795,-0.002645693486556411,1.5575590133666992,0.0,0.0,0.0,0,0
1786183689.8681002,0.5870153480063891,APPROACH,BSPLINE,/home/eunseop/nrs_imitation/checkpoints/bspline/polishing/single_cam/20260808_0153,317.429931640625,297.8293151855469,203.7372589111328,5.550189598579891e-05,-8.659062586957589e-05,1.5624942779541016,0.08894789218902588,-0.3785054087638855,0.15968313813209534,318.7601623535156,297.5252380371094,204.55589294433594,-0.002576634753495455,-0.0027176090516149998,1.5574238300323486,0.0,0.0,0.0,0,0
1786183689.8760478,0.5949581299937563,APPROACH,BSPLINE,/home/eunseop/nrs_imitation/checkpoints/bspline/polishing/single_cam/20260808_0153,317.446044921875,297.8296813964844,203.7439727783203,5.5500928283436224e-05,-8.659024751977995e-05,1.562434434890747,0.18261295557022095,-0.19072604179382324,-0.005132702644914389,318.7959899902344,297.51776123046875,204.57875061035156,-0.002646384760737419,-0.0027902701403945684,1.5572874546051025,0.0,0.0,0.0,0,0
1786183689.884025,0.602935486997012,APPROACH,BSPLINE,/home/eunseop/nrs_imitation/checkpoints/bspline/polishing/single_cam/20260808_0153,317.43780517578125,297.8227844238281,203.70982360839844,3.06081710732542e-05,-9.591331763658673e-05,1.5624582767486572,0.17796896398067474,-0.10349096357822418,-0.20766624808311462,318.8323669433594,297.5101623535156,204.60191345214844,-0.0027170884422957897,-0.002863924251869321,1.557149052619934,0.0,0.0,0.0,0,0
1786183689.8920865,0.6109968969976762,APPROACH,BSPLINE,/home/eunseop/nrs_imitation/checkpoints/bspline/polishing/single_cam/20260808_0153,317.4400329589844,297.8161315917969,203.728759765625,2.578139174147509e-05,-8.303349750349298e-05,1.5624943971633911,0.17834438383579254,-0.26902860403060913,-0.10147728025913239,318.8692321777344,297.5024719238281,204.62542724609375,-0.0027888400945812464,-0.0029386705718934536,1.5570085048675537,0.0,0.0,0.0,0,0
1786183689.9000828,0.6189934720023302,APPROACH,BSPLINE,/home/eunseop/nrs_imitation/checkpoints/bspline/polishing/single_cam/20260808_0153,317.44921875,297.8011779785156,203.732177734375,1.3394520465226378e-05,-8.767188410274684e-05,1.5624704360961914,0.20284327864646912,-0.13032616674900055,-0.20498217642307281,318.90643310546875,297.49468994140625,204.64913940429688,-0.0028612741734832525,-0.0030141270253807306,1.5568666458129883,0.0,0.0,0.0,0,0
1786183689.9081588,0.6270692880061688,APPROACH,BSPLINE,/home/eunseop/nrs_imitation/checkpoints/bspline/polishing/single_cam/20260808_0153,317.4570007324219,297.8291320800781,203.75360107421875,2.605309191494598e-06,-0.0001346474455203861,1.5624582767486572,-0.008229956962168217,-0.5249641537666321,-0.3136287033557892,318.94427490234375,297.4867858886719,204.67327880859375,-0.002934923628345132,-0.0030908500775694847,1.5567224025726318,0.0,0.0,0.0,0,0
1786183689.916048,0.6349585879943334,APPROACH,BSPLINE,/home/eunseop/nrs_imitation/checkpoints/bspline/polishing/single_cam/20260808_0153,317.4353332519531,297.8287353515625,203.72145080566406,-3.319407824164955e-07,-5.1009956223424524e-05,1.5624703168869019,0.01551724411547184,-0.09376262128353119,0.1597260981798172,318.98211669921875,297.4789123535156,204.69740295410156,-0.003008532105013728,-0.003167530754581094,1.556578516960144,0.0,0.0,0.0,0,0
1786183689.9241164,0.6430270099954214,APPROACH,BSPLINE,/home/eunseop/nrs_imitation/checkpoints/bspline/polishing/single_cam/20260808_0153,317.4314880371094,297.78594970703125,203.70921325683594,-6.502668838948011e-06,3.1713714179204544e-06,1.5624343156814575,0.1758032888174057,-0.0041978973895311356,0.16863267123699188,319.020751953125,297.4708557128906,204.72201538085938,-0.003083667252212763,-0.003245801664888859,1.5564312934875488,0.0,0.0,0.0,0,0
1786183689.9320967,0.6510072240052978,APPROACH,BSPLINE,/home/eunseop/nrs_imitation/checkpoints/bspline/polishing/single_cam/20260808_0153,317.4482727050781,297.8218994140625,203.72052001953125,-3.751575832211529e-06,-7.997117063496262e-05,1.5624942779541016,0.34351682662963867,-0.4272051453590393,-0.2860490679740906,319.0596923828125,297.46270751953125,204.74684143066406,-0.00315942894667387,-0.0033247247338294983,1.5562831163406372,0.0,0.0,0.0,0,0
1786183689.9400923,0.6590027869970072,APPROACH,BSPLINE,/home/eunseop/nrs_imitation/checkpoints/bspline/polishing/single_cam/20260808_0153,317.4261169433594,297.7983703613281,203.71104431152344,6.165594822959974e-05,-2.7229898478253745e-05,1.5624463558197021,-0.029872076585888863,-0.3020324409008026,0.38631367683410645,319.0990295410156,297.4544982910156,204.77191162109375,-0.0032360018230974674,-0.0034044934436678886,1.5561331510543823,0.0,0.0,0.0,0,0
1786183689.948138,0.6670483350026188,APPROACH,BSPLINE,/home/eunseop/nrs_imitation/checkpoints/bspline/polishing/single_cam/20260808_0153,317.410888671875,297.8233947753906,203.70510864257812,6.507456419058144e-05,1.73323849139706e-06,1.5624703168869019,0.21434113383293152,-0.3284481167793274,-0.4158174395561218,319.13885498046875,297.4461975097656,204.79730224609375,-0.003313496010378003,-0.0034852216485887766,1.5559813976287842,0.0,0.0,0.0,0,0
1786183689.9561145,0.675024812007905,APPROACH,BSPLINE,/home/eunseop/nrs_imitation/checkpoints/bspline/polishing/single_cam/20260808_0153,317.4369201660156,297.8334655761719,203.7136688232422,7.093284511938691e-05,-5.2001571020809934e-05,1.5624704360961914,0.2040901482105255,-0.29691770672798157,0.4326958954334259,319.17919921875,297.4377746582031,204.8230438232422,-0.0033919981215149164,-0.0035669996868819,1.5558277368545532,0.0,0.0,0.0,0,0
1786183689.9640386,0.6829489780066069,APPROACH,BSPLINE,/home/eunseop/nrs_imitation/checkpoints/bspline/polishing/single_cam/20260808_0153,317.4369201660156,297.8334655761719,203.7136688232422,7.093284511938691e-05,-5.2001571020809934e-05,1.5624704360961914,0.3485834002494812,-0.15022054314613342,0.48468759655952454,319.2195129394531,297.4293212890625,204.84873962402344,-0.0034704606514424086,-0.00364873674698174,1.5556740760803223,0.0,0.0,0.0,0,0
1786183689.9720855,0.6909960100019816,APPROACH,BSPLINE,/home/eunseop/nrs_imitation/checkpoints/bspline/polishing/single_cam/20260808_0153,317.4366760253906,297.8206787109375,203.71434020996094,2.4376107830903493e-05,-4.1190622141584754e-05,1.5624583959579468,0.2911866307258606,-0.044208355247974396,0.20392322540283203,319.2606201171875,297.4207458496094,204.8749542236328,-0.003550461493432522,-0.003732076147571206,1.5555174350738525,0.0,0.0,0.0,0,0
1786183689.9801195,0.6990299059980316,APPROACH,BSPLINE,/home/eunseop/nrs_imitation/checkpoints/bspline/polishing/single_cam/20260808_0153,317.43597412109375,297.80755615234375,203.6931915283203,1.045993030857062e-05,-4.033711320516886e-06,1.5624343156814575,0.2637215256690979,-0.5753340721130371,-0.19151295721530914,319.3021545410156,297.412109375,204.9014129638672,-0.0036312423180788755,-0.003816228359937668,1.5553594827651978,0.0,0.0,0.0,0,0
1786183689.9880385,0.7069489020068431,APPROACH,BSPLINE,/home/eunseop/nrs_imitation/checkpoints/bspline/polishing/single_cam/20260808_0153,317.4337158203125,297.8144226074219,203.72488403320312,3.694684346555732e-05,-3.704777918756008e-05,1.5624583959579468,0.33727216720581055,-0.0623963288962841,0.28821587562561035,319.34393310546875,297.40338134765625,204.9280548095703,-0.0037125409580767155,-0.0039009195752441883,1.555200219154358,0.0,0.0,0.0,0,0
1786183689.9961214,0.715031972998986,APPROACH,BSPLINE,/home/eunseop/nrs_imitation/checkpoints/bspline/polishing/single_cam/20260808_0153,317.4608154296875,297.8260192871094,203.7510986328125,5.896803031646414e-06,-0.00010573278268566355,1.5624463558197021,0.1851900815963745,-0.30042850971221924,0.08603997528553009,319.38629150390625,297.39453125,204.95506286621094,-0.003794953925535083,-0.003986772149801254,1.5550389289855957,0.0,0.0,0.0,0,0
1786183690.0040362,0.7229463800031226,APPROACH,BSPLINE,/home/eunseop/nrs_imitation/checkpoints/bspline/polishing/single_cam/20260808_0153,317.4488220214844,297.8234558105469,203.71322631835938,-4.9719401431502774e-06,-3.8624199078185484e-05,1.5624463558197021,0.19688239693641663,-0.4077695608139038,-0.1596192568540573,319.42889404296875,297.3856201171875,204.9822235107422,-0.0038778805173933506,-0.004073159769177437,1.5548765659332275,0.0,0.0,0.0,0,0
1786183690.012052,0.7309622619941365,APPROACH,BSPLINE,/home/eunseop/nrs_imitation/checkpoints/bspline/polishing/single_cam/20260808_0153,317.4335021972656,297.8255615234375,203.72532653808594,5.06764481542632e-05,-7.371050014626235e-05,1.5625063180923462,0.16981898248195648,-0.3746671974658966,-0.056792404502630234,319.47198486328125,297.3766784667969,205.0096893310547,-0.003961717244237661,-0.004160494543612003,1.5547124147415161,0.0,0.0,0.0,0,0
1786183690.0199943,0.7389047040051082,APPROACH,BSPLINE,/home/eunseop/nrs_imitation/checkpoints/bspline/polishing/single_cam/20260808_0153,317.44781494140625,297.8096618652344,203.72686767578125,-4.9721643335942645e-06,-3.86241044907365e-05,1.5624343156814575,0.2142387479543686,-0.18307508528232574,0.2311805635690689,319.5152587890625,297.36761474609375,205.0372772216797,-0.004045925103127956,-0.004248217213898897,1.5545475482940674,0.0,0.0,0.0,0,0
1786183690.028145,0.7470558140048524,APPROACH,BSPLINE,/home/eunseop/nrs_imitation/checkpoints/bspline/polishing/single_cam/20260808_0153,317.41632080078125,297.82330322265625,203.72091674804688,7.11198736098595e-05,-5.249547029961832e-05,1.5624942779541016,0.0920959860086441,-0.5877785086631775,-0.493543803691864,319.5595703125,297.3583679199219,205.06552124023438,-0.004132144618779421,-0.004338034428656101,1.5543787479400635,0.0,0.0,0.0,0,0
1786183690.036075,0.7549853910022648,APPROACH,BSPLINE,/home/eunseop/nrs_imitation/checkpoints/bspline/polishing/single_cam/20260808_0153,317.431884765625,297.79888916015625,203.70623779296875,3.212263254681602e-05,-2.4166582079487853e-05,1.562434434890747,0.3377677798271179,-0.21965448558330536,0.5203285217285156,319.60382080078125,297.3491516113281,205.09371948242188,-0.004218210466206074,-0.004427691921591759,1.5542103052139282,0.0,0.0,0.0,0,0
1786183690.0441258,0.763036229996942,APPROACH,BSPLINE,/home/eunseop/nrs_imitation/checkpoints/bspline/polishing/single_cam/20260808_0153,317.4527587890625,297.8210144042969,203.73045349121094,5.568394408328459e-05,-8.708748646313325e-05,1.5624463558197021,0.34715867042541504,-0.24896563589572906,0.12527571618556976,319.6484069824219,297.33984375,205.1221466064453,-0.004304989706724882,-0.004518093075603247,1.5540404319763184,0.0,0.0,0.0,0,0
1786183690.0522094,0.7711199810000835,APPROACH,BSPLINE,/home/eunseop/nrs_imitation/checkpoints/bspline/polishing/single_cam/20260808_0153,317.4476013183594,297.8089294433594,203.7412872314453,-3.565037332009524e-06,-8.046612492762506e-05,1.5624463558197021,0.03882475197315216,0.11495286971330643,-0.0316925086081028,319.69384765625,297.330322265625,205.15113830566406,-0.004393467679619789,-0.004610263276845217,1.553867220878601,0.0,0.0,0.0,0,0
1786183690.0601957,0.7791061860043555,APPROACH,BSPLINE,/home/eunseop/nrs_imitation/checkpoints/bspline/polishing/single_cam/20260808_0153,317.4178161621094,297.8150634765625,203.7195281982422,6.648073031101376e-05,-4.01105462515261e-05,1.5624943971633911,0.21103860437870026,-0.14668183028697968,0.06420958787202835,319.7392883300781,297.32086181640625,205.1800994873047,-0.0044818175956606865,-0.004702300298959017,1.553694248199463,0.0,0.0,0.0,0,0
1786183690.0681634,0.7870738759957021,APPROACH,BSPLINE,/home/eunseop/nrs_imitation/checkpoints/bspline/polishing/single_cam/20260808_0153,317.4537658691406,297.7876281738281,203.71334838867188,-1.748294016579166e-05,-4.330873707658611e-05,1.5624463558197021,0.46327292919158936,-0.32146915793418884,-0.5261695384979248,319.7851867675781,297.311279296875,205.20936584472656,-0.004571159370243549,-0.004795370623469353,1.553519368171692,0.0,0.0,0.0,0,0
1786183690.076159,0.7950694089959143,APPROACH,BSPLINE,/home/eunseop/nrs_imitation/checkpoints/bspline/polishing/single_cam/20260808_0153,317.44000244140625,297.80389404296875,203.6850128173828,-3.1583465897710994e-05,-5.657024757965701e-06,1.5624823570251465,0.3297993838787079,-0.3534935414791107,-0.41750940680503845,319.83148193359375,297.3016052246094,205.23887634277344,-0.004661251325160265,-0.004889222327619791,1.5533429384231567,0.0,0.0,0.0,0,0
1786183690.084218,0.8031288040074287,APPROACH,BSPLINE,/home/eunseop/nrs_imitation/checkpoints/bspline/polishing/single_cam/20260808_0153,317.4189453125,297.8175354003906,203.6931915283203,4.774099579663016e-05,9.928265171765815e-06,1.5624823570251465,0.4342452585697174,-0.3488220274448395,-0.2208622694015503,319.8782653808594,297.2918701171875,205.2686767578125,-0.004752222448587418,-0.004983989987522364,1.5531648397445679,0.0,0.0,0.0,0,0
1786183690.0921743,0.8110848820069805,APPROACH,BSPLINE,/home/eunseop/nrs_imitation/checkpoints/bspline/polishing/single_cam/20260808_0153,317.4333190917969,297.860107421875,203.77163696289062,9.13935000426136e-05,-0.00014432694297283888,1.5624703168869019,0.17982377111911774,-0.2715727984905243,-0.40196850895881653,319.92523193359375,297.28204345703125,205.2986297607422,-0.004843657836318016,-0.005079241003841162,1.5529857873916626,0.0,0.0,0.0,0,0
1786183690.100164,0.8190743129962357,APPROACH,BSPLINE,/home/eunseop/nrs_imitation/checkpoints/bspline/polishing/single_cam/20260808_0153,317.42919921875,297.81622314453125,203.7161102294922,4.158645970164798e-05,-4.943231033394113e-05,1.562434434890747,0.30655717849731445,-0.7177724242210388,-0.1271418035030365,319.97271728515625,297.27215576171875,205.32891845703125,-0.0049360450357198715,-0.005175484344363213,1.5528050661087036,0.0,0.0,0.0,0,0
1786183690.1081955,0.8271060550032416,APPROACH,BSPLINE,/home/eunseop/nrs_imitation/checkpoints/bspline/polishing/single_cam/20260808_0153,317.4026184082031,297.8170471191406,203.7184295654297,6.488910730695352e-05,2.2290578272077255e-06,1.5624823570251465,0.24314554035663605,-0.22168749570846558,-0.049108393490314484,320.02056884765625,297.2621154785156,205.3594207763672,-0.005029189866036177,-0.0052725160494446754,1.5526225566864014,0.0,0.0,0.0,0,0
1786183690.1161687,0.8350791150005534,APPROACH,BSPLINE,/home/eunseop/nrs_imitation/checkpoints/bspline/polishing/single_cam/20260808_0153,317.45501708984375,297.8134460449219,203.7372589111328,5.71125792703242e-06,-0.0001052373627317138,1.5624463558197021,0.45498278737068176,-0.2133447825908661,-0.2785559296607971,320.06878662109375,297.2520446777344,205.39015197753906,-0.005122997332364321,-0.005370238330215216,1.5524389743804932,0.0,0.0,0.0,0,0
1786183690.1241813,0.8430918410012964,APPROACH,BSPLINE,/home/eunseop/nrs_imitation/checkpoints/bspline/polishing/single_cam/20260808_0153,317.46099853515625,297.8146667480469,203.71803283691406,-2.5229315724573098e-05,-6.033337558619678e-05,1.5624583959579468,0.44456052780151367,-0.2236267328262329,0.34650933742523193,320.117431640625,297.2419128417969,205.42117309570312,-0.005217655096203089,-0.005468846298754215,1.5522537231445312,0.0,0.0,0.0,0,0
1786183690.1321602,0.8510707120003644,APPROACH,BSPLINE,/home/eunseop/nrs_imitation/checkpoints/bspline/polishing/single_cam/20260808_0153,317.4654846191406,297.8014221191406,203.7234344482422,-1.748259637679439e-05,-4.330863157520071e-05,1.5624103546142578,0.27758118510246277,-0.32293784618377686,0.055027615278959274,320.1663818359375,297.231689453125,205.45237731933594,-0.005312927067279816,-0.005568094551563263,1.5520672798156738,0.0,0.0,0.0,0,0
1786183690.1401663,0.8590768650028622,APPROACH,BSPLINE,/home/eunseop/nrs_imitation/checkpoints/bspline/polishing/single_cam/20260808_0153,317.4452819824219,297.8280334472656,203.75360107421875,6.477859278675169e-05,-0.0001113609760068357,1.5624223947525024,0.0168061014264822,0.02569407783448696,0.02057969570159912,320.21575927734375,297.22137451171875,205.48385620117188,-0.005409007426351309,-0.005668184254318476,1.5518790483474731,0.0,0.0,0.0,0,0
1786183690.1480496,0.8669601529982174,APPROACH,BSPLINE,/home/eunseop/nrs_imitation/checkpoints/bspline/polishing/single_cam/20260808_0153,317.45135498046875,297.8058776855469,203.72686767578125,-4.972867827746086e-06,-3.862407902488485e-05,1.5624464750289917,0.31365513801574707,-0.2129879593849182,-0.3366651237010956,320.26519775390625,297.2110900878906,205.51536560058594,-0.005505170673131943,-0.005768361035734415,1.5516908168792725,0.0,0.0,0.0,0,0
1786183690.1561723,0.8750827490002848,APPROACH,BSPLINE,/home/eunseop/nrs_imitation/checkpoints/bspline/polishing/single_cam/20260808_0153,317.4200744628906,297.8078308105469,203.713623046875,2.284559013787657e-05,6.052631533748354e-07,1.5624582767486572,0.33653125166893005,-0.3579186797142029,-0.1499747335910797,320.3156433105469,297.2005615234375,205.5475311279297,-0.005603353958576918,-0.0058706412091851234,1.5514986515045166,0.0,0.0,0.0,0,0
1786183690.1641693,0.8830796849942999,APPROACH,BSPLINE,/home/eunseop/nrs_imitation/checkpoints/bspline/polishing/single_cam/20260808_0153,317.44390869140625,297.8243103027344,203.76275634765625,2.3047012291499414e-05,-0.00011343317601131275,1.5624582767486572,0.1295241415500641,-0.18546409904956818,0.37349650263786316,320.36614990234375,297.19000244140625,205.57972717285156,-0.005701596383005381,-0.005972984246909618,1.5513062477111816,0.0,0.0,0.0,0,0
1786183690.1722002,0.8911108260072069,APPROACH,BSPLINE,/home/eunseop/nrs_imitation/checkpoints/bspline/polishing/single_cam/20260808_0153,317.4396667480469,297.8150329589844,203.71775817871094,-5.187148417462595e-07,-5.051452535553835e-05,1.5624703168869019,0.19433051347732544,-0.02204527147114277,0.4998512268066406,320.41705322265625,297.1793518066406,205.6121826171875,-0.005800669547170401,-0.0060761915519833565,1.5511122941970825,0.0,0.0,0.0,0,0
1786183690.18017,0.8990805089997593,APPROACH,BSPLINE,/home/eunseop/nrs_imitation/checkpoints/bspline/polishing/single_cam/20260808_0153,317.4411926269531,297.807373046875,203.7113037109375,2.4560236852266826e-05,-4.16870680055581e-05,1.5624823570251465,0.1380355805158615,-0.1112062856554985,0.5602810978889465,320.46826171875,297.168701171875,205.6448211669922,-0.005900297313928604,-0.006179977208375931,1.550917387008667,0.0,0.0,0.0,0,0
1786183690.1881611,0.9070714840054279,APPROACH,BSPLINE,/home/eunseop/nrs_imitation/checkpoints/bspline/polishing/single_cam/20260808_0153,317.44903564453125,297.77728271484375,203.69668579101562,-2.6945446734316647e-05,-1.8041539078694768e-05,1.5624703168869019,0.3066383898258209,-0.06865449249744415,0.07827451825141907,320.5198669433594,297.1579284667969,205.67770385742188,-0.006000668741762638,-0.006284537259489298,1.5507209300994873,0.0,0.0,0.0,0,0
1786183690.196157,0.9150674669945147,APPROACH,BSPLINE,/home/eunseop/nrs_imitation/checkpoints/bspline/polishing/single_cam/20260808_0153,317.4329528808594,297.8246154785156,203.72052001953125,5.85479756409768e-05,-5.66387789149303e-05,1.5624583959579468,0.30504974722862244,-0.28981250524520874,0.07907410711050034,320.57183837890625,297.1470642089844,205.71084594726562,-0.006101800594478846,-0.006389889866113663,1.5505229234695435,0.0,0.0,0.0,0,0
1786183690.20416,0.9230705039954046,APPROACH,BSPLINE,/home/eunseop/nrs_imitation/checkpoints/bspline/polishing/single_cam/20260808_0153,317.4018859863281,297.8387145996094,203.72007751464844,8.209903899114579e-05,-6.011140158079797e-06,1.5624587535858154,0.492576003074646,-0.2576839029788971,0.10261911153793335,320.6241455078125,297.1361389160156,205.7442169189453,-0.006203670520335436,-0.006496010813862085,1.5503233671188354,0.0,0.0,0.0,0,0
1786183690.2121582,0.9310686730023008,APPROACH,BSPLINE,/home/eunseop/nrs_imitation/checkpoints/bspline/polishing/single_cam/20260808_0153,317.4451904296875,297.8278503417969,203.73526000976562,6.0324025980662555e-05,-9.947237413143739e-05,1.5624583959579468,0.27745306491851807,-0.31544214487075806,0.2651706039905548,320.6768493652344,297.1251525878906,205.77780151367188,-0.006306153256446123,-0.006602770648896694,1.5501227378845215,0.0,0.0,0.0,0,0
1786183690.220201,0.9391115960024763,APPROACH,BSPLINE,/home/eunseop/nrs_imitation/checkpoints/bspline/polishing/single_cam/20260808_0153,317.43316650390625,297.8253173828125,203.71803283691406,6.184200901770964e-05,-2.7723339371732436e-05,1.5624104738235474,0.33668407797813416,-0.5906307101249695,-0.8465307950973511,320.72998046875,297.1140441894531,205.81166076660156,-0.006409505382180214,-0.006710435729473829,1.5499205589294434,0.0,0.0,0.0,0,0
1786183690.2281713,0.9470816899993224,APPROACH,BSPLINE,/home/eunseop/nrs_imitation/checkpoints/bspline/polishing/single_cam/20260808_0153,317.4419860839844,297.81982421875,203.72206115722656,-2.2120308130979538e-05,-3.092398401349783e-05,1.5624943971633911,0.1491381824016571,-0.2518831193447113,-0.27726003527641296,320.7833251953125,297.1029052734375,205.84567260742188,-0.006513387896120548,-0.006818653549998999,1.5497170686721802,0.0,0.0,0.0,0,0
1786183690.2360718,0.9549822209955892,APPROACH,BSPLINE,/home/eunseop/nrs_imitation/checkpoints/bspline/polishing/single_cam/20260808_0153,317.45269775390625,297.8087463378906,203.6959991455078,-4.97310611535795e-06,-3.8624111766694114e-05,1.5624583959579468,0.3089072108268738,-0.28220662474632263,0.1721550077199936,320.83685302734375,297.09173583984375,205.8798065185547,-0.006617562845349312,-0.006927176378667355,1.5495131015777588,0.0,0.0,0.0,0,0
1786183690.2441738,0.9630841979960678,APPROACH,BSPLINE,/home/eunseop/nrs_imitation/checkpoints/bspline/polishing/single_cam/20260808_0153,317.45245361328125,297.8077087402344,203.73648071289062,-2.058987411146518e-05,-7.271931099239737e-05,1.5624583959579468,0.2653847336769104,-0.2452652007341385,-0.27678820490837097,320.8912353515625,297.0804138183594,205.9144744873047,-0.006723341532051563,-0.007037370000034571,1.5493061542510986,0.0,0.0,0.0,0,0
1786183690.252154,0.9710647220053943,APPROACH,BSPLINE,/home/eunseop/nrs_imitation/checkpoints/bspline/polishing/single_cam/20260808_0153,317.41815185546875,297.8153076171875,203.71981811523438,3.212342198821716e-05,-2.416597089904826e-05,1.5624823570251465,0.4207587242126465,-0.28698432445526123,0.1708742380142212,320.9456481933594,297.06903076171875,205.9491424560547,-0.006829189136624336,-0.007147633470594883,1.5490988492965698,0.0,0.0,0.0,0,0
1786183690.2601914,0.9791018849937245,APPROACH,BSPLINE,/home/eunseop/nrs_imitation/checkpoints/bspline/polishing/single_cam/20260808_0153,317.44488525390625,297.8266906738281,203.73382568359375,3.0605973734054714e-05,-9.591435809852555e-05,1.5624823570251465,0.015256901271641254,-0.11310183256864548,0.12241930514574051,321.0006103515625,297.05755615234375,205.98419189453125,-0.006936111953109503,-0.007259019184857607,1.5488895177841187,0.0,0.0,0.0,0,0
1786183690.2680752,0.9869855230062967,APPROACH,BSPLINE,/home/eunseop/nrs_imitation/checkpoints/bspline/polishing/single_cam/20260808_0153,317.4476013183594,297.7978515625,203.70510864257812,2.7747059903049376e-06,-2.159967516490724e-05,1.5623868703842163,0.2192358672618866,0.1624191254377365,0.19252924621105194,321.05548095703125,297.0461120605469,206.0191650390625,-0.007042895071208477,-0.007370258681476116,1.5486804246902466,0.0,0.0,0.0,0,0
1786183690.2760732,0.9949834610015387,APPROACH,BSPLINE,/home/eunseop/nrs_imitation/checkpoints/bspline/polishing/single_cam/20260808_0153,317.4407958984375,297.8174743652344,203.71527099609375,-9.610754204913974e-06,-2.6238698410452344e-05,1.5624703168869019,0.17498184740543365,-0.5494713187217712,-0.4353947341442108,321.1109924316406,297.0345153808594,206.0545654296875,-0.007150914520025253,-0.007482786197215319,1.5484689474105835,0.0,0.0,0.0,0,0
1786183690.2840855,1.002995775997988,APPROACH,BSPLINE,/home/eunseop/nrs_imitation/checkpoints/bspline/polishing/single_cam/20260808_0153,317.43841552734375,297.8130798339844,203.7174835205078,4.6224122343119234e-05,-6.181857315823436e-05,1.5624223947525024,0.3689131736755371,-0.44125252962112427,0.07394813746213913,321.1668701171875,297.0228576660156,206.09019470214844,-0.0072596510872244835,-0.0075960601679980755,1.5482561588287354,0.0,0.0,0.0,0,0
1786183690.2921915,1.0111019100004341,APPROACH,BSPLINE,/home/eunseop/nrs_imitation/checkpoints/bspline/polishing/single_cam/20260808_0153,317.4408264160156,297.8291931152344,203.73443603515625,8.94314143806696e-06,-7.57819798309356e-05,1.562530279159546,0.020435281097888947,0.10523595660924911,0.6444721221923828,321.2232666015625,297.0111083984375,206.12615966796875,-0.007369433995336294,-0.007710425183176994,1.5480412244796753,0.0,0.0,0.0,0,0
1786183690.3022459,1.0211562439944828,APPROACH,BSPLINE,/home/eunseop/nrs_imitation/checkpoints/bspline/polishing/single_cam/20260808_0153,317.4402770996094,297.8286437988281,203.72421264648438,4.622397318598814e-05,-6.181915523484349e-05,1.5624583959579468,0.11368422955274582,-0.12243684381246567,-0.21528208255767822,321.2950744628906,296.99609375,206.17190551757812,-0.007509101647883654,-0.007855921052396297,1.5477678775787354,0.0,0.0,0.0,0,0
1786183690.3081303,1.0270407770003658,APPROACH,BSPLINE,/home/eunseop/nrs_imitation/checkpoints/bspline/polishing/single_cam/20260808_0153,317.4289855957031,297.8391418457031,203.7194061279297,5.4095664381748065e-05,-4.474801608012058e-05,1.5624823570251465,0.19728145003318787,-0.16225695610046387,-0.22782650589942932,321.3365783691406,296.9874267578125,206.19839477539062,-0.007589905057102442,-0.007940096780657768,1.5476096868515015,0.0,0.0,0.0,0,0
1786183690.3160307,1.0349411070055794,APPROACH,BSPLINE,/home/eunseop/nrs_imitation/checkpoints/bspline/polishing/single_cam/20260808_0153,317.43218994140625,297.8227233886719,203.71434020996094,3.67618995369412e-05,-3.6551627999870107e-05,1.5624463558197021,0.15349863469600677,-0.3209768831729889,0.0768166109919548,321.3936462402344,296.97552490234375,206.23477172851562,-0.0077009680680930614,-0.00805579498410225,1.5473922491073608,0.0,0.0,0.0,0,0
1786183690.3241246,1.0430352789990138,APPROACH,BSPLINE,/home/eunseop/nrs_imitation/checkpoints/bspline/polishing/single_cam/20260808_0153,317.4453125,297.7926940917969,203.71815490722656,-3.3407658861506206e-07,-5.1009694288950413e-05,1.562434434890747,-0.01985093578696251,-0.3679812252521515,0.36004653573036194,321.45135498046875,296.9634704589844,206.27154541015625,-0.00781323667615652,-0.008172747679054737,1.5471724271774292,0.0,0.0,0.0,0,0
1786183690.3321707,1.0510813090077136,APPROACH,BSPLINE,/home/eunseop/nrs_imitation/checkpoints/bspline/polishing/single_cam/20260808_0153,317.4537658691406,297.79998779296875,203.7239532470703,3.3650940167717636e-05,-6.596267485292628e-05,1.5624104738235474,0.3799293041229248,-0.0581592321395874,-0.10569063574075699,321.509521484375,296.9513244628906,206.30862426757812,-0.007926405407488346,-0.008290641009807587,1.5469509363174438,0.0,0.0,0.0,0,0
1786183690.3401654,1.0590758489997825,APPROACH,BSPLINE,/home/eunseop/nrs_imitation/checkpoints/bspline/polishing/single_cam/20260808_0153,317.45196533203125,297.86566162109375,203.76622009277344,8.370719297090545e-05,-0.00016189298185054213,1.562434434890747,0.32851600646972656,-0.3430580794811249,-0.33032554388046265,321.5677490234375,296.9391784667969,206.34576416015625,-0.008039742708206177,-0.008408707566559315,1.5467290878295898,0.0,0.0,0.0,0,0
1786183690.3494604,1.0683707489952212,APPROACH,BSPLINE,/home/eunseop/nrs_imitation/checkpoints/bspline/polishing/single_cam/20260808_0153,317.4200744628906,297.8087463378906,203.71241760253906,7.880415068939328e-05,-3.493104668450542e-05,1.5624704360961914,0.21225236356258392,-0.31127408146858215,0.13890665769577026,321.63629150390625,296.92486572265625,206.38943481445312,-0.008173055946826935,-0.008547584526240826,1.5464680194854736,0.0,0.0,0.0,0,0
1786183690.3560817,1.074992142006522,APPROACH,BSPLINE,/home/eunseop/nrs_imitation/checkpoints/bspline/polishing/single_cam/20260808_0153,317.4537658691406,297.7994689941406,203.69937133789062,-5.159337433724431e-06,-3.8128651794977486e-05,1.5624703168869019,0.2870711386203766,-0.4635480046272278,-0.23894257843494415,321.68499755859375,296.9146728515625,206.42050170898438,-0.008267837576568127,-0.00864632148295641,1.5462825298309326,0.0,0.0,0.0,0,0
1786183690.3642328,1.0831433029961772,APPROACH,BSPLINE,/home/eunseop/nrs_imitation/checkpoints/bspline/polishing/single_cam/20260808_0153,317.4236755371094,297.79254150390625,203.6898956298828,2.2845726562081836e-05,6.043075018169475e-07,1.5624942779541016,0.47265860438346863,-0.32769638299942017,0.34684252738952637,321.74456787109375,296.90228271484375,206.45846557617188,-0.008383728563785553,-0.008767048828303814,1.5460556745529175,0.0,0.0,0.0,0,0
1786183690.3721607,1.0910711960023036,APPROACH,BSPLINE,/home/eunseop/nrs_imitation/checkpoints/bspline/polishing/single_cam/20260808_0153,317.4483642578125,297.7997741699219,203.69937133789062,1.9736713511520065e-05,-2.8805110559915192e-05,1.5623983144760132,0.2667316198348999,-0.264640748500824,0.2321663796901703,321.80389404296875,296.889892578125,206.4962921142578,-0.008499141782522202,-0.008887278847396374,1.5458296537399292,0.0,0.0,0.0,0,0
1786183690.3802254,1.0991362019994995,APPROACH,BSPLINE,/home/eunseop/nrs_imitation/checkpoints/bspline/polishing/single_cam/20260808_0153,317.45843505859375,297.8448486328125,203.75436401367188,6.649194983765483e-05,-0.00015365376020781696,1.5624583959579468,0.153707817196846,-0.4519651532173157,-0.2792086601257324,321.86395263671875,296.8773498535156,206.5345916748047,-0.008616083301603794,-0.009009100496768951,1.5456007719039917,0.0,0.0,0.0,0,0
1786183690.3881698,1.1070802059984999,APPROACH,BSPLINE,/home/eunseop/nrs_imitation/checkpoints/bspline/polishing/single_cam/20260808_0153,317.4266052246094,297.8108215332031,203.7099151611328,4.4817683374276385e-05,-1.99780424736673e-05,1.5624942779541016,0.30936726927757263,-0.1650906354188919,-0.37223437428474426,321.9241027832031,296.8647766113281,206.5729522705078,-0.00873314868658781,-0.009131050668656826,1.5453715324401855,0.0,0.0,0.0,0,0
1786183690.3960726,1.1149830619979184,APPROACH,BSPLINE,/home/eunseop/nrs_imitation/checkpoints/bspline/polishing/single_cam/20260808_0153,317.4220886230469,297.8240966796875,203.72488403320312,4.9456710257800296e-05,-3.236304110032506e-05,1.5625063180923462,0.061016928404569626,-0.0383259579539299,0.5438418984413147,321.984375,296.8522033691406,206.61135864257812,-0.0088503984734416,-0.00925319455564022,1.5451419353485107,0.0,0.0,0.0,0,0
1786183690.4041693,1.1230797580064973,APPROACH,BSPLINE,/home/eunseop/nrs_imitation/checkpoints/bspline/polishing/single_cam/20260808_0153,317.4472351074219,297.7964172363281,203.6946258544922,-3.4692366170929745e-05,-3.5066535929217935e-05,1.5624943971633911,0.06063706800341606,-0.2770272493362427,-0.7029396295547485,322.04547119140625,296.8394470214844,206.6503143310547,-0.008969273418188095,-0.009377028793096542,1.5449093580245972,0.0,0.0,0.0,0,0
1786183690.412235,1.1311455959948944,APPROACH,BSPLINE,/home/eunseop/nrs_imitation/checkpoints/bspline/polishing/single_cam/20260808_0153,317.4620361328125,297.81744384765625,203.74681091308594,2.749430677795317e-05,-0.00012532465916592628,1.5624583959579468,0.33343544602394104,-0.09975022822618484,0.027173735201358795,322.10675048828125,296.82666015625,206.6893768310547,-0.009088520891964436,-0.009501253254711628,1.5446758270263672,0.0,0.0,0.0,0,0
1786183690.4201713,1.1390817250066902,APPROACH,BSPLINE,/home/eunseop/nrs_imitation/checkpoints/bspline/polishing/single_cam/20260808_0153,317.4301452636719,297.8182678222656,203.71295166015625,3.212302544852719e-05,-2.4166276489268057e-05,1.5624583959579468,0.09907770901918411,-0.20532964169979095,-0.030657092109322548,322.1681213378906,296.8138732910156,206.72850036621094,-0.009207949973642826,-0.00962566677480936,1.544442057609558,0.0,0.0,0.0,0,0
1786183690.4282324,1.1471429439989151,APPROACH,BSPLINE,/home/eunseop/nrs_imitation/checkpoints/bspline/polishing/single_cam/20260808_0153,317.4239807128906,297.8163757324219,203.7099151611328,3.230858419556171e-05,-2.466201658535283e-05,1.5624942779541016,0.25425592064857483,0.24719324707984924,0.43908900022506714,322.2300109863281,296.80096435546875,206.7679443359375,-0.009328366257250309,-0.009751108475029469,1.5442063808441162,0.0,0.0,0.0,0,0
1786183690.4361782,1.1550887009943835,APPROACH,BSPLINE,/home/eunseop/nrs_imitation/checkpoints/bspline/polishing/single_cam/20260808_0153,317.4378356933594,297.8115539550781,203.71775817871094,2.4375196517212316e-05,-4.119134246138856e-05,1.5624823570251465,0.24434037506580353,-0.17817656695842743,-0.2966459095478058,322.29193115234375,296.7879943847656,206.8074188232422,-0.009448850527405739,-0.009876620955765247,1.5439703464508057,0.0,0.0,0.0,0,0
1786183690.4447029,1.1636133569991216,APPROACH,BSPLINE,/home/eunseop/nrs_imitation/checkpoints/bspline/polishing/single_cam/20260808_0153,317.4473876953125,297.8089599609375,203.7174835205078,2.1327890863176435e-05,-7.114293111953884e-05,1.5624583959579468,0.3477669358253479,-0.4409397542476654,-0.0024978064466267824,322.3591003417969,296.77398681640625,206.85023498535156,-0.009579508565366268,-0.01001273188740015,1.5437147617340088,0.0,0.0,0.0,0,0
1786183690.452109,1.1710196219937643,APPROACH,BSPLINE,/home/eunseop/nrs_imitation/checkpoints/bspline/polishing/single_cam/20260808_0153,317.4336242675781,297.8371887207031,203.72901916503906,3.8479280192404985e-05,-7.884238584665582e-05,1.5624703168869019,0.10785334557294846,-0.6154401898384094,-0.3408929407596588,322.4171142578125,296.76190185546875,206.88722229003906,-0.009692423976957798,-0.010130359791219234,1.543493628501892,0.0,0.0,0.0,0,0
1786183690.4601684,1.179079007008113,APPROACH,BSPLINE,/home/eunseop/nrs_imitation/checkpoints/bspline/polishing/single_cam/20260808_0153,317.432373046875,297.82281494140625,203.72885131835938,1.5284047549357638e-05,-1.6915195374167524e-05,1.5625182390213013,0.19712382555007935,-0.39760786294937134,-0.11659964174032211,322.4799499511719,296.7487487792969,206.9272918701172,-0.009814703837037086,-0.010257741436362267,1.5432542562484741,0.0,0.0,0.0,0,0
1786183690.4689746,1.187885090999771,APPROACH,BSPLINE,/home/eunseop/nrs_imitation/checkpoints/bspline/polishing/single_cam/20260808_0153,317.4369201660156,297.8212585449219,203.73304748535156,2.9199263735790737e-05,-5.4072734201326966e-05,1.5625063180923462,0.33699601888656616,-0.43519365787506104,-0.4326331615447998,322.5503845214844,296.73406982421875,206.97218322753906,-0.009951713494956493,-0.010400469414889812,1.5429859161376953,0.0,0.0,0.0,0,0
1786183690.4760907,1.1950008809944848,APPROACH,BSPLINE,/home/eunseop/nrs_imitation/checkpoints/bspline/polishing/single_cam/20260808_0153,317.4458923339844,297.8056945800781,203.71775817871094,1.1865007763844915e-05,-4.587630246533081e-05,1.5624823570251465,0.021385882049798965,-0.12647698819637299,-0.30253836512565613,322.60687255859375,296.7222900390625,207.00819396972656,-0.010061628185212612,-0.010514970868825912,1.5427708625793457,0.0,0.0,0.0,0,0
1786183690.4840598,1.2029702639993047,APPROACH,BSPLINE,/home/eunseop/nrs_imitation/checkpoints/bspline/polishing/single_cam/20260808_0153,317.4334716796875,297.8249816894531,203.71267700195312,1.6691639757482335e-05,-5.875677379663102e-05,1.5624823570251465,0.17004849016666412,-0.2296123057603836,-0.21080850064754486,322.670654296875,296.7089538574219,207.0488739013672,-0.010185807943344116,-0.010644334368407726,1.542527675628662,0.0,0.0,0.0,0,0
1786183690.492047,1.2109574009955395,APPROACH,BSPLINE,/home/eunseop/nrs_imitation/checkpoints/bspline/polishing/single_cam/20260808_0153,317.4565124511719,297.82879638671875,203.74343872070312,4.0067097870633006e-05,-0.00012118133599869907,1.5624583959579468,0.08332730829715729,-0.45991382002830505,-0.17768724262714386,322.73480224609375,296.695556640625,207.08978271484375,-0.010310641489923,-0.01077437773346901,1.542283296585083,0.0,0.0,0.0,0,0
1786183690.500135,1.219045420002658,APPROACH,BSPLINE,/home/eunseop/nrs_imitation/checkpoints/bspline/polishing/single_cam/20260808_0153,317.44097900390625,297.806396484375,203.7099151611328,-4.97265955345938e-06,-3.8624297303613275e-05,1.5624823570251465,0.11788154393434525,0.033501140773296356,0.07060828059911728,322.7995910644531,296.68206787109375,207.1310577392578,-0.010436603799462318,-0.010905595496296883,1.5420368909835815,0.0,0.0,0.0,0,0
1786183690.508032,1.2269422440003837,APPROACH,BSPLINE,/home/eunseop/nrs_imitation/checkpoints/bspline/polishing/single_cam/20260808_0153,317.42681884765625,297.822998046875,203.72625732421875,6.648051203228533e-05,-4.011041528428905e-05,1.5624703168869019,0.44271016120910645,-0.10915679484605789,0.4424540400505066,322.86419677734375,296.6685791015625,207.1722412109375,-0.010562341660261154,-0.011036580428481102,1.5417906045913696,0.0,0.0,0.0,0,0
1786183690.5160213,1.2349315049941652,APPROACH,BSPLINE,/home/eunseop/nrs_imitation/checkpoints/bspline/polishing/single_cam/20260808_0153,317.4283142089844,297.8144836425781,203.7041778564453,4.9271176976617426e-05,-3.186635876772925e-05,1.5624223947525024,0.13048087060451508,0.15945014357566833,0.07356766611337662,322.92926025390625,296.65496826171875,207.21371459960938,-0.010688958689570427,-0.011168482713401318,1.5415427684783936,0.0,0.0,0.0,0,0
1786183690.524089,1.2429994870035443,APPROACH,BSPLINE,/home/eunseop/nrs_imitation/checkpoints/bspline/polishing/single_cam/20260808_0153,317.453369140625,297.79864501953125,203.7041778564453,-5.202268198445381e-07,-5.051426342106424e-05,1.562434434890747,0.2581579387187958,-0.10220296680927277,0.5051915049552917,322.99481201171875,296.64129638671875,207.25550842285156,-0.010816531255841255,-0.011301378719508648,1.5412930250167847,0.0,0.0,0.0,0,0
1786183690.5320857,1.2509960820025299,APPROACH,BSPLINE,/home/eunseop/nrs_imitation/checkpoints/bspline/polishing/single_cam/20260808_0153,317.4439697265625,297.8128662109375,203.72007751464844,-4.972180704498896e-06,-3.862423181999475e-05,1.5624583959579468,0.3345394432544708,-0.2923336923122406,-0.24324806034564972,323.060546875,296.6275634765625,207.29742431640625,-0.010944404639303684,-0.011434588581323624,1.541042685508728,0.0,0.0,0.0,0,0
1786183690.5401518,1.259062469995115,APPROACH,BSPLINE,/home/eunseop/nrs_imitation/checkpoints/bspline/polishing/single_cam/20260808_0153,317.4580383300781,297.8087463378906,203.72052001953125,8.756575880397577e-06,-7.528567221015692e-05,1.562434434890747,0.3718750476837158,-0.6308274865150452,-0.5955954194068909,323.1265869140625,296.61376953125,207.33953857421875,-0.011072942987084389,-0.011568491347134113,1.5407910346984863,0.0,0.0,0.0,0,0
1786183690.5481095,1.267020251005306,APPROACH,BSPLINE,/home/eunseop/nrs_imitation/checkpoints/bspline/polishing/single_cam/20260808_0153,317.4542541503906,297.8233642578125,203.72901916503906,1.073743760571233e-06,-9.285170381190255e-05,1.5624463558197021,0.3630812466144562,-0.36124885082244873,-0.13030607998371124,323.1927795410156,296.5999450683594,207.3817138671875,-0.011201722547411919,-0.011702644638717175,1.5405389070510864,0.0,0.0,0.0,0,0
1786183690.5561626,1.2750729830004275,APPROACH,BSPLINE,/home/eunseop/nrs_imitation/checkpoints/bspline/polishing/single_cam/20260808_0153,317.4136657714844,297.82916259765625,203.7296905517578,6.648182170465589e-05,-4.010848715552129e-05,1.5624823570251465,0.240766704082489,-0.31568247079849243,-0.3882014751434326,323.25946044921875,296.5860595703125,207.4242401123047,-0.011331507004797459,-0.011837846599519253,1.5402848720550537,0.0,0.0,0.0,0,0
1786183690.5640783,1.2829887039988535,APPROACH,BSPLINE,/home/eunseop/nrs_imitation/checkpoints/bspline/polishing/single_cam/20260808_0153,317.4313659667969,297.80914306640625,203.69601440429688,1.9736831745831296e-05,-2.8805650799768046e-05,1.5625063180923462,0.2875422239303589,-0.026887133717536926,-0.11708709597587585,323.3258972167969,296.5721740722656,207.46658325195312,-0.011460724286735058,-0.011972454376518726,1.540031909942627,0.0,0.0,0.0,0,0
1786183690.572142,1.2910524470062228,APPROACH,BSPLINE,/home/eunseop/nrs_imitation/checkpoints/bspline/polishing/single_cam/20260808_0153,317.4318542480469,297.798583984375,203.70236206054688,6.00695057073608e-06,7.856388037907891e-06,1.5624703168869019,0.3716793954372406,-0.12277299165725708,-0.3274798095226288,323.3934020996094,296.5580749511719,207.50961303710938,-0.011592122726142406,-0.012109337374567986,1.5397745370864868,0.0,0.0,0.0,0,0
1786183690.580055,1.2989652810065309,APPROACH,BSPLINE,/home/eunseop/nrs_imitation/checkpoints/bspline/polishing/single_cam/20260808_0153,317.44451904296875,297.8261413574219,203.74740600585938,4.3117306631756946e-05,-9.122748451773077e-05,1.562410831451416,0.39352354407310486,-0.2814023196697235,-0.3426848351955414,323.4605407714844,296.5440673828125,207.55242919921875,-0.011722772382199764,-0.012245439924299717,1.5395188331604004,0.0,0.0,0.0,0,0
1786183690.5881433,1.3070538930041948,APPROACH,BSPLINE,/home/eunseop/nrs_imitation/checkpoints/bspline/polishing/single_cam/20260808_0153,317.4623718261719,297.8065490722656,203.72283935546875,4.303321929910453e-06,-6.339531682897359e-05,1.5624223947525024,0.010305865667760372,-0.5035787224769592,-0.2580191195011139,323.5284118652344,296.5299072265625,207.59568786621094,-0.011854817159473896,-0.012382995337247849,1.5392603874206543,0.0,0.0,0.0,0,0
1786183690.5960104,1.3149208190006902,APPROACH,BSPLINE,/home/eunseop/nrs_imitation/checkpoints/bspline/polishing/single_cam/20260808_0153,317.4346618652344,297.83941650390625,203.7261962890625,2.9201390134403482e-05,-5.407124263001606e-05,1.5624703168869019,0.34345436096191406,-0.17181158065795898,0.6272794008255005,323.5959777832031,296.5157775878906,207.63876342773438,-0.01198629755526781,-0.012519962154328823,1.5390028953552246,0.0,0.0,0.0,0,0
1786183690.6040523,1.3229626009997446,APPROACH,BSPLINE,/home/eunseop/nrs_imitation/checkpoints/bspline/polishing/single_cam/20260808_0153,317.4451599121094,297.8272705078125,203.74061584472656,3.060702147195116e-05,-9.591368143446743e-05,1.5624583959579468,0.24317215383052826,-0.5023391246795654,-0.1774650663137436,323.66436767578125,296.50152587890625,207.68235778808594,-0.012119355611503124,-0.012658573687076569,1.5387425422668457,0.0,0.0,0.0,0,0
1786183690.6122458,1.3311561529990286,APPROACH,BSPLINE,/home/eunseop/nrs_imitation/checkpoints/bspline/polishing/single_cam/20260808_0153,317.4518127441406,297.8299255371094,203.71847534179688,1.3396120266406797e-05,-8.767178223934025e-05,1.5624823570251465,0.2502947151660919,-0.42567846179008484,-0.26006829738616943,323.734130859375,296.4869689941406,207.72682189941406,-0.012255088426172733,-0.012799970805644989,1.5384767055511475,0.0,0.0,0.0,0,0
1786183690.6200821,1.3389925509982277,APPROACH,BSPLINE,/home/eunseop/nrs_imitation/checkpoints/bspline/polishing/single_cam/20260808_0153,317.4518127441406,297.8299255371094,203.71847534179688,1.3396120266406797e-05,-8.767178223934025e-05,1.5624823570251465,0.2502947151660919,-0.42567846179008484,-0.26006829738616943,323.8017578125,296.47283935546875,207.7699432373047,-0.012386681511998177,-0.01293705590069294,1.5382192134857178,0.0,0.0,0.0,0,0
1786183690.6281161,1.3470266980002634,APPROACH,BSPLINE,/home/eunseop/nrs_imitation/checkpoints/bspline/polishing/single_cam/20260808_0153,317.41851806640625,297.8160705566406,203.72222900390625,5.086484816274606e-05,-7.420343899866566e-05,1.5624703168869019,0.10729917883872986,-0.3050607740879059,-0.19782927632331848,323.87060546875,296.4584655761719,207.8138427734375,-0.012520666234195232,-0.013076632283627987,1.5379568338394165,0.0,0.0,0.0,0,0
1786183690.636198,1.355108616000507,APPROACH,BSPLINE,/home/eunseop/nrs_imitation/checkpoints/bspline/polishing/single_cam/20260808_0153,317.4631652832031,297.8316650390625,203.7419891357422,3.5428558476269245e-05,-0.00010879524052143097,1.562434434890747,0.011572628282010555,-0.17402717471122742,-0.03569430857896805,323.9404296875,296.44390869140625,207.8583526611328,-0.01265653781592846,-0.013218172825872898,1.5376908779144287,0.0,0.0,0.0,0,0
1786183690.644175,1.363085573000717,APPROACH,BSPLINE,/home/eunseop/nrs_imitation/checkpoints/bspline/polishing/single_cam/20260808_0153,317.4403991699219,297.8405456542969,203.73178100585938,6.014036262058653e-05,-9.897602285491303e-05,1.5624704360961914,0.20217624306678772,-0.1049264520406723,0.06380846351385117,324.0098876953125,296.4294128417969,207.90264892578125,-0.01279168389737606,-0.013358959928154945,1.537426233291626,0.0,0.0,0.0,0,0
1786183690.6520755,1.3709858240035828,APPROACH,BSPLINE,/home/eunseop/nrs_imitation/checkpoints/bspline/polishing/single_cam/20260808_0153,317.4332580566406,297.83636474609375,203.726806640625,1.9922927094739862e-05,-2.9300774258445017e-05,1.5625183582305908,0.7544364929199219,-0.35621199011802673,-0.3623846173286438,324.0793762207031,296.4148864746094,207.94692993164062,-0.01292689610272646,-0.013499814085662365,1.5371615886688232,0.0,0.0,0.0,0,0
1786183690.660133,1.3790433959948132,APPROACH,BSPLINE,/home/eunseop/nrs_imitation/checkpoints/bspline/polishing/single_cam/20260808_0153,317.4397277832031,297.8273620605469,203.72482299804688,2.4561866666772403e-05,-4.16858347307425e-05,1.5624463558197021,0.1500398963689804,-0.4247204065322876,-0.325945645570755,324.1495361328125,296.4002380371094,207.9916534423828,-0.013063382357358932,-0.01364199724048376,1.53689444065094,0.0,0.0,0.0,0,0
1786183690.6680932,1.3870036709995475,APPROACH,BSPLINE,/home/eunseop/nrs_imitation/checkpoints/bspline/polishing/single_cam/20260808_0153,317.44708251953125,297.8427734375,203.73863220214844,2.3045802663546056e-05,-0.00011343419464537874,1.5625063180923462,0.26580438017845154,0.0706813782453537,-0.4125133454799652,324.2198181152344,296.3855895996094,208.03646850585938,-0.013200156390666962,-0.013784478418529034,1.5366265773773193,0.0,0.0,0.0,0,0
1786183690.6761482,1.3950586080027279,APPROACH,BSPLINE,/home/eunseop/nrs_imitation/checkpoints/bspline/polishing/single_cam/20260808_0153,317.44195556640625,297.7972106933594,203.7037353515625,-1.8642552959136083e-06,-9.21421087696217e-06,1.5624704360961914,0.2277371734380722,-0.4260644316673279,-0.20193365216255188,324.29046630859375,296.370849609375,208.08151245117188,-0.013337642885744572,-0.013927703723311424,1.5363575220108032,0.0,0.0,0.0,0,0
1786183690.6840253,1.402935594000155,APPROACH,BSPLINE,/home/eunseop/nrs_imitation/checkpoints/bspline/polishing/single_cam/20260808_0153,317.45440673828125,297.8473815917969,203.74331665039062,3.988445314462297e-05,-0.00012068494834238663,1.5624583959579468,-0.21346722543239594,0.052897386252880096,-0.10932455211877823,324.361083984375,296.3560791015625,208.12652587890625,-0.013475070707499981,-0.014070866629481316,1.536088466644287,0.0,0.0,0.0,0,0
1786183690.6920419,1.4109521969949128,APPROACH,BSPLINE,/home/eunseop/nrs_imitation/checkpoints/bspline/polishing/single_cam/20260808_0153,317.41143798828125,297.8006896972656,203.71401977539062,2.3031181626720354e-05,1.0997890598218873e-07,1.5624703168869019,0.4605848789215088,-0.2636949419975281,-0.6550569534301758,324.4322204589844,296.34124755859375,208.171875,-0.013613497838377953,-0.014215070754289627,1.5358173847198486,0.0,0.0,0.0,0,0
1786183690.7000213,1.418931619002251,APPROACH,BSPLINE,/home/eunseop/nrs_imitation/checkpoints/bspline/polishing/single_cam/20260808_0153,317.45172119140625,297.8179016113281,203.714111328125,-3.380959924470517e-06,-8.096187957562506e-05,1.5624823570251465,0.3713822662830353,-0.19950233399868011,0.09648654609918594,324.5035400390625,296.32635498046875,208.21734619140625,-0.01375221274793148,-0.01435957383364439,1.535546064376831,0.0,0.0,0.0,0,0
1786183690.7081065,1.4270169340015855,APPROACH,BSPLINE,/home/eunseop/nrs_imitation/checkpoints/bspline/polishing/single_cam/20260808_0153,317.44732666015625,297.808349609375,203.72256469726562,-8.3902104961453e-06,-6.758523522876203e-05,1.5624704360961914,0.11246751993894577,0.03383680060505867,0.40919527411460876,324.5753479003906,296.3113708496094,208.26312255859375,-0.013891970738768578,-0.01450516376644373,1.5352723598480225,0.0,0.0,0.0,0,0
1786183690.7160451,1.4349554070067825,APPROACH,BSPLINE,/home/eunseop/nrs_imitation/checkpoints/bspline/polishing/single_cam/20260808_0153,317.43853759765625,297.8011169433594,203.71334838867188,-4.9719401431502774e-06,-3.8624199078185484e-05,1.5624463558197021,0.27424725890159607,-0.09096012264490128,0.5538908243179321,324.6470031738281,296.29638671875,208.30880737304688,-0.014031434431672096,-0.014650448225438595,1.5349993705749512,0.0,0.0,0.0,0,0
1786183690.7241232,1.4430337590019917,APPROACH,BSPLINE,/home/eunseop/nrs_imitation/checkpoints/bspline/polishing/single_cam/20260808_0153,317.43853759765625,297.8011169433594,203.71334838867188,-4.9719401431502774e-06,-3.8624199078185484e-05,1.5624463558197021,0.22504448890686035,-0.4122910797595978,-0.07571640610694885,324.7192687988281,296.28131103515625,208.35487365722656,-0.014172039926052094,-0.014796921983361244,1.5347239971160889,0.0,0.0,0.0,0,0
1786183690.732064,1.4509745069954079,APPROACH,BSPLINE,/home/eunseop/nrs_imitation/checkpoints/bspline/polishing/single_cam/20260808_0153,317.42047119140625,297.7977294921875,203.72158813476562,6.184200901770964e-05,-2.7723339371732436e-05,1.5624104738235474,0.4383877217769623,0.3092137277126312,0.5567665100097656,324.791259765625,296.26629638671875,208.40077209472656,-0.014312098734080791,-0.014942825771868229,1.534449815750122,0.0,0.0,0.0,0,0
1786183690.7401621,1.4590724959998624,APPROACH,BSPLINE,/home/eunseop/nrs_imitation/checkpoints/bspline/polishing/single_cam/20260808_0153,317.4434814453125,297.83544921875,203.7323760986328,3.847738480544649e-05,-7.884330989327282e-05,1.5624704360961914,0.11164199560880661,-0.5737723708152771,-0.7886473536491394,324.86431884765625,296.25103759765625,208.4473419189453,-0.014454254880547523,-0.015090915374457836,1.5341715812683105,0.0,0.0,0.0,0,0
1786183690.748069,1.4669796499947552,APPROACH,BSPLINE,/home/eunseop/nrs_imitation/checkpoints/bspline/polishing/single_cam/20260808_0153,317.4530944824219,297.8327331542969,203.74139404296875,3.213830859749578e-05,-0.00013770887744612992,1.5624463558197021,0.23461715877056122,-0.39925625920295715,-0.28776800632476807,324.93670654296875,296.2359619140625,208.4934844970703,-0.014595110900700092,-0.015237648971378803,1.5338958501815796,0.0,0.0,0.0,0,0
1786183690.7562206,1.4751310809951974,APPROACH,BSPLINE,/home/eunseop/nrs_imitation/checkpoints/bspline/polishing/single_cam/20260808_0153,317.43927001953125,297.8381042480469,203.73916625976562,5.08634329889901e-05,-7.42042320780456e-05,1.5624583959579468,0.28220418095588684,-0.4302491843700409,-0.35399678349494934,325.010498046875,296.22052001953125,208.54052734375,-0.014738707803189754,-0.015387238003313541,1.5336147546768188,0.0,0.0,0.0,0,0
1786183690.7640646,1.4829749329946935,APPROACH,BSPLINE,/home/eunseop/nrs_imitation/checkpoints/bspline/polishing/single_cam/20260808_0153,317.4278869628906,297.8248596191406,203.7239532470703,4.603960769600235e-05,-6.132300040917471e-05,1.5624703168869019,0.3134496808052063,-0.19596897065639496,-0.1024104580283165,325.0830383300781,296.20538330078125,208.5867919921875,-0.014879880473017693,-0.015534302219748497,1.5333383083343506,0.0,0.0,0.0,0,0
1786183690.772182,1.4910926300071878,APPROACH,BSPLINE,/home/eunseop/nrs_imitation/checkpoints/bspline/polishing/single_cam/20260808_0153,317.4512939453125,297.81744384765625,203.74343872070312,3.98848278564401e-05,-0.00012068374053342268,1.562398910522461,0.10625874996185303,-0.4890725910663605,-0.31139346957206726,325.1572265625,296.1899108886719,208.63406372070312,-0.015024187043309212,-0.01568463072180748,1.5330557823181152,0.0,0.0,0.0,0,0
1786183690.7800505,1.498960769007681,APPROACH,BSPLINE,/home/eunseop/nrs_imitation/checkpoints/bspline/polishing/single_cam/20260808_0153,317.4234313964844,297.8033752441406,203.68646240234375,1.0460013072588481e-05,-4.033599452668568e-06,1.5624582767486572,0.36298611760139465,0.007770662195980549,0.31951022148132324,325.23065185546875,296.1745910644531,208.68087768554688,-0.015167027711868286,-0.015833433717489243,1.532776117324829,0.0,0.0,0.0,0,0
1786183690.788219,1.5071293729997706,APPROACH,BSPLINE,/home/eunseop/nrs_imitation/checkpoints/bspline/polishing/single_cam/20260808_0153,317.4234313964844,297.8033752441406,203.68646240234375,1.0460013072588481e-05,-4.033599452668568e-06,1.5624582767486572,0.32789790630340576,-0.35529235005378723,-0.5640101432800293,325.3050231933594,296.1590576171875,208.72830200195312,-0.015311806462705135,-0.015984252095222473,1.532492756843567,0.0,0.0,0.0,0,0
1786183690.7960827,1.5149932640051702,APPROACH,BSPLINE,/home/eunseop/nrs_imitation/checkpoints/bspline/polishing/single_cam/20260808_0153,317.44403076171875,297.8481750488281,203.73513793945312,4.775537672685459e-05,-0.00010361455497331917,1.5624823570251465,0.08243042975664139,-0.378982812166214,-0.22588133811950684,325.3786315917969,296.1436767578125,208.7752227783203,-0.015455064363777637,-0.016133490949869156,1.532212257385254,0.0,0.0,0.0,0,0
1786183690.8040512,1.5229614950076211,APPROACH,BSPLINE,/home/eunseop/nrs_imitation/checkpoints/bspline/polishing/single_cam/20260808_0153,317.4347839355469,297.8165588378906,203.74327087402344,2.9200369681348093e-05,-5.407168282545172e-05,1.5624583959579468,0.34623000025749207,-0.49950361251831055,-0.5199272036552429,325.4532165527344,296.12811279296875,208.82276916503906,-0.015600141137838364,-0.016284620389342308,1.531928300857544,0.0,0.0,0.0,0,0
1786183690.8121173,1.5310277130047325,APPROACH,BSPLINE,/home/eunseop/nrs_imitation/checkpoints/bspline/polishing/single_cam/20260808_0153,317.44110107421875,297.8418273925781,203.76690673828125,6.185786332935095e-05,-0.000141266398713924,1.5624703168869019,0.5581819415092468,0.5181336998939514,0.15436406433582306,325.528076171875,296.11248779296875,208.8704833984375,-0.015745796263217926,-0.01643635518848896,1.5316431522369385,0.0,0.0,0.0,0,0
1786183690.8200524,1.5389627399999881,APPROACH,BSPLINE,/home/eunseop/nrs_imitation/checkpoints/bspline/polishing/single_cam/20260808_0153,317.4647521972656,297.8233337402344,203.7501678466797,2.7497839255374856e-05,-0.00012532281107269228,1.5623984336853027,0.21509556472301483,-0.19542311131954193,-0.28893741965293884,325.6028747558594,296.0968933105469,208.91818237304688,-0.01589137315750122,-0.016588006168603897,1.5313581228256226,0.0,0.0,0.0,0,0
1786183690.8281214,1.5470317940053064,APPROACH,BSPLINE,/home/eunseop/nrs_imitation/checkpoints/bspline/polishing/single_cam/20260808_0153,317.4280700683594,297.8371276855469,203.71063232421875,5.873390182387084e-05,-5.7134577218675986e-05,1.5625063180923462,0.190680131316185,-0.27859875559806824,-0.44442909955978394,325.6780090332031,296.0812072753906,208.96607971191406,-0.016037538647651672,-0.01674027182161808,1.5310721397399902,0.0,0.0,0.0,0,0
1786183690.836112,1.555022607994033,APPROACH,BSPLINE,/home/eunseop/nrs_imitation/checkpoints/bspline/polishing/single_cam/20260808_0153,317.4476623535156,297.8442077636719,203.76828002929688,5.3986310376785696e-05,-0.0001583377888891846,1.5624823570251465,0.21724833548069,-0.03880225494503975,0.15003496408462524,325.7531433105469,296.0655212402344,209.01397705078125,-0.01618373766541481,-0.016892574727535248,1.5307857990264893,0.0,0.0,0.0,0,0
1786183690.8441737,1.5630840270023327,APPROACH,BSPLINE,/home/eunseop/nrs_imitation/checkpoints/bspline/polishing/single_cam/20260808_0153,317.4241943359375,297.80584716796875,203.710205078125,4.774109766003676e-05,9.92739023786271e-06,1.5624704360961914,0.14990456402301788,-0.3497863709926605,-0.36843958497047424,325.829345703125,296.04962158203125,209.06256103515625,-0.016332022845745087,-0.01704704761505127,1.530495524406433,0.0,0.0,0.0,0,0
1786183690.8520901,1.5710006589943077,APPROACH,BSPLINE,/home/eunseop/nrs_imitation/checkpoints/bspline/polishing/single_cam/20260808_0153,317.4344177246094,297.80340576171875,203.713623046875,-2.694497561606113e-05,-1.804262683435809e-05,1.5625183582305908,0.3025856614112854,0.011785466223955154,0.8433560729026794,325.9045104980469,296.033935546875,209.11045837402344,-0.0164782777428627,-0.017199404537677765,1.5302093029022217,0.0,0.0,0.0,0,0
1786183690.8601582,1.579068831008044,APPROACH,BSPLINE,/home/eunseop/nrs_imitation/checkpoints/bspline/polishing/single_cam/20260808_0153,317.4456481933594,297.81707763671875,203.75083923339844,4.311432712711394e-05,-9.122961637331173e-05,1.5624583959579468,0.14257510006427765,0.13355086743831635,0.6263711452484131,325.98114013671875,296.0179138183594,209.15931701660156,-0.016627399250864983,-0.017354749143123627,1.5299172401428223,0.0,0.0,0.0,0,0
1786183690.8680556,1.586966004993883,APPROACH,BSPLINE,/home/eunseop/nrs_imitation/checkpoints/bspline/polishing/single_cam/20260808_0153,317.4373779296875,297.8334655761719,203.73863220214844,3.5248904168838635e-05,-0.00010829809616552666,1.5624468326568604,0.22836245596408844,-0.38229402899742126,-0.17553962767124176,326.0570068359375,296.0020751953125,209.2076873779297,-0.016775047406554222,-0.01750856079161167,1.5296281576156616,0.0,0.0,0.0,0,0
1786183690.8769825,1.5958929110056488,APPROACH,BSPLINE,/home/eunseop/nrs_imitation/checkpoints/bspline/polishing/single_cam/20260808_0153,317.4425048828125,297.83282470703125,203.74061584472656,1.8221508071292192e-05,-0.00010055305028799921,1.5625063180923462,0.09155880659818649,-0.08938729017972946,0.2831650972366333,326.1422119140625,295.9842834472656,209.26202392578125,-0.01694086752831936,-0.0176813006401062,1.5293035507202148,0.0,0.0,0.0,0,0
1786183690.8841622,1.603072953002993,APPROACH,BSPLINE,/home/eunseop/nrs_imitation/checkpoints/bspline/polishing/single_cam/20260808_0153,317.4200439453125,297.8081970214844,203.68783569335938,3.999377804575488e-05,-7.095290129655041e-06,1.5624463558197021,0.03138997033238411,0.02967248670756817,0.08010130375623703,326.2102966308594,295.9700927734375,209.30540466308594,-0.017073292285203934,-0.017819251865148544,1.529044270515442,0.0,0.0,0.0,0,0
1786183690.8921432,1.6110537880012998,APPROACH,BSPLINE,/home/eunseop/nrs_imitation/checkpoints/bspline/polishing/single_cam/20260808_0153,317.4266357421875,297.79901123046875,203.71197509765625,2.7669628252624534e-05,-1.2276957932044752e-05,1.5624942779541016,0.2630487084388733,-0.08789172023534775,0.0581510066986084,326.28704833984375,295.9540710449219,209.35433959960938,-0.017222655937075615,-0.017974847927689552,1.5287519693374634,0.0,0.0,0.0,0,0
1786183690.9002252,1.619135916000232,APPROACH,BSPLINE,/home/eunseop/nrs_imitation/checkpoints/bspline/polishing/single_cam/20260808_0153,317.4472351074219,297.79705810546875,203.697998046875,2.5886743060254958e-06,-2.1104451661813073e-05,1.562434434890747,0.24226213991641998,-0.47830623388290405,0.049757979810237885,326.36431884765625,295.93792724609375,209.40359497070312,-0.0173729807138443,-0.018131447955965996,1.5284576416015625,0.0,0.0,0.0,0,0
1786183690.9082077,1.627118064003298,APPROACH,BSPLINE,/home/eunseop/nrs_imitation/checkpoints/bspline/polishing/single_cam/20260808_0153,317.4336853027344,297.8374328613281,203.73779296875,4.622339110937901e-05,-6.182069046190009e-05,1.562542200088501,0.27453628182411194,-0.04447812959551811,0.3639345169067383,326.4416198730469,295.92181396484375,209.452880859375,-0.0175233893096447,-0.018288131803274155,1.528163194656372,0.0,0.0,0.0,0,0
1786183690.9162078,1.6351183859951561,APPROACH,BSPLINE,/home/eunseop/nrs_imitation/checkpoints/bspline/polishing/single_cam/20260808_0153,317.40985107421875,297.8211669921875,203.69601440429688,6.95277558406815e-05,-1.0156526514037978e-05,1.5624582767486572,0.6776944994926453,-0.3470863997936249,-0.42049938440322876,326.5191650390625,295.9056396484375,209.5023193359375,-0.017674285918474197,-0.018445327877998352,1.5278677940368652,0.0,0.0,0.0,0,0
1786183690.9241846,1.6430951119982637,APPROACH,BSPLINE,/home/eunseop/nrs_imitation/checkpoints/bspline/polishing/single_cam/20260808_0153,317.4488525390625,297.7995300292969,203.7085418701172,-4.7015979362186044e-05,-4.0247428842121735e-05,1.5624942779541016,0.5143548250198364,0.02645024098455906,0.3929857015609741,326.5965270996094,295.8894348144531,209.5516357421875,-0.017824865877628326,-0.018602190539240837,1.5275729894638062,0.0,0.0,0.0,0,0
1786183690.932201,1.6511115150060505,APPROACH,BSPLINE,/home/eunseop/nrs_imitation/checkpoints/bspline/polishing/single_cam/20260808_0153,317.42767333984375,297.82476806640625,203.72625732421875,5.4094951337901875e-05,-4.4749060180038214e-05,1.5624943971633911,0.2276819348335266,-0.2231917381286621,0.29114776849746704,326.67462158203125,295.8731689453125,209.60142517089844,-0.01797681488096714,-0.018760479986667633,1.527275562286377,0.0,0.0,0.0,0,0
1786183690.9402008,1.6591112260066438,APPROACH,BSPLINE,/home/eunseop/nrs_imitation/checkpoints/bspline/polishing/single_cam/20260808_0153,317.44866943359375,297.8000183105469,203.71157836914062,-9.796548511076253e-06,-2.574298923718743e-05,1.5624223947525024,0.0964566096663475,-0.10967738926410675,0.18375243246555328,326.752685546875,295.85687255859375,209.65118408203125,-0.018128693103790283,-0.01891869679093361,1.5269782543182373,0.0,0.0,0.0,0,0
1786183690.948215,1.667125624997425,APPROACH,BSPLINE,/home/eunseop/nrs_imitation/checkpoints/bspline/polishing/single_cam/20260808_0153,317.43438720703125,297.8152160644531,203.72349548339844,-4.971974703948945e-06,-3.862445009872317e-05,1.5624943971633911,0.11207342892885208,-0.2428351491689682,0.04558977484703064,326.8309020996094,295.8405456542969,209.7010498046875,-0.018280865624547005,-0.01907721906900406,1.52668035030365,0.0,0.0,0.0,0,0
1786183690.9562068,1.6751173210068373,APPROACH,BSPLINE,/home/eunseop/nrs_imitation/checkpoints/bspline/polishing/single_cam/20260808_0153,317.4300842285156,297.8415222167969,203.75360107421875,7.728982745902613e-05,-0.00010667574679246172,1.5624703168869019,0.1250150054693222,0.2093748301267624,0.3132825195789337,326.90936279296875,295.82415771484375,209.75108337402344,-0.0184335820376873,-0.019236309453845024,1.5263813734054565,0.0,0.0,0.0,0,0
1786183690.9641645,1.6830750520020956,APPROACH,BSPLINE,/home/eunseop/nrs_imitation/checkpoints/bspline/polishing/single_cam/20260808_0153,317.4501647949219,297.8032531738281,203.7113037109375,-3.3376895203218737e-07,-5.100961425341666e-05,1.5624223947525024,0.2634265720844269,-0.002935998607426882,0.452910453081131,326.9879150390625,295.8077392578125,209.8011474609375,-0.018586382269859314,-0.019395487383008003,1.5260822772979736,0.0,0.0,0.0,0,0
1786183690.9721384,1.6910490129957907,APPROACH,BSPLINE,/home/eunseop/nrs_imitation/checkpoints/bspline/polishing/single_cam/20260808_0153,317.4510498046875,297.8053283691406,203.7056121826172,1.6690704796928912e-05,-5.875621718587354e-05,1.5623868703842163,0.2800462245941162,-0.33452165126800537,-0.7499040961265564,327.06634521484375,295.7913818359375,209.85113525390625,-0.018739022314548492,-0.019554495811462402,1.5257833003997803,0.0,0.0,0.0,0,0
1786183690.9800344,1.6989446049992694,APPROACH,BSPLINE,/home/eunseop/nrs_imitation/checkpoints/bspline/polishing/single_cam/20260808_0153,317.4190979003906,297.8288269042969,203.71775817871094,3.676273627206683e-05,-3.655114778666757e-05,1.562482237815857,0.2864687442779541,-0.2708539068698883,0.14075343310832977,327.1451416015625,295.7749328613281,209.90139770507812,-0.018892375752329826,-0.019714249297976494,1.5254831314086914,0.0,0.0,0.0,0,0
1786183690.9880538,1.706964084005449,APPROACH,BSPLINE,/home/eunseop/nrs_imitation/checkpoints/bspline/polishing/single_cam/20260808_0153,317.43182373046875,297.8218994140625,203.71914672851562,4.140045348322019e-05,-4.893754157819785e-05,1.5624583959579468,0.19249139726161957,-0.14732490479946136,-0.04263974353671074,327.2244873046875,295.75836181640625,209.95196533203125,-0.019046714529395103,-0.01987503096461296,1.5251810550689697,0.0,0.0,0.0,0,0
1786183690.9960945,1.7150048530020285,APPROACH,BSPLINE,/home/eunseop/nrs_imitation/checkpoints/bspline/polishing/single_cam/20260808_0153,317.44744873046875,297.8206481933594,203.72962951660156,1.6690173652023077e-05,-5.8756984799401835e-05,1.5624583959579468,0.1419169306755066,-0.4267703592777252,-0.41396600008010864,327.3039245605469,295.7417907714844,210.0026092529297,-0.019201304763555527,-0.02003607340157032,1.5248785018920898,0.0,0.0,0.0,0,0
1786183691.0040965,1.7230068479984766,APPROACH,BSPLINE,/home/eunseop/nrs_imitation/checkpoints/bspline/polishing/single_cam/20260808_0153,317.4379577636719,297.823486328125,203.72532653808594,3.829224806395359e-05,-7.834752614144236e-05,1.5624583959579468,0.12414150685071945,-0.18928395211696625,0.5121824741363525,327.3835144042969,295.7251892089844,210.0533447265625,-0.019356168806552887,-0.020197395235300064,1.5245752334594727,0.0,0.0,0.0,0,0
1786183691.013451,1.7323613420012407,APPROACH,BSPLINE,/home/eunseop/nrs_imitation/checkpoints/bspline/polishing/single_cam/20260808_0153,317.4471435546875,297.7961730957031,203.70623779296875,-3.0052851798245683e-05,-4.745262049254961e-05,1.5624583959579468,0.35962823033332825,-0.7249916791915894,-0.608217716217041,327.47711181640625,295.70562744140625,210.11300659179688,-0.019538315013051033,-0.02038714475929737,1.5242185592651367,0.0,0.0,0.0,0,0
1786183691.0201077,1.7390181730006589,APPROACH,BSPLINE,/home/eunseop/nrs_imitation/checkpoints/bspline/polishing/single_cam/20260808_0153,317.44061279296875,297.8173828125,203.71267700195312,1.669120683800429e-05,-5.875658825971186e-05,1.5624463558197021,0.10446413606405258,-0.05259251967072487,0.22945120930671692,327.54315185546875,295.69183349609375,210.15512084960938,-0.01966683194041252,-0.020521027967333794,1.5239670276641846,0.0,0.0,0.0,0,0
1786183691.028162,1.747072679005214,APPROACH,BSPLINE,/home/eunseop/nrs_imitation/checkpoints/bspline/polishing/single_cam/20260808_0153,317.46368408203125,297.79754638671875,203.73587036132812,1.0698403229980613e-06,-9.285160194849595e-05,1.5624343156814575,-0.023034607991576195,0.1686040610074997,0.19194801151752472,327.6236267089844,295.675048828125,210.2064208984375,-0.019823390990495682,-0.020684121176600456,1.5236605405807495,0.0,0.0,0.0,0,0
1786183691.0361805,1.7550908950070152,APPROACH,BSPLINE,/home/eunseop/nrs_imitation/checkpoints/bspline/polishing/single_cam/20260808_0153,317.44659423828125,297.8067626953125,203.70225524902344,-8.205083759094123e-06,-6.808072066633031e-05,1.5624823570251465,0.014308076351881027,0.19935518503189087,0.3615871071815491,327.7046813964844,295.65814208984375,210.2581024169922,-0.019981153309345245,-0.020848464220762253,1.5233516693115234,0.0,0.0,0.0,0,0
1786183691.0442016,1.763112197004375,APPROACH,BSPLINE,/home/eunseop/nrs_imitation/checkpoints/bspline/polishing/single_cam/20260808_0153,317.4368896484375,297.79803466796875,203.71981811523438,1.9737124603125267e-05,-2.8804966859752312e-05,1.5624223947525024,0.1984614133834839,-0.17634765803813934,-0.08511984348297119,327.7844543457031,295.6415100097656,210.30894470214844,-0.020136313512921333,-0.021010098978877068,1.5230480432510376,0.0,0.0,0.0,0,0
1786183691.0522466,1.7711569940001937,APPROACH,BSPLINE,/home/eunseop/nrs_imitation/checkpoints/bspline/polishing/single_cam/20260808_0153,317.4490661621094,297.8126220703125,203.7117462158203,2.5781224394449964e-05,-8.303295180667192e-05,1.5624464750289917,0.07850310206413269,-0.5826225280761719,-0.749639630317688,327.86517333984375,295.6246337890625,210.36041259765625,-0.020293403416872025,-0.021173745393753052,1.522740364074707,0.0,0.0,0.0,0,0
1786183691.0602148,1.7791253049945226,APPROACH,BSPLINE,/home/eunseop/nrs_imitation/checkpoints/bspline/polishing/single_cam/20260808_0153,317.45489501953125,297.8247985839844,203.7310028076172,-3.5655275496537797e-06,-8.046623406698927e-05,1.5624583959579468,-0.030505064874887466,-0.40843915939331055,0.17610302567481995,327.94586181640625,295.6077880859375,210.41184997558594,-0.020450446754693985,-0.021337343379855156,1.5224329233169556,0.0,0.0,0.0,0,0
1786183691.068199,1.7871094860020094,APPROACH,BSPLINE,/home/eunseop/nrs_imitation/checkpoints/bspline/polishing/single_cam/20260808_0153,317.4493713378906,297.81304931640625,203.75657653808594,1.3768179087492172e-05,-8.866190182743594e-05,1.5624343156814575,0.537422776222229,-0.40169939398765564,-0.3011474907398224,328.02679443359375,295.5909118652344,210.46343994140625,-0.02060786262154579,-0.0215013287961483,1.5221248865127563,0.0,0.0,0.0,0,0
1786183691.0760596,1.7949699809978483,APPROACH,BSPLINE,/home/eunseop/nrs_imitation/checkpoints/bspline/polishing/single_cam/20260808_0153,317.43463134765625,297.8280029296875,203.72283935546875,4.158600131631829e-05,-4.9432968808105215e-05,1.5624583959579468,0.1598757803440094,-0.20611676573753357,0.2956659197807312,328.10711669921875,295.5741271972656,210.5146484375,-0.020764216780662537,-0.0216642078012228,1.52181875705719,0.0,0.0,0.0,0,0
1786183691.0842233,1.8031337459979113,APPROACH,BSPLINE,/home/eunseop/nrs_imitation/checkpoints/bspline/polishing/single_cam/20260808_0153,317.43377685546875,297.8261413574219,203.714111328125,4.6410266804741696e-05,-6.231402949197218e-05,1.5624583959579468,0.2983281910419464,-0.4129278361797333,-0.5791523456573486,328.189208984375,295.5569763183594,210.56700134277344,-0.020923983305692673,-0.021830642595887184,1.5215059518814087,0.0,0.0,0.0,0,0
1786183691.092173,1.811083680993761,APPROACH,BSPLINE,/home/eunseop/nrs_imitation/checkpoints/bspline/polishing/single_cam/20260808_0153,317.4282531738281,297.83721923828125,203.72024536132812,5.550336209125817e-05,-8.658948354423046e-05,1.5624823570251465,0.2031240016222,-0.4210065007209778,-0.3125993013381958,328.2706298828125,295.5400085449219,210.618896484375,-0.02108234539628029,-0.02199561335146427,1.521195888519287,0.0,0.0,0.0,0,0
1786183691.100166,1.8190766490006354,APPROACH,BSPLINE,/home/eunseop/nrs_imitation/checkpoints/bspline/polishing/single_cam/20260808_0153,317.4486083984375,297.8350524902344,203.7620849609375,5.721801790059544e-05,-0.00012888047785963863,1.5624343156814575,0.18600697815418243,-0.3604733347892761,0.02002520114183426,328.3521728515625,295.52294921875,210.6708984375,-0.021241093054413795,-0.022160984575748444,1.5208851099014282,0.0,0.0,0.0,0,0
1786183691.1081917,1.8271022499975516,APPROACH,BSPLINE,/home/eunseop/nrs_imitation/checkpoints/bspline/polishing/single_cam/20260808_0153,317.4534912109375,297.8217468261719,203.73863220214844,1.0349923286412377e-05,-0.00011762338544940576,1.5624704360961914,0.11473208665847778,-0.11068538576364517,0.06467433273792267,328.4339904785156,295.5058898925781,210.72305297851562,-0.021400265395641327,-0.022326800972223282,1.520573616027832,0.0,0.0,0.0,0,0
1786183691.1161685,1.8350789370015264,APPROACH,BSPLINE,/home/eunseop/nrs_imitation/checkpoints/bspline/polishing/single_cam/20260808_0153,317.4364013671875,297.8079528808594,203.70082092285156,-5.190198066884477e-07,-5.051460539107211e-05,1.5624823570251465,0.4004993140697479,-0.5408326387405396,-0.6221857666969299,328.515869140625,295.4888000488281,210.77523803710938,-0.02155958116054535,-0.02249276451766491,1.5202617645263672,0.0,0.0,0.0,0,0
1786183691.1241574,1.8430679669982055,APPROACH,BSPLINE,/home/eunseop/nrs_imitation/checkpoints/bspline/polishing/single_cam/20260808_0153,317.43524169921875,297.7940979003906,203.70484924316406,2.588813913462218e-06,-2.1104538973304443e-05,1.5624703168869019,0.18787100911140442,-0.5509592890739441,-0.6380878686904907,328.5979309082031,295.4716796875,210.8275604248047,-0.021719250828027725,-0.022659098729491234,1.519949197769165,0.0,0.0,0.0,0,0
1786183691.1321595,1.8510698519967264,APPROACH,BSPLINE,/home/eunseop/nrs_imitation/checkpoints/bspline/polishing/single_cam/20260808_0153,317.4271545410156,297.8120422363281,203.72349548339844,4.481777796172537e-05,-1.9977440388174728e-05,1.5624703168869019,0.15054365992546082,-0.26548683643341064,-0.34499552845954895,328.68017578125,295.45452880859375,210.87997436523438,-0.021879257634282112,-0.022825781255960464,1.5196359157562256,0.0,0.0,0.0,0,0
1786183691.1401603,1.8590706849936396,APPROACH,BSPLINE,/home/eunseop/nrs_imitation/checkpoints/bspline/polishing/single_cam/20260808_0153,317.4505310058594,297.83941650390625,203.7538604736328,6.496356945717707e-05,-0.00011185697076143697,1.562434434890747,0.26817789673805237,-0.3475676476955414,0.08180884271860123,328.7625427246094,295.43731689453125,210.9324951171875,-0.02203955315053463,-0.02299276739358902,1.519322156906128,0.0,0.0,0.0,0,0
1786183691.1481884,1.8670990310056368,APPROACH,BSPLINE,/home/eunseop/nrs_imitation/checkpoints/bspline/polishing/single_cam/20260808_0153,317.430908203125,297.8201599121094,203.71914672851562,5.39090578968171e-05,-4.425388033268973e-05,1.5624823570251465,0.29110002517700195,-0.37279781699180603,-0.015356611460447311,328.84515380859375,295.4200744628906,210.9851531982422,-0.022200271487236023,-0.023160193115472794,1.5190074443817139,0.0,0.0,0.0,0,0
1786183691.156164,1.875074384995969,APPROACH,BSPLINE,/home/eunseop/nrs_imitation/checkpoints/bspline/polishing/single_cam/20260808_0153,317.46380615234375,297.80926513671875,203.72764587402344,-1.5951056411722675e-05,-8.51043951115571e-05,1.5624104738235474,0.3084186017513275,-0.5434772372245789,0.05778757110238075,328.92779541015625,295.40283203125,211.03782653808594,-0.022361086681485176,-0.023327719420194626,1.5186926126480103,0.0,0.0,0.0,0,0
1786183691.1641073,1.883017688000109,APPROACH,BSPLINE,/home/eunseop/nrs_imitation/checkpoints/bspline/polishing/single_cam/20260808_0153,317.418701171875,297.828369140625,203.70169067382812,4.017955143353902e-05,-7.5902567004959565e-06,1.5624703168869019,0.03382014110684395,-0.30059295892715454,-0.17183427512645721,329.01007080078125,295.3856506347656,211.09030151367188,-0.02252120152115822,-0.02349451556801796,1.5183792114257812,0.0,0.0,0.0,0,0
1786183691.1722014,1.8911119200056419,APPROACH,BSPLINE,/home/eunseop/nrs_imitation/checkpoints/bspline/polishing/single_cam/20260808_0153,317.4388427734375,297.82586669921875,203.74061584472656,6.80096709402278e-05,-8.190639346139506e-05,1.5624583959579468,0.3673263192176819,-0.31602710485458374,-0.3846014142036438,329.09368896484375,295.3681945800781,211.14358520507812,-0.022683855146169662,-0.0236639566719532,1.5180606842041016,0.0,0.0,0.0,0,0
1786183691.1802614,1.8991719460027525,APPROACH,BSPLINE,/home/eunseop/nrs_imitation/checkpoints/bspline/polishing/single_cam/20260808_0153,317.45391845703125,297.7998046875,203.7296905517578,4.302219622331904e-06,-6.339591345749795e-05,1.5624823570251465,0.13041916489601135,-0.15894943475723267,-0.08267828077077866,329.1777648925781,295.35064697265625,211.1971893310547,-0.022847497835755348,-0.023834427818655968,1.517740249633789,0.0,0.0,0.0,0,0
1786183691.1881592,1.9070696720009437,APPROACH,BSPLINE,/home/eunseop/nrs_imitation/checkpoints/bspline/polishing/single_cam/20260808_0153,317.45391845703125,297.7998046875,203.7296905517578,4.302219622331904e-06,-6.339591345749795e-05,1.5624823570251465,0.09735548496246338,-0.39187684655189514,0.3598105311393738,329.2599792480469,295.33349609375,211.24960327148438,-0.023007452487945557,-0.02400106005370617,1.5174273252487183,0.0,0.0,0.0,0,0
1786183691.1961558,1.9150664269982371,APPROACH,BSPLINE,/home/eunseop/nrs_imitation/checkpoints/bspline/polishing/single_cam/20260808_0153,317.4109191894531,297.81158447265625,203.6952362060547,4.3102147174067795e-05,2.2314508896670304e-05,1.5624823570251465,0.22338314354419708,-0.3109421730041504,-0.08048142492771149,329.3433532714844,295.3160705566406,211.30276489257812,-0.02316969446837902,-0.024170072749257088,1.5171096324920654,0.0,0.0,0.0,0,0
1786183691.2041945,1.9231050119997235,APPROACH,BSPLINE,/home/eunseop/nrs_imitation/checkpoints/bspline/polishing/single_cam/20260808_0153,317.429931640625,297.8175354003906,203.7273712158203,3.365330121596344e-05,-6.596241291845217e-05,1.5624942779541016,-0.01832323707640171,-0.04532775655388832,-0.08225589990615845,329.4269714355469,295.2986145019531,211.35606384277344,-0.02333240769803524,-0.024339575320482254,1.5167909860610962,0.0,0.0,0.0,0,0
1786183691.2121642,1.9310746260016458,APPROACH,BSPLINE,/home/eunseop/nrs_imitation/checkpoints/bspline/polishing/single_cam/20260808_0153,317.43072509765625,297.8200378417969,203.72145080566406,6.184181256685406e-05,-2.772458719846327e-05,1.5624464750289917,0.30680492520332336,-0.5659394860267639,-0.11464756727218628,329.51055908203125,295.28118896484375,211.40936279296875,-0.02349507436156273,-0.02450902946293354,1.516472578048706,0.0,0.0,0.0,0,0
1786183691.2201314,1.9390417039976455,APPROACH,BSPLINE,/home/eunseop/nrs_imitation/checkpoints/bspline/polishing/single_cam/20260808_0153,317.44134521484375,297.8189392089844,203.74464416503906,2.1329200535546988e-05,-7.114266190910712e-05,1.5624704360961914,0.27481943368911743,-0.13650424778461456,0.11614786088466644,329.5941467285156,295.26373291015625,211.462646484375,-0.023657681420445442,-0.02467842400074005,1.5161542892456055,0.0,0.0,0.0,0,0
1786183691.2281682,1.947078646000591,APPROACH,BSPLINE,/home/eunseop/nrs_imitation/checkpoints/bspline/polishing/single_cam/20260808_0153,317.4299621582031,297.829345703125,203.72532653808594,5.067912206868641e-05,-7.370777893811464e-05,1.5624463558197021,0.15853732824325562,-0.40238651633262634,-0.29303669929504395,329.67828369140625,295.24615478515625,211.51626586914062,-0.02382141724228859,-0.024848993867635727,1.5158337354660034,0.0,0.0,0.0,0,0
1786183691.2360966,1.9550068200042006,APPROACH,BSPLINE,/home/eunseop/nrs_imitation/checkpoints/bspline/polishing/single_cam/20260808_0153,317.4670104980469,297.8045959472656,203.73245239257812,-1.1315955816826317e-05,-9.749017044669017e-05,1.5624583959579468,0.09350845962762833,-0.3317340910434723,-0.34190356731414795,329.7620849609375,295.2286682128906,211.5697021484375,-0.023984475061297417,-0.025018855929374695,1.5155144929885864,0.0,0.0,0.0,0,0
1786183691.244057,1.9629671559960116,APPROACH,BSPLINE,/home/eunseop/nrs_imitation/checkpoints/bspline/polishing/single_cam/20260808_0153,317.4670104980469,297.8045959472656,203.73245239257812,-1.1315955816826317e-05,-9.749017044669017e-05,1.5624583959579468,0.3465566337108612,-0.47602328658103943,0.09238456189632416,329.84600830078125,295.2111511230469,211.62319946289062,-0.024147771298885345,-0.02518896758556366,1.5151948928833008,0.0,0.0,0.0,0,0
1786183691.2520585,1.9709689309966052,APPROACH,BSPLINE,/home/eunseop/nrs_imitation/checkpoints/bspline/polishing/single_cam/20260808_0153,317.4327697753906,297.8127136230469,203.72488403320312,4.945611726725474e-05,-3.236307020415552e-05,1.5624464750289917,0.13975904881954193,-0.24856548011302948,-0.27881988883018494,329.9304504394531,295.19354248046875,211.67703247070312,-0.024312075227499008,-0.025360126048326492,1.5148732662200928,0.0,0.0,0.0,0,0
1786183691.260048,1.978958371997578,APPROACH,BSPLINE,/home/eunseop/nrs_imitation/checkpoints/bspline/polishing/single_cam/20260808_0153,317.4256286621094,297.8081970214844,203.71815490722656,2.4562154067098163e-05,-4.168575469520874e-05,1.5624582767486572,0.15305742621421814,-0.17190611362457275,-0.06761441379785538,330.01483154296875,295.1759033203125,211.73081970214844,-0.024476269260048866,-0.02553117461502552,1.5145517587661743,0.0,0.0,0.0,0,0
1786183691.2680645,1.9869749750068877,APPROACH,BSPLINE,/home/eunseop/nrs_imitation/checkpoints/bspline/polishing/single_cam/20260808_0153,317.43634033203125,297.8086242675781,203.7161102294922,4.158527372055687e-05,-4.9433307140134275e-05,1.562434434890747,0.11881764233112335,0.08678046613931656,0.40926501154899597,330.0994567871094,295.1582336425781,211.78477478027344,-0.024640945717692375,-0.02570272423326969,1.5142292976379395,0.0,0.0,0.0,0,0
1786183691.2761586,1.9950688560056733,APPROACH,BSPLINE,/home/eunseop/nrs_imitation/checkpoints/bspline/polishing/single_cam/20260808_0153,317.4311218261719,297.8087463378906,203.7099151611328,3.2308373192790896e-05,-2.466185651428532e-05,1.5624463558197021,0.01599324680864811,-0.2857598662376404,-0.1790667027235031,330.18450927734375,295.1405029296875,211.83900451660156,-0.024806475266814232,-0.025875160470604897,1.51390540599823,0.0,0.0,0.0,0,0
1786183691.2841945,2.003105196999968,APPROACH,BSPLINE,/home/eunseop/nrs_imitation/checkpoints/bspline/polishing/single_cam/20260808_0153,317.4473571777344,297.8204040527344,203.74122619628906,2.1329915398382582e-05,-7.114194158930331e-05,1.5624223947525024,0.082748182117939,-0.6865531206130981,-0.2615874409675598,330.2693786621094,295.1227722167969,211.89312744140625,-0.024971608072519302,-0.02604718506336212,1.5135819911956787,0.0,0.0,0.0,0,0
1786183691.2922487,2.011159393005073,APPROACH,BSPLINE,/home/eunseop/nrs_imitation/checkpoints/bspline/polishing/single_cam/20260808_0153,317.4515380859375,297.79412841796875,203.738525390625,-2.522850627428852e-05,-6.0333481087582186e-05,1.5624343156814575,0.1510021835565567,-0.17257282137870789,-0.09418423473834991,330.3546142578125,295.10498046875,211.94744873046875,-0.02513742633163929,-0.026219923049211502,1.5132575035095215,0.0,0.0,0.0,0,0
1786183691.3001766,2.0190870149963303,APPROACH,BSPLINE,/home/eunseop/nrs_imitation/checkpoints/bspline/polishing/single_cam/20260808_0153,317.45025634765625,297.8266906738281,203.7400665283203,4.006920426036231e-05,-0.00012118041922803968,1.5624463558197021,0.33809515833854675,-0.2960890233516693,-0.3126099109649658,330.4393310546875,295.0872802734375,212.00146484375,-0.02530231513082981,-0.02639169432222843,1.512934684753418,0.0,0.0,0.0,0,0
1786183691.308205,2.0271153909998247,APPROACH,BSPLINE,/home/eunseop/nrs_imitation/checkpoints/bspline/polishing/single_cam/20260808_0153,317.4242858886719,297.8522644042969,203.74343872070312,8.986082684714347e-05,-0.00010253341315547004,1.5625063180923462,0.2666788399219513,-0.36412689089775085,0.42622336745262146,330.5245361328125,295.06951904296875,212.0557861328125,-0.025468071922659874,-0.02656436711549759,1.5126101970672607,0.0,0.0,0.0,0,0
1786183691.3161654,2.0350758569984464,APPROACH,BSPLINE,/home/eunseop/nrs_imitation/checkpoints/bspline/polishing/single_cam/20260808_0153,317.4487609863281,297.78875732421875,203.6966094970703,-2.0497204786806833e-06,-8.718719982425682e-06,1.5624103546142578,0.011443231254816055,-0.31837695837020874,-0.29803723096847534,330.6097412109375,295.0517272949219,212.110107421875,-0.025633879005908966,-0.026737093925476074,1.512285590171814,0.0,0.0,0.0,0,0
1786183691.3241637,2.0430741349991877,APPROACH,BSPLINE,/home/eunseop/nrs_imitation/checkpoints/bspline/polishing/single_cam/20260808_0153,317.4387512207031,297.8135681152344,203.73846435546875,2.4561364625697024e-05,-4.1686129407025874e-05,1.5624463558197021,0.3001576066017151,-0.1250954121351242,-0.05586728826165199,330.69512939453125,295.0339050292969,212.16452026367188,-0.025800008326768875,-0.02691015601158142,1.5119603872299194,0.0,0.0,0.0,0,0
1786183691.3321629,2.0510732349939644,APPROACH,BSPLINE,/home/eunseop/nrs_imitation/checkpoints/bspline/polishing/single_cam/20260808_0153,317.4185791015625,297.81671142578125,203.7099151611328,5.720369881601073e-05,-1.533862086944282e-05,1.5624823570251465,0.2658214569091797,-0.3271663784980774,0.36471831798553467,330.7806091308594,295.01605224609375,212.21902465820312,-0.025966329500079155,-0.027083419263362885,1.5116348266601562,0.0,0.0,0.0,0,0
1786183691.3401582,2.0590687380026793,APPROACH,BSPLINE,/home/eunseop/nrs_imitation/checkpoints/bspline/polishing/single_cam/20260808_0153,317.436279296875,297.81927490234375,203.7064971923828,-4.972212991560809e-06,-3.862448284053244e-05,1.5625063180923462,0.0775909349322319,-0.26520878076553345,-0.31249314546585083,330.8661804199219,294.9981994628906,212.2735595703125,-0.026132861152291298,-0.027256900444626808,1.5113087892532349,0.0,0.0,0.0,0,0
1786183691.3481598,2.0670701719936915,APPROACH,BSPLINE,/home/eunseop/nrs_imitation/checkpoints/bspline/polishing/single_cam/20260808_0153,317.4481506347656,297.8216552734375,203.74404907226562,5.711295216315193e-06,-0.00010523804667172953,1.5624942779541016,0.19490721821784973,-0.47293171286582947,-0.25386685132980347,330.95184326171875,294.9803161621094,212.3282012939453,-0.026299595832824707,-0.027430593967437744,1.5109822750091553,0.0,0.0,0.0,0,0
1786183691.3561435,2.075053841996123,APPROACH,BSPLINE,/home/eunseop/nrs_imitation/checkpoints/bspline/polishing/single_cam/20260808_0153,317.4316711425781,297.79791259765625,203.70484924316406,2.589312543932465e-06,-2.1104408006067388e-05,1.5624463558197021,0.23461608588695526,-0.26011091470718384,-0.007398021873086691,331.03741455078125,294.96246337890625,212.38275146484375,-0.026466049253940582,-0.0276039931923151,1.510656476020813,0.0,0.0,0.0,0,0
1786183691.364127,2.083037502001389,APPROACH,BSPLINE,/home/eunseop/nrs_imitation/checkpoints/bspline/polishing/single_cam/20260808_0153,317.4432067871094,297.8230285644531,203.72764587402344,2.132881127181463e-05,-7.114290201570839e-05,1.5624823570251465,0.03639361634850502,-0.3178597688674927,-0.05004533752799034,331.1231689453125,294.9445495605469,212.43740844726562,-0.02663295343518257,-0.027777863666415215,1.5103297233581543,0.0,0.0,0.0,0,0
1786183691.3720388,2.0909493350045523,APPROACH,BSPLINE,/home/eunseop/nrs_imitation/checkpoints/bspline/polishing/single_cam/20260808_0153,317.4417419433594,297.784423828125,203.70440673828125,-4.8422090912936255e-05,1.5941910760375322e-06,1.5624463558197021,0.37173908948898315,0.10032561421394348,-0.32204166054725647,331.208740234375,294.92669677734375,212.49197387695312,-0.02679944969713688,-0.027951307594776154,1.5100038051605225,0.0,0.0,0.0,0,0
1786183691.3801293,2.0990398499998264,APPROACH,BSPLINE,/home/eunseop/nrs_imitation/checkpoints/bspline/polishing/single_cam/20260808_0153,317.435546875,297.8058166503906,203.71815490722656,-1.2843748663726728e-05,-5.569535642280243e-05,1.562530279159546,0.2087908536195755,-0.2842542827129364,0.11966919153928757,331.29534912109375,294.90863037109375,212.54714965820312,-0.026967927813529968,-0.02812681719660759,1.5096739530563354,0.0,0.0,0.0,0,0
1786183691.388074,2.1069844150042627,APPROACH,BSPLINE,/home/eunseop/nrs_imitation/checkpoints/bspline/polishing/single_cam/20260808_0153,317.4468078613281,297.8077087402344,203.73846435546875,1.2051312296534888e-05,-4.637129313778132e-05,1.5624464750289917,0.24468450248241425,-0.4593759775161743,-0.6113945245742798,331.38140869140625,294.8906555175781,212.60205078125,-0.02713542990386486,-0.028301309794187546,1.5093460083007812,0.0,0.0,0.0,0,0
1786183691.3973937,2.1163040620012907,APPROACH,BSPLINE,/home/eunseop/nrs_imitation/checkpoints/bspline/polishing/single_cam/20260808_0153,317.43841552734375,297.8009948730469,203.7037353515625,-1.8640869257069426e-06,-9.214229066856205e-06,1.5624583959579468,0.12446801364421844,-0.1352507472038269,0.008157536387443542,331.4820556640625,294.86962890625,212.66619873046875,-0.02733122743666172,-0.028505276888608932,1.5089627504348755,0.0,0.0,0.0,0,0
1786183691.4040608,2.1229713430075208,APPROACH,BSPLINE,/home/eunseop/nrs_imitation/checkpoints/bspline/polishing/single_cam/20260808_0153,317.4503479003906,297.81488037109375,203.70306396484375,-1.7481381291872822e-05,-4.330936644691974e-05,1.5624463558197021,0.040945082902908325,-0.4980054199695587,0.8121815323829651,331.55401611328125,294.8546142578125,212.71206665039062,-0.0274712685495615,-0.028651162981987,1.5086885690689087,0.0,0.0,0.0,0,0
1786183691.412034,2.1309444030048326,APPROACH,BSPLINE,/home/eunseop/nrs_imitation/checkpoints/bspline/polishing/single_cam/20260808_0153,317.448486328125,297.8349609375,203.7405548095703,5.550049536395818e-05,-8.659072773298249e-05,1.5624464750289917,0.3929363787174225,0.0825079008936882,0.41543349623680115,331.6403503417969,294.83660888671875,212.76710510253906,-0.02763921581208706,-0.028826117515563965,1.5083599090576172,0.0,0.0,0.0,0,0
1786183691.420047,2.138957550007035,APPROACH,BSPLINE,/home/eunseop/nrs_imitation/checkpoints/bspline/polishing/single_cam/20260808_0153,317.4585876464844,297.8096923828125,203.72532653808594,8.85974088760122e-07,-9.235630568582565e-05,1.5624464750289917,0.12425483763217926,-0.510269284248352,0.34095606207847595,331.7269592285156,294.8185119628906,212.82232666015625,-0.027807803824543953,-0.029001742601394653,1.5080296993255615,0.0,0.0,0.0,0,0
1786183691.428086,2.146996384995873,APPROACH,BSPLINE,/home/eunseop/nrs_imitation/checkpoints/bspline/polishing/single_cam/20260808_0153,317.42803955078125,297.8367919921875,203.73641967773438,4.158672891207971e-05,-4.9432630476076156e-05,1.5624823570251465,0.0858752653002739,-0.19110435247421265,-0.009420802816748619,331.81365966796875,294.8004150390625,212.87759399414062,-0.02797650545835495,-0.029177485033869743,1.5076994895935059,0.0,0.0,0.0,0,0
1786183691.4361658,2.1550768909946783,APPROACH,BSPLINE,/home/eunseop/nrs_imitation/checkpoints/bspline/polishing/single_cam/20260808_0153,317.4481201171875,297.7987976074219,203.7099151611328,-4.97310611535795e-06,-3.8624111766694114e-05,1.5624583959579468,0.30217400193214417,-0.08732092380523682,0.09913495928049088,331.90087890625,294.7821960449219,212.93319702148438,-0.028146211057901382,-0.029354272410273552,1.5073672533035278,0.0,0.0,0.0,0,0
1786183691.44534,2.1642502280010376,APPROACH,BSPLINE,/home/eunseop/nrs_imitation/checkpoints/bspline/polishing/single_cam/20260808_0153,317.4280700683594,297.8135070800781,203.7147216796875,2.4561313693993725e-05,-4.1686616896186024e-05,1.5625063180923462,0.282865047454834,-0.5654754042625427,-0.22105996310710907,332.0010681152344,294.76129150390625,212.9970703125,-0.028341155499219894,-0.029557352885603905,1.5069856643676758,0.0,0.0,0.0,0,0
1786183691.4520726,2.1709831949992804,APPROACH,BSPLINE,/home/eunseop/nrs_imitation/checkpoints/bspline/polishing/single_cam/20260808_0153,317.43060302734375,297.8083801269531,203.71775817871094,7.416532753268257e-05,-2.2544627427123487e-05,1.5624103546142578,-0.15110410749912262,-0.2272784411907196,-0.44631731510162354,332.07403564453125,294.7460632324219,213.04360961914062,-0.028483163565397263,-0.029705286026000977,1.5067076683044434,0.0,0.0,0.0,0,0
1786183691.460174,2.1790845100040315,APPROACH,BSPLINE,/home/eunseop/nrs_imitation/checkpoints/bspline/polishing/single_cam/20260808_0153,317.44830322265625,297.7988586425781,203.7195281982422,-8.206322490877938e-06,-6.808068428654224e-05,1.5624942779541016,0.12098579108715057,-0.25112298130989075,0.016818780452013016,332.16131591796875,294.7278747558594,213.0992431640625,-0.028652967885136604,-0.029882177710533142,1.5063753128051758,0.0,0.0,0.0,0,0
1786183691.469429,2.1883392830059165,APPROACH,BSPLINE,/home/eunseop/nrs_imitation/checkpoints/bspline/polishing/single_cam/20260808_0153,317.4393615722656,297.8271789550781,203.7329864501953,6.647981354035437e-05,-4.0111081034410745e-05,1.5624463558197021,-0.034653861075639725,-0.2627028822898865,0.09441372007131577,332.26300048828125,294.7066345214844,213.1640625,-0.02885080687701702,-0.0300882738083601,1.5059878826141357,0.0,0.0,0.0,0,0
1786183691.476125,2.1950353889988037,APPROACH,BSPLINE,/home/eunseop/nrs_imitation/checkpoints/bspline/polishing/single_cam/20260808_0153,317.4337463378906,297.814453125,203.71295166015625,3.2122828997671604e-05,-2.416643110336736e-05,1.5624463558197021,0.2047671377658844,-0.47641482949256897,-0.12871870398521423,332.33526611328125,294.6915283203125,213.2101287841797,-0.028991447761654854,-0.03023478202521801,1.5057125091552734,0.0,0.0,0.0,0,0
1786183691.4840295,2.2029397870064713,APPROACH,BSPLINE,/home/eunseop/nrs_imitation/checkpoints/bspline/polishing/single_cam/20260808_0153,317.4112243652344,297.8238830566406,203.7331085205078,6.648208363913e-05,-4.010755947092548e-05,1.5624583959579468,0.15783055126667023,-0.12693676352500916,0.3963886499404907,332.4222412109375,294.67340087890625,213.26556396484375,-0.029160646721720695,-0.030411044135689735,1.5053813457489014,0.0,0.0,0.0,0,0
1786183691.492091,2.211001206000219,APPROACH,BSPLINE,/home/eunseop/nrs_imitation/checkpoints/bspline/polishing/single_cam/20260808_0153,317.4414367675781,297.808349609375,203.71267700195312,5.409334335126914e-05,-4.4750460801878944e-05,1.5624582767486572,0.11916986107826233,-0.29481765627861023,-0.0032815001904964447,332.5096435546875,294.6551513671875,213.3212890625,-0.02933073788881302,-0.030588233843445778,1.505048394203186,0.0,0.0,0.0,0,0
1786183691.5001602,2.2190706609981135,APPROACH,BSPLINE,/home/eunseop/nrs_imitation/checkpoints/bspline/polishing/single_cam/20260808_0153,317.4466247558594,297.8312072753906,203.73178100585938,7.264740270329639e-05,-9.429242345504463e-05,1.5624463558197021,0.20972296595573425,-0.24262890219688416,0.45558446645736694,332.597412109375,294.6368103027344,213.3772430419922,-0.029501542448997498,-0.030766166746616364,1.504714012145996,0.0,0.0,0.0,0,0
1786183691.5081804,2.227090931002749,APPROACH,BSPLINE,/home/eunseop/nrs_imitation/checkpoints/bspline/polishing/single_cam/20260808_0153,317.4154052734375,297.8213195800781,203.70510864257812,5.2565086662070826e-05,-2.951944907181314e-06,1.5624703168869019,0.19737569987773895,-0.4940364360809326,-0.1910533905029297,332.684814453125,294.61859130859375,213.43296813964844,-0.02967161498963833,-0.030943337827920914,1.5043809413909912,0.0,0.0,0.0,0,0
1786183691.5161736,2.2350841690058587,APPROACH,BSPLINE,/home/eunseop/nrs_imitation/checkpoints/bspline/polishing/single_cam/20260808_0153,317.40301513671875,297.8411560058594,203.71267700195312,9.13771364139393e-05,-3.078564259340055e-05,1.562530279159546,-0.049023110419511795,-0.32997289299964905,-0.07189983874559402,332.77203369140625,294.6003723144531,213.48855590820312,-0.029841259121894836,-0.0311200600117445,1.5040489435195923,0.0,0.0,0.0,0,0
1786183691.5241063,2.243016620996059,APPROACH,BSPLINE,/home/eunseop/nrs_imitation/checkpoints/bspline/polishing/single_cam/20260808_0153,317.4566650390625,297.8168640136719,203.71571350097656,-2.07763569051167e-05,-7.222387648653239e-05,1.5624823570251465,0.3023374378681183,-0.05293494462966919,0.46550339460372925,332.85943603515625,294.5821228027344,213.54428100585938,-0.030011367052793503,-0.031297266483306885,1.503715991973877,0.0,0.0,0.0,0,0
1786183691.5321293,2.251039707000018,APPROACH,BSPLINE,/home/eunseop/nrs_imitation/checkpoints/bspline/polishing/single_cam/20260808_0153,317.4600830078125,297.80084228515625,203.7113037109375,-3.7738409446319565e-05,-6.501844472950324e-05,1.5624463558197021,0.31141218543052673,-0.4489498436450958,-0.15273451805114746,332.947021484375,294.5638427734375,213.60012817382812,-0.03018179163336754,-0.031474802643060684,1.5033823251724243,0.0,0.0,0.0,0,0
1786183691.5402083,2.259118829999352,APPROACH,BSPLINE,/home/eunseop/nrs_imitation/checkpoints/bspline/polishing/single_cam/20260808_0153,317.4376525878906,297.81146240234375,203.70814514160156,2.7484029487823136e-05,-1.1781302418967243e-05,1.5624583959579468,-0.06994565576314926,-0.2131958305835724,0.15474466979503632,333.03485107421875,294.5455322265625,213.6561279296875,-0.03035268746316433,-0.03165283054113388,1.5030477046966553,0.0,0.0,0.0,0,0
1786183691.5481255,2.2670359430048848,APPROACH,BSPLINE,/home/eunseop/nrs_imitation/checkpoints/bspline/polishing/single_cam/20260808_0153,317.44342041015625,297.812255859375,203.71914672851562,2.9014085157541558e-05,-5.3576430218527094e-05,1.562434434890747,0.21558856964111328,-0.39585500955581665,-0.30696338415145874,333.1223449707031,294.5272521972656,213.71188354492188,-0.030522946268320084,-0.03183019533753395,1.5027145147323608,0.0,0.0,0.0,0,0
1786183691.556063,2.274973385006888,APPROACH,BSPLINE,/home/eunseop/nrs_imitation/checkpoints/bspline/polishing/single_cam/20260808_0153,317.43896484375,297.81427001953125,203.73106384277344,4.622382766683586e-05,-6.18189515080303e-05,1.562434434890747,0.013153774663805962,-0.055921122431755066,-0.10211245715618134,333.21002197265625,294.5089416503906,213.76779174804688,-0.030693577602505684,-0.03200795128941536,1.50238037109375,0.0,0.0,0.0,0,0
1786183691.5641124,2.283022870993591,APPROACH,BSPLINE,/home/eunseop/nrs_imitation/checkpoints/bspline/polishing/single_cam/20260808_0153,317.4471740722656,297.8079833984375,203.7161102294922,-8.204665391531307e-06,-6.80806624586694e-05,1.5624704360961914,0.5313789248466492,-0.3299490809440613,-0.20114320516586304,333.29791259765625,294.4906005859375,213.82382202148438,-0.030864600092172623,-0.032186109572649,1.5020456314086914,0.0,0.0,0.0,0,0
1786183691.5721579,2.291068359001656,APPROACH,BSPLINE,/home/eunseop/nrs_imitation/checkpoints/bspline/polishing/single_cam/20260808_0153,317.42401123046875,297.7936706542969,203.70578002929688,3.090233440161683e-05,1.717955819913186e-05,1.5624583959579468,0.22577829658985138,-0.5982440114021301,-0.18919189274311066,333.38604736328125,294.4721984863281,213.8800048828125,-0.031036091968417168,-0.03236475586891174,1.5017099380493164,0.0,0.0,0.0,0,0
1786183691.5800436,2.298953801000607,APPROACH,BSPLINE,/home/eunseop/nrs_imitation/checkpoints/bspline/polishing/single_cam/20260808_0153,317.4292297363281,297.8165283203125,203.71295166015625,4.4632237404584885e-05,-1.9482009520288557e-05,1.5624703168869019,0.28933122754096985,-0.28084906935691833,-0.09467858821153641,333.4735107421875,294.4539489746094,213.93576049804688,-0.03120625577867031,-0.03254202380776405,1.5013766288757324,0.0,0.0,0.0,0,0
1786183691.5880558,2.306966186995851,APPROACH,BSPLINE,/home/eunseop/nrs_imitation/checkpoints/bspline/polishing/single_cam/20260808_0153,317.4286193847656,297.814697265625,203.72830200195312,2.4561944883316755e-05,-4.168596933595836e-05,1.5624703168869019,0.14288698136806488,-0.5515106916427612,-0.2435987889766693,333.56158447265625,294.4355773925781,213.99191284179688,-0.0313776358962059,-0.03272055462002754,1.501041293144226,0.0,0.0,0.0,0,0
1786183691.5960367,2.3149469710042467,APPROACH,BSPLINE,/home/eunseop/nrs_imitation/checkpoints/bspline/polishing/single_cam/20260808_0153,317.4239501953125,297.82818603515625,203.70787048339844,4.945716500515118e-05,-3.236164047848433e-05,1.5624582767486572,0.06801598519086838,-0.3290518522262573,-0.11649471521377563,333.6495361328125,294.4172058105469,214.0479736328125,-0.031548742204904556,-0.03289879858493805,1.5007061958312988,0.0,0.0,0.0,0,0
1786183691.6041818,2.323092421007459,APPROACH,BSPLINE,/home/eunseop/nrs_imitation/checkpoints/bspline/polishing/single_cam/20260808_0153,317.4505920410156,297.8390197753906,203.75436401367188,5.379801586968824e-05,-0.00015784359129611403,1.5624943971633911,0.21400946378707886,-0.16867876052856445,-0.040454328060150146,333.73834228515625,294.398681640625,214.10459899902344,-0.03172159940004349,-0.0330788716673851,1.5003678798675537,0.0,0.0,0.0,0,0
1786183691.6120489,2.3309593480080366,APPROACH,BSPLINE,/home/eunseop/nrs_imitation/checkpoints/bspline/polishing/single_cam/20260808_0153,317.4429016113281,297.834228515625,203.73045349121094,4.3302541598677635e-05,-9.172359568765387e-05,1.5624463558197021,0.14546026289463043,-0.028884118422865868,0.029689926654100418,333.82568359375,294.38043212890625,214.1602783203125,-0.03189153969287872,-0.03325590491294861,1.5000351667404175,0.0,0.0,0.0,0,0
1786183691.6200552,2.3389657810039353,APPROACH,BSPLINE,/home/eunseop/nrs_imitation/checkpoints/bspline/polishing/single_cam/20260808_0153,317.4344787597656,297.80426025390625,203.71241760253906,2.901445077441167e-05,-5.357634290703572e-05,1.5624463558197021,0.20002232491970062,-0.27713507413864136,-0.3285696804523468,333.9139404296875,294.36199951171875,214.216552734375,-0.03206329792737961,-0.033434830605983734,1.4996988773345947,0.0,0.0,0.0,0,0
1786183691.6281219,2.3470321700006025,APPROACH,BSPLINE,/home/eunseop/nrs_imitation/checkpoints/bspline/polishing/single_cam/20260808_0153,317.4396667480469,297.8153076171875,203.7335662841797,3.0421473638853058e-05,-9.541825420456007e-05,1.5624583959579468,0.21093763411045074,-0.4064972698688507,-0.2850634753704071,334.00225830078125,294.34356689453125,214.2728271484375,-0.032235074788331985,-0.03361377492547035,1.4993627071380615,0.0,0.0,0.0,0,0
1786183691.6360247,2.354935266004759,APPROACH,BSPLINE,/home/eunseop/nrs_imitation/checkpoints/bspline/polishing/single_cam/20260808_0153,317.45782470703125,297.8195495605469,203.72901916503906,1.071516862793942e-06,-9.285203122999519e-05,1.5624703168869019,0.34033071994781494,-0.2147320955991745,0.6224909424781799,334.09027099609375,294.3251953125,214.32894897460938,-0.03240634500980377,-0.03379219025373459,1.4990274906158447,0.0,0.0,0.0,0,0
1786183691.6440144,2.3629247070057318,APPROACH,BSPLINE,/home/eunseop/nrs_imitation/checkpoints/bspline/polishing/single_cam/20260808_0153,317.4385681152344,297.81292724609375,203.7113037109375,1.2051649719069246e-05,-4.637144593289122e-05,1.5624823570251465,-0.027183201164007187,-0.2032659351825714,-0.020158927887678146,334.1784973144531,294.3067626953125,214.3852081298828,-0.03257806971669197,-0.03397108241915703,1.498691201210022,0.0,0.0,0.0,0,0
1786183691.6520686,2.3709791129949735,APPROACH,BSPLINE,/home/eunseop/nrs_imitation/checkpoints/bspline/polishing/single_cam/20260808_0153,317.4396667480469,297.8268127441406,203.72764587402344,2.1329269657144323e-05,-7.114289473975077e-05,1.5624942779541016,0.20291942358016968,-0.3445959985256195,0.25477364659309387,334.2669677734375,294.288330078125,214.44158935546875,-0.032750170677900314,-0.034150369465351105,1.498354434967041,0.0,0.0,0.0,0,0
1786183691.6601183,2.3790287699957844,APPROACH,BSPLINE,/home/eunseop/nrs_imitation/checkpoints/bspline/polishing/single_cam/20260808_0153,317.4490966796875,297.8245849609375,203.75161743164062,5.703161150449887e-05,-0.00012838518887292594,1.5624223947525024,0.2514878809452057,-0.19305387139320374,0.13068653643131256,334.3554382324219,294.26983642578125,214.4980010986328,-0.032922372221946716,-0.03432975709438324,1.4980170726776123,0.0,0.0,0.0,0,0
1786183691.6680593,2.3869697879999876,APPROACH,BSPLINE,/home/eunseop/nrs_imitation/checkpoints/bspline/polishing/single_cam/20260808_0153,317.4333801269531,297.8371276855469,203.74681091308594,7.728803757345304e-05,-0.00010667730384739116,1.5624823570251465,0.1886509358882904,0.01333422027528286,0.15669333934783936,334.4437255859375,294.25140380859375,214.55429077148438,-0.033094123005867004,-0.03450867533683777,1.497680902481079,0.0,0.0,0.0,0,0
1786183691.6760702,2.394980469995062,APPROACH,BSPLINE,/home/eunseop/nrs_imitation/checkpoints/bspline/polishing/single_cam/20260808_0153,317.4324645996094,297.82330322265625,203.73304748535156,4.15855465689674e-05,-4.94336272822693e-05,1.5624823570251465,0.15677645802497864,-0.4742366671562195,0.02257351391017437,334.53204345703125,294.23297119140625,214.610595703125,-0.03326602280139923,-0.034687746316194534,1.4973444938659668,0.0,0.0,0.0,0,0
1786183691.684072,2.402982375002466,APPROACH,BSPLINE,/home/eunseop/nrs_imitation/checkpoints/bspline/polishing/single_cam/20260808_0153,317.4148254394531,297.820068359375,203.72119140625,6.165718514239416e-05,-2.7227355531067587e-05,1.5624582767486572,0.13107611238956451,-0.5012607574462891,-0.8343138694763184,334.62054443359375,294.2145080566406,214.66700744628906,-0.033438194543123245,-0.03486710786819458,1.4970073699951172,0.0,0.0,0.0,0,0
1786183691.6920693,2.410979631007649,APPROACH,BSPLINE,/home/eunseop/nrs_imitation/checkpoints/bspline/polishing/single_cam/20260808_0153,317.4396667480469,297.8150329589844,203.71775817871094,-5.199286192691943e-07,-5.051484185969457e-05,1.5625182390213013,0.3879450559616089,-0.046006958931684494,0.1704966276884079,334.70904541015625,294.196044921875,214.72341918945312,-0.03361038118600845,-0.03504647687077522,1.4966703653335571,0.0,0.0,0.0,0,0
1786183691.7001576,2.4190682619955624,APPROACH,BSPLINE,/home/eunseop/nrs_imitation/checkpoints/bspline/polishing/single_cam/20260808_0153,317.4271545410156,297.7999572753906,203.71678161621094,1.9923509171348996e-05,-2.9299753805389628e-05,1.562410831451416,0.005578877404332161,-0.25384756922721863,-0.011672970838844776,334.79779052734375,294.177490234375,214.77999877929688,-0.03378310054540634,-0.03522640839219093,1.4963321685791016,0.0,0.0,0.0,0,0
1786183691.708181,2.4270915480010444,APPROACH,BSPLINE,/home/eunseop/nrs_imitation/checkpoints/bspline/polishing/single_cam/20260808_0153,317.43267822265625,297.801025390625,203.72119140625,6.165567901916802e-05,-2.723022407735698e-05,1.5624343156814575,0.1879895180463791,-0.12909293174743652,-0.012310772202908993,334.88641357421875,294.15899658203125,214.83648681640625,-0.033955495804548264,-0.03540599346160889,1.4959946870803833,0.0,0.0,0.0,0,0
1786183691.7160685,2.4349790940032108,APPROACH,BSPLINE,/home/eunseop/nrs_imitation/checkpoints/bspline/polishing/single_cam/20260808_0153,317.43475341796875,297.7934265136719,203.68844604492188,5.8213317970512435e-06,8.351811629836448e-06,1.562434434890747,0.21480487287044525,-0.16366343200206757,0.058082208037376404,334.9747009277344,294.14056396484375,214.89279174804688,-0.03412735462188721,-0.03558502718806267,1.4956581592559814,0.0,0.0,0.0,0,0
1786183691.724041,2.4429514130024472,APPROACH,BSPLINE,/home/eunseop/nrs_imitation/checkpoints/bspline/polishing/single_cam/20260808_0153,317.43475341796875,297.7934265136719,203.68844604492188,5.8213317970512435e-06,8.351811629836448e-06,1.562434434890747,0.407806396484375,-0.15988776087760925,0.009924124926328659,335.0628662109375,294.1221923828125,214.94898986816406,-0.03429890051484108,-0.03576372563838959,1.4953222274780273,0.0,0.0,0.0,0,0
1786183691.7320268,2.4509372570028063,APPROACH,BSPLINE,/home/eunseop/nrs_imitation/checkpoints/bspline/polishing/single_cam/20260808_0153,317.4480895996094,297.8341369628906,203.7572784423828,6.496413698187098e-05,-0.00011185639596078545,1.5624223947525024,0.2181496024131775,-0.2800346314907074,0.029316579923033714,335.1514892578125,294.1036682128906,215.0054931640625,-0.03447137400507927,-0.035943400114774704,1.4949846267700195,0.0,0.0,0.0,0,0
1786183691.7401726,2.4590830380038824,APPROACH,BSPLINE,/home/eunseop/nrs_imitation/checkpoints/bspline/polishing/single_cam/20260808_0153,317.4460144042969,297.8173522949219,203.72145080566406,-3.331589084609732e-07,-5.1009781600441784e-05,1.5624463558197021,0.29673799872398376,-0.23669107258319855,-0.08707650750875473,335.240478515625,294.0850830078125,215.0622100830078,-0.0346444770693779,-0.03612373024225235,1.4946458339691162,0.0,0.0,0.0,0,0
1786183691.7481086,2.4670190470060334,APPROACH,BSPLINE,/home/eunseop/nrs_imitation/checkpoints/bspline/polishing/single_cam/20260808_0153,317.43170166015625,297.79852294921875,203.68783569335938,2.748408223851584e-05,-1.1780934073613025e-05,1.562434434890747,0.22528396546840668,-0.4357652962207794,-0.6829821467399597,335.32879638671875,294.066650390625,215.11851501464844,-0.034816302359104156,-0.03630272299051285,1.494309425354004,0.0,0.0,0.0,0,0
1786183691.7561607,2.475071298002149,APPROACH,BSPLINE,/home/eunseop/nrs_imitation/checkpoints/bspline/polishing/single_cam/20260808_0153,317.4466857910156,297.84259033203125,203.74679565429688,6.496546848211437e-05,-0.00011185562470927835,1.5624223947525024,0.09740495681762695,-0.4932520091533661,-0.3331735134124756,335.4177551269531,294.048095703125,215.17523193359375,-0.03498942404985428,-0.036483071744441986,1.4939706325531006,0.0,0.0,0.0,0,0
1786183691.7641344,2.4830447989952518,APPROACH,BSPLINE,/home/eunseop/nrs_imitation/checkpoints/bspline/polishing/single_cam/20260808_0153,317.457275390625,297.8070983886719,203.7350311279297,-3.349953203723999e-07,-5.100977068650536e-05,1.5624463558197021,0.06161697208881378,-0.4802689850330353,-0.19047413766384125,335.5061950683594,294.0296630859375,215.23162841796875,-0.035161543637514114,-0.036662373691797256,1.4936336278915405,0.0,0.0,0.0,0,0
1786183691.7721803,2.491090769006405,APPROACH,BSPLINE,/home/eunseop/nrs_imitation/checkpoints/bspline/polishing/single_cam/20260808_0153,317.4255676269531,297.79718017578125,203.6904296875,3.8463454984594136e-05,3.4699383832048625e-05,1.5624103546142578,0.21557007730007172,-0.10240694880485535,0.7550089359283447,335.59503173828125,294.0111083984375,215.28823852539062,-0.03533434122800827,-0.036842379719018936,1.493295431137085,0.0,0.0,0.0,0,0
1786183691.7801387,2.49904926000454,APPROACH,BSPLINE,/home/eunseop/nrs_imitation/checkpoints/bspline/polishing/single_cam/20260808_0153,317.4359130859375,297.830810546875,203.73382568359375,5.55021470063366e-05,-8.658986916998401e-05,1.5624583959579468,0.020403403788805008,-0.30879175662994385,-0.07280690968036652,335.6834411621094,293.9926452636719,215.3446044921875,-0.03550638630986214,-0.03702160716056824,1.4929585456848145,0.0,0.0,0.0,0,0
1786183691.7881615,2.507072025007801,APPROACH,BSPLINE,/home/eunseop/nrs_imitation/checkpoints/bspline/polishing/single_cam/20260808_0153,317.4571533203125,297.7954406738281,203.74327087402344,1.6689309632056393e-05,-5.8756610087584704e-05,1.562386393547058,-0.0019027579110115767,-0.23977130651474,0.022975360974669456,335.77203369140625,293.97412109375,215.40110778808594,-0.03567886725068092,-0.03720128536224365,1.492620825767517,0.0,0.0,0.0,0,0
1786183691.7961602,2.515070774999913,APPROACH,BSPLINE,/home/eunseop/nrs_imitation/checkpoints/bspline/polishing/single_cam/20260808_0153,317.4439697265625,297.82440185546875,203.69732666015625,-5.187148417462595e-07,-5.051452535553835e-05,1.5624703168869019,0.08010943233966827,-0.1012842059135437,-0.1279950886964798,335.86090087890625,293.9555969238281,215.45773315429688,-0.03585168719291687,-0.03738131746649742,1.492282509803772,0.0,0.0,0.0,0,0
1786183691.804194,2.5231044499960262,APPROACH,BSPLINE,/home/eunseop/nrs_imitation/checkpoints/bspline/polishing/single_cam/20260808_0153,317.4623107910156,297.8175048828125,203.72901916503906,-1.1314219591440633e-05,-9.749053424457088e-05,1.5624703168869019,0.25899648666381836,-0.49321189522743225,-0.33364036679267883,335.94976806640625,293.9370422363281,215.514404296875,-0.036024633795022964,-0.037561479955911636,1.4919439554214478,0.0,0.0,0.0,0,0
1786183691.812147,2.5310574320028536,APPROACH,BSPLINE,/home/eunseop/nrs_imitation/checkpoints/bspline/polishing/single_cam/20260808_0153,317.4401550292969,297.8283996582031,203.73580932617188,5.086217788630165e-05,-7.420527253998443e-05,1.5624703168869019,0.27274033427238464,-0.3921786844730377,0.1781117022037506,336.0377197265625,293.9186706542969,215.5704803466797,-0.03619582951068878,-0.0377398245036602,1.4916088581085205,0.0,0.0,0.0,0,0
1786183691.8203356,2.539246013999218,APPROACH,BSPLINE,/home/eunseop/nrs_imitation/checkpoints/bspline/polishing/single_cam/20260808_0153,317.4508361816406,297.8396301269531,203.76605224609375,3.542891136021353e-05,-0.00010879629553528503,1.5625063180923462,0.15183262526988983,-0.40629807114601135,-0.15242953598499298,336.12890625,293.899658203125,215.62860107421875,-0.03637320175766945,-0.03792459890246391,1.4912614822387695,0.0,0.0,0.0,0,0
1786183691.8281581,2.5470687159977388,APPROACH,BSPLINE,/home/eunseop/nrs_imitation/checkpoints/bspline/polishing/single_cam/20260808_0153,317.4508361816406,297.8396301269531,203.76605224609375,3.542891136021353e-05,-0.00010879629553528503,1.5625063180923462,0.15183262526988983,-0.40629807114601135,-0.15242953598499298,336.21551513671875,293.881591796875,215.68380737304688,-0.03654170781373978,-0.03810013830661774,1.490931749343872,0.0,0.0,0.0,0,0
1786183691.836112,2.5550226399936946,APPROACH,BSPLINE,/home/eunseop/nrs_imitation/checkpoints/bspline/polishing/single_cam/20260808_0153,317.4213562011719,297.8106689453125,203.72462463378906,3.676185951917432e-05,-3.6552031815517694e-05,1.5624823570251465,0.14080451428890228,-0.06468576937913895,-0.11399942636489868,336.30389404296875,293.8631286621094,215.7401580810547,-0.036713674664497375,-0.03827928006649017,1.4905951023101807,0.0,0.0,0.0,0,0
1786183691.844157,2.5630674270068994,APPROACH,BSPLINE,/home/eunseop/nrs_imitation/checkpoints/bspline/polishing/single_cam/20260808_0153,317.427734375,297.8017883300781,203.70143127441406,3.999354157713242e-05,-7.095496130204992e-06,1.5624104738235474,0.08602473884820938,0.003342153737321496,-0.15954358875751495,336.3924560546875,293.84466552734375,215.796630859375,-0.036886073648929596,-0.038458868861198425,1.4902576208114624,0.0,0.0,0.0,0,0
1786183691.8520975,2.5710079239943298,APPROACH,BSPLINE,/home/eunseop/nrs_imitation/checkpoints/bspline/polishing/single_cam/20260808_0153,317.4429016113281,297.7991943359375,203.7195281982422,1.6689145923010074e-05,-5.875738133909181e-05,1.5624704360961914,0.12213440984487534,-0.01611373946070671,0.46064290404319763,336.48138427734375,293.8260498046875,215.85330200195312,-0.037059102207422256,-0.0386391207575798,1.489918828010559,0.0,0.0,0.0,0,0
1786183691.8600967,2.5790072649979265,APPROACH,BSPLINE,/home/eunseop/nrs_imitation/checkpoints/bspline/polishing/single_cam/20260808_0153,317.4429016113281,297.7991943359375,203.7195281982422,1.6689145923010074e-05,-5.875738133909181e-05,1.5624704360961914,0.08609404414892197,-0.12619921565055847,-0.34177687764167786,336.5696105957031,293.8076477050781,215.9095458984375,-0.03723075985908508,-0.03881794214248657,1.4895827770233154,0.0,0.0,0.0,0,0
1786183691.8680787,2.586989030998666,APPROACH,BSPLINE,/home/eunseop/nrs_imitation/checkpoints/bspline/polishing/single_cam/20260808_0153,317.4366760253906,297.80908203125,203.73707580566406,1.9922876163036563e-05,-2.930031951109413e-05,1.5624343156814575,0.15593549609184265,0.10834216326475143,-0.022320905700325966,336.6584777832031,293.7890930175781,215.96621704101562,-0.03740369901061058,-0.03899809718132019,1.4892442226409912,0.0,0.0,0.0,0,0
1786183691.8768077,2.595718108001165,APPROACH,BSPLINE,/home/eunseop/nrs_imitation/checkpoints/bspline/polishing/single_cam/20260808_0153,317.4335021972656,297.8252868652344,203.70953369140625,1.973731559701264e-05,-2.8805250622099265e-05,1.5624942779541016,0.15593549609184265,0.10834216326475143,-0.022320905700325966,336.7549743652344,293.7689514160156,216.02772521972656,-0.03759143874049187,-0.03919367119669914,1.4888767004013062,0.0,0.0,0.0,0,0
1786183691.8840134,2.602923729005852,APPROACH,BSPLINE,/home/eunseop/nrs_imitation/checkpoints/bspline/polishing/single_cam/20260808_0153,317.4639587402344,297.8450012207031,203.76345825195312,4.953105963068083e-05,-0.00014644718612544239,1.562434434890747,0.018444539979100227,0.058920975774526596,0.17881612479686737,336.8347473144531,293.7523193359375,216.07858276367188,-0.03774665296077728,-0.03935536742210388,1.4885728359222412,0.0,0.0,0.0,0,0
1786183691.8921154,2.611025916005019,APPROACH,BSPLINE,/home/eunseop/nrs_imitation/checkpoints/bspline/polishing/single_cam/20260808_0153,317.45330810546875,297.81011962890625,203.7349395751953,2.2673135390505195e-05,-0.000112442510726396,1.562434434890747,0.119022436439991,-0.2282838374376297,-0.8339785933494568,336.9237060546875,293.7337341308594,216.1352996826172,-0.037919770926237106,-0.039535705000162125,1.4882339239120483,0.0,0.0,0.0,0,0
1786183691.9001613,2.619071774999611,APPROACH,BSPLINE,/home/eunseop/nrs_imitation/checkpoints/bspline/polishing/single_cam/20260808_0153,317.43756103515625,297.8221130371094,203.7174835205078,8.94357799552381e-06,-7.578180520795286e-05,1.5625183582305908,0.11655980348587036,-0.6150906085968018,-0.12706772983074188,337.0126953125,293.71514892578125,216.19203186035156,-0.038092970848083496,-0.03971613943576813,1.4878947734832764,0.0,0.0,0.0,0,0
1786183691.908229,2.6271397069940576,APPROACH,BSPLINE,/home/eunseop/nrs_imitation/checkpoints/bspline/polishing/single_cam/20260808_0153,317.44586181640625,297.8175354003906,203.71571350097656,2.901353764173109e-05,-5.357695044949651e-05,1.5624583959579468,0.1012997180223465,-0.2942899763584137,-0.49764806032180786,337.10137939453125,293.6966552734375,216.24856567382812,-0.038265444338321686,-0.039895810186862946,1.487557291984558,0.0,0.0,0.0,0,0
1786183691.9162045,2.635115010998561,APPROACH,BSPLINE,/home/eunseop/nrs_imitation/checkpoints/bspline/polishing/single_cam/20260808_0153,317.4283142089844,297.81475830078125,203.72488403320312,6.184194353409111e-05,-2.772375228232704e-05,1.5624223947525024,0.029293257743120193,-0.3918832540512085,-0.7658241987228394,337.1898193359375,293.6781921386719,216.304931640625,-0.03843756765127182,-0.040075112134218216,1.487220287322998,0.0,0.0,0.0,0,0
1786183691.9241982,2.6431086499942467,APPROACH,BSPLINE,/home/eunseop/nrs_imitation/checkpoints/bspline/polishing/single_cam/20260808_0153,317.4122009277344,297.8144226074219,203.70623779296875,5.701832924387418e-05,-1.4842144992144313e-05,1.5624703168869019,0.4741634130477905,-0.1481354534626007,0.18184725940227509,337.2782287597656,293.65972900390625,216.36129760742188,-0.0386095866560936,-0.04025430977344513,1.486883521080017,0.0,0.0,0.0,0,0
1786183691.932131,2.6510416740056826,APPROACH,BSPLINE,/home/eunseop/nrs_imitation/checkpoints/bspline/polishing/single_cam/20260808_0153,317.4310607910156,297.831787109375,203.72283935546875,4.1585906728869304e-05,-4.943345993524417e-05,1.5624942779541016,0.20803257822990417,-0.3389134705066681,-0.08005321770906448,337.3661804199219,293.6413879394531,216.41738891601562,-0.03878074884414673,-0.04043261706829071,1.4865484237670898,0.0,0.0,0.0,0,0
1786183691.9401555,2.6590657909982838,APPROACH,BSPLINE,/home/eunseop/nrs_imitation/checkpoints/bspline/polishing/single_cam/20260808_0153,317.4351806640625,297.8171081542969,203.71775817871094,1.1867166904266924e-05,-4.5875582145527005e-05,1.5624582767486572,0.2766754627227783,-0.46953698992729187,-0.49605444073677063,337.45489501953125,293.62286376953125,216.4739227294922,-0.038953352719545364,-0.04061242565512657,1.486210584640503,0.0,0.0,0.0,0,0
1786183691.9481702,2.66708070099412,APPROACH,BSPLINE,/home/eunseop/nrs_imitation/checkpoints/bspline/polishing/single_cam/20260808_0153,317.4428405761719,297.8222351074219,203.72052001953125,2.114287781296298e-05,-7.064771489240229e-05,1.5624943971633911,0.36297598481178284,-0.4635414779186249,-0.4394562542438507,337.54296875,293.6044921875,216.5300750732422,-0.039124712347984314,-0.04079093411564827,1.485875129699707,0.0,0.0,0.0,0,0
1786183691.956167,2.6750774060055846,APPROACH,BSPLINE,/home/eunseop/nrs_imitation/checkpoints/bspline/polishing/single_cam/20260808_0153,317.4397277832031,297.8274230957031,203.71063232421875,4.622426786227152e-05,-6.181877688504755e-05,1.5624463558197021,0.010754410177469254,-0.3122308552265167,0.18479107320308685,337.631591796875,293.5859680175781,216.5865478515625,-0.039297159761190414,-0.040970578789711,1.4855374097824097,0.0,0.0,0.0,0,0
1786183691.964174,2.6830845109943766,APPROACH,BSPLINE,/home/eunseop/nrs_imitation/checkpoints/bspline/polishing/single_cam/20260808_0153,317.4317932128906,297.8100891113281,203.72119140625,2.4375693101319484e-05,-4.119105142308399e-05,1.5624823570251465,0.21488513052463531,0.08280448615550995,0.2120366394519806,337.7198181152344,293.56756591796875,216.642822265625,-0.03946886211633682,-0.04114944860339165,1.485201358795166,0.0,0.0,0.0,0,0
1786183691.9721196,2.691029948007781,APPROACH,BSPLINE,/home/eunseop/nrs_imitation/checkpoints/bspline/polishing/single_cam/20260808_0153,317.4406433105469,297.8176574707031,203.70953369140625,1.9736626200028695e-05,-2.8805723559344187e-05,1.5624942779541016,0.21946342289447784,-0.39096030592918396,-0.3595775067806244,337.8075866699219,293.54925537109375,216.6987762451172,-0.039639636874198914,-0.041327349841594696,1.484866976737976,0.0,0.0,0.0,0,0
1786183691.9801314,2.6990417930064723,APPROACH,BSPLINE,/home/eunseop/nrs_imitation/checkpoints/bspline/polishing/single_cam/20260808_0153,317.4408264160156,297.79473876953125,203.71815490722656,1.20520880955155e-05,-4.637084930436686e-05,1.5624104738235474,0.2303842455148697,-0.005970517173409462,0.15791082382202148,337.89599609375,293.5307922363281,216.755126953125,-0.03981165215373039,-0.04150654748082161,1.4845302104949951,0.0,0.0,0.0,0,0
1786183691.9882326,2.7071431380027207,APPROACH,BSPLINE,/home/eunseop/nrs_imitation/checkpoints/bspline/polishing/single_cam/20260808_0153,317.44793701171875,297.8101806640625,203.71914672851562,1.6503936421941034e-05,-5.8261754020350054e-05,1.5624583959579468,0.26478615403175354,-0.47308188676834106,0.0626353770494461,337.9854431152344,293.5121154785156,216.81216430664062,-0.039985720068216324,-0.04168787598609924,1.484189510345459,0.0,0.0,0.0,0,0
1786183691.9961653,2.71507578100136,APPROACH,BSPLINE,/home/eunseop/nrs_imitation/checkpoints/bspline/polishing/single_cam/20260808_0153,317.44793701171875,297.8101806640625,203.71914672851562,1.6503936421941034e-05,-5.8261754020350054e-05,1.5624583959579468,0.39446786046028137,-0.4107358753681183,0.2467392534017563,338.072509765625,293.49395751953125,216.86767578125,-0.040155112743377686,-0.041864339262247086,1.4838578701019287,0.0,0.0,0.0,0,0
1786183692.004169,2.7230793890048517,APPROACH,BSPLINE,/home/eunseop/nrs_imitation/checkpoints/bspline/polishing/single_cam/20260808_0153,317.4188232421875,297.82879638671875,203.7056121826172,6.648107228102162e-05,-4.011021519545466e-05,1.5625063180923462,0.12937025725841522,0.10087431222200394,0.6901368498802185,338.16021728515625,293.47564697265625,216.923583984375,-0.04032576456665993,-0.04204211384057999,1.4835238456726074,0.0,0.0,0.0,0,0
1786183692.012175,2.7310856620024424,APPROACH,BSPLINE,/home/eunseop/nrs_imitation/checkpoints/bspline/polishing/single_cam/20260808_0153,317.44830322265625,297.7991943359375,203.7163848876953,-5.158407020644518e-06,-3.8128651794977486e-05,1.5624464750289917,0.5619652271270752,0.10814625024795532,0.16204090416431427,338.2483825683594,293.45721435546875,216.97979736328125,-0.040497347712516785,-0.04222085326910019,1.4831879138946533,0.0,0.0,0.0,0,0
1786183692.0201635,2.7390741120034363,APPROACH,BSPLINE,/home/eunseop/nrs_imitation/checkpoints/bspline/polishing/single_cam/20260808_0153,317.4366455078125,297.8206481933594,203.72625732421875,2.9200647986726835e-05,-5.40714172529988e-05,1.5624463558197021,0.15129734575748444,-0.28351032733917236,0.09447712451219559,338.33642578125,293.4388427734375,217.03591918945312,-0.04066867753863335,-0.0423993356525898,1.4828524589538574,0.0,0.0,0.0,0,0
1786183692.0281622,2.747072740996373,APPROACH,BSPLINE,/home/eunseop/nrs_imitation/checkpoints/bspline/polishing/single_cam/20260808_0153,317.4507751464844,297.8047180175781,203.728759765625,2.578159728727769e-05,-8.303239155793563e-05,1.5624103546142578,-0.049873583018779755,0.24284446239471436,0.6105183959007263,338.42449951171875,293.42047119140625,217.092041015625,-0.04084000736474991,-0.04257781803607941,1.4825170040130615,0.0,0.0,0.0,0,0
1786183692.036096,2.755006505001802,APPROACH,BSPLINE,/home/eunseop/nrs_imitation/checkpoints/bspline/polishing/single_cam/20260808_0153,317.4676818847656,297.8178405761719,203.7323760986328,1.0704010264817043e-06,-9.285174746764824e-05,1.5624463558197021,0.4047956168651581,0.02576194889843464,0.19575662910938263,338.5116882324219,293.40228271484375,217.14764404296875,-0.041009653359651566,-0.04275454208254814,1.4821851253509521,0.0,0.0,0.0,0,0
1786183692.0441945,2.7631049650080968,APPROACH,BSPLINE,/home/eunseop/nrs_imitation/checkpoints/bspline/polishing/single_cam/20260808_0153,317.4312744140625,297.8206787109375,203.7174835205078,4.6224420657381415e-05,-6.181898061186075e-05,1.5624704360961914,0.25221168994903564,-0.3947214186191559,-0.44246548414230347,338.6002197265625,293.3837890625,217.20407104492188,-0.041181910783052444,-0.04293398559093475,1.4818477630615234,0.0,0.0,0.0,0,0
1786183692.052168,2.771078535995912,APPROACH,BSPLINE,/home/eunseop/nrs_imitation/checkpoints/bspline/polishing/single_cam/20260808_0153,317.4312744140625,297.8206787109375,203.7174835205078,4.6224420657381415e-05,-6.181898061186075e-05,1.5624704360961914,0.37288379669189453,-0.29703575372695923,-0.389447420835495,338.68798828125,293.365478515625,217.26004028320312,-0.04135274514555931,-0.043111953884363174,1.481513261795044,0.0,0.0,0.0,0,0
1786183692.0601985,2.77910922600131,APPROACH,BSPLINE,/home/eunseop/nrs_imitation/checkpoints/bspline/polishing/single_cam/20260808_0153,317.4490661621094,297.8240051269531,203.7267608642578,1.8219099729321897e-05,-0.00010055348684545606,1.5625063180923462,0.32847800850868225,-0.13102592527866364,0.3552477955818176,338.7757873535156,293.34716796875,217.31600952148438,-0.04152357950806618,-0.0432899110019207,1.4811789989471436,0.0,0.0,0.0,0,0
1786183692.0680833,2.7869936159986537,APPROACH,BSPLINE,/home/eunseop/nrs_imitation/checkpoints/bspline/polishing/single_cam/20260808_0153,317.4288635253906,297.8038635253906,203.71981811523438,3.212264346075244e-05,-2.416689312667586e-05,1.5624703168869019,0.362187922000885,-0.5414825081825256,-0.3715311288833618,338.863037109375,293.32891845703125,217.3716278076172,-0.04169335961341858,-0.04346678406000137,1.4808465242385864,0.0,0.0,0.0,0,0
1786183692.0762875,2.795197879007901,APPROACH,BSPLINE,/home/eunseop/nrs_imitation/checkpoints/bspline/polishing/single_cam/20260808_0153,317.4320068359375,297.8105163574219,203.7099151611328,1.992294164665509e-05,-2.930041591753252e-05,1.5624583959579468,-0.0030805408023297787,0.1535186916589737,0.1541653275489807,338.95123291015625,293.310546875,217.4278564453125,-0.04186490923166275,-0.04364549368619919,1.4805107116699219,0.0,0.0,0.0,0,0
1786183692.084128,2.8030382550059585,APPROACH,BSPLINE,/home/eunseop/nrs_imitation/checkpoints/bspline/polishing/single_cam/20260808_0153,317.42279052734375,297.80224609375,203.69325256347656,2.2845721105113626e-05,6.045812028787623e-07,1.5624943971633911,0.343749076128006,-0.15284514427185059,-0.06470923870801926,339.0381774902344,293.2923889160156,217.4832763671875,-0.04203413426876068,-0.043821774423122406,1.4801794290542603,0.0,0.0,0.0,0,0
1786183692.0922513,2.8111617020040285,APPROACH,BSPLINE,/home/eunseop/nrs_imitation/checkpoints/bspline/polishing/single_cam/20260808_0153,317.43988037109375,297.8157653808594,203.70333862304688,-2.0495804164966103e-06,-8.718828212295193e-06,1.5624704360961914,0.15693750977516174,-0.5258074998855591,-0.08717348426580429,339.12615966796875,293.27398681640625,217.53936767578125,-0.042205337435007095,-0.04400012642145157,1.479844331741333,0.0,0.0,0.0,0,0
1786183692.1001716,2.8190820809977595,APPROACH,BSPLINE,/home/eunseop/nrs_imitation/checkpoints/bspline/polishing/single_cam/20260808_0153,317.44927978515625,297.8359375,203.72756958007812,8.94530694495188e-06,-7.578084478154778e-05,1.5624463558197021,-0.04530131816864014,-0.4077897071838379,-0.2517622709274292,339.2130126953125,293.255859375,217.59474182128906,-0.04237435758113861,-0.04417619854211807,1.4795132875442505,0.0,0.0,0.0,0,0
1786183692.1081855,2.827096220004023,APPROACH,BSPLINE,/home/eunseop/nrs_imitation/checkpoints/bspline/polishing/single_cam/20260808_0153,317.4400329589844,297.81585693359375,203.72488403320312,-3.331630296088406e-07,-5.100994894746691e-05,1.5624703168869019,0.4022462069988251,-0.19835852086544037,-0.06004421412944794,339.3004150390625,293.23760986328125,217.65045166015625,-0.042544424533843994,-0.044353362172842026,1.4791803359985352,0.0,0.0,0.0,0,0
1786183692.1160848,2.8349950880074175,APPROACH,BSPLINE,/home/eunseop/nrs_imitation/checkpoints/bspline/polishing/single_cam/20260808_0153,317.4589538574219,297.81048583984375,203.73245239257812,1.072070631380484e-06,-9.28515728446655e-05,1.562434434890747,0.07986684143543243,-0.18549416959285736,0.17992278933525085,339.3875427246094,293.21942138671875,217.70599365234375,-0.0427139550447464,-0.04452997073531151,1.4788484573364258,0.0,0.0,0.0,0,0
1786183692.124169,2.8430797409964725,APPROACH,BSPLINE,/home/eunseop/nrs_imitation/checkpoints/bspline/polishing/single_cam/20260808_0153,317.43438720703125,297.7926025390625,203.69325256347656,1.0459882105351426e-05,-4.033836830785731e-06,1.562434434890747,0.2722417414188385,-0.29529282450675964,-0.09252312779426575,339.4750671386719,293.201171875,217.76181030273438,-0.04288424178957939,-0.04470736160874367,1.4785151481628418,0.0,0.0,0.0,0,0
1786183692.1322248,2.851135318996967,APPROACH,BSPLINE,/home/eunseop/nrs_imitation/checkpoints/bspline/polishing/single_cam/20260808_0153,317.43182373046875,297.8216247558594,203.70333862304688,1.0459991244715638e-05,-4.033807272207923e-06,1.5624942779541016,-0.07944122701883316,0.06623020023107529,0.011267861351370811,339.56231689453125,293.1829528808594,217.81741333007812,-0.0430540032684803,-0.04488420486450195,1.4781827926635742,0.0,0.0,0.0,0,0
1786183692.1402152,2.859125632006908,APPROACH,BSPLINE,/home/eunseop/nrs_imitation/checkpoints/bspline/polishing/single_cam/20260808_0153,317.4407958984375,297.8177795410156,203.71914672851562,1.6504043742315844e-05,-5.826213237014599e-05,1.5625063180923462,0.18825671076774597,-0.22115620970726013,-0.48467132449150085,339.64935302734375,293.164794921875,217.8729248046875,-0.04322339966893196,-0.045060671865940094,1.4778512716293335,0.0,0.0,0.0,0,0
1786183692.148658,2.8675682510074694,APPROACH,BSPLINE,/home/eunseop/nrs_imitation/checkpoints/bspline/polishing/single_cam/20260808_0153,317.4335021972656,297.8370666503906,203.7194061279297,4.158567753620446e-05,-4.943379099131562e-05,1.5625063180923462,0.07950835675001144,-0.5284314155578613,-0.40153494477272034,339.7421875,293.1453857421875,217.93209838867188,-0.04340406507253647,-0.04524887725710869,1.4774975776672363,0.0,0.0,0.0,0,0
1786183692.156238,2.87514852899767,APPROACH,BSPLINE,/home/eunseop/nrs_imitation/checkpoints/bspline/polishing/single_cam/20260808_0153,317.4345703125,297.8273620605469,203.75177001953125,2.151528315152973e-05,-7.163830741774291e-05,1.5625063180923462,0.058284636586904526,0.1516282707452774,0.1046140044927597,339.8232421875,293.12847900390625,217.9837646484375,-0.04356173798441887,-0.04541312903165817,1.4771888256072998,0.0,0.0,0.0,0,0
1786183692.1642413,2.88315187599801,APPROACH,BSPLINE,/home/eunseop/nrs_imitation/checkpoints/bspline/polishing/single_cam/20260808_0153,317.4415283203125,297.84326171875,203.73805236816406,5.891980981687084e-05,-5.762829096056521e-05,1.5624223947525024,0.2723141014575958,0.06547356396913528,0.40161266922950745,339.9100341796875,293.1103515625,218.0391082763672,-0.04373067989945412,-0.04558912292122841,1.476858139038086,0.0,0.0,0.0,0,0
1786183692.1720572,2.8909674449969316,APPROACH,BSPLINE,/home/eunseop/nrs_imitation/checkpoints/bspline/polishing/single_cam/20260808_0153,317.4441833496094,297.8256530761719,203.7194061279297,4.1584818973205984e-05,-4.943396561429836e-05,1.5624583959579468,0.06371309608221054,-0.5581352114677429,-0.47506657242774963,339.99603271484375,293.0924072265625,218.0939178466797,-0.043897949159145355,-0.04576337710022926,1.47653067111969,0.0,0.0,0.0,0,0
1786183692.1802309,2.8991415000054985,APPROACH,BSPLINE,/home/eunseop/nrs_imitation/checkpoints/bspline/polishing/single_cam/20260808_0153,317.4393615722656,297.8265380859375,203.72962951660156,2.9200647986726835e-05,-5.40714172529988e-05,1.5624463558197021,0.23437732458114624,-0.336345911026001,-0.06237128749489784,340.083251953125,293.07421875,218.1495361328125,-0.04406772553920746,-0.04594023525714874,1.4761983156204224,0.0,0.0,0.0,0,0
1786183692.188204,2.9071145790076116,APPROACH,BSPLINE,/home/eunseop/nrs_imitation/checkpoints/bspline/polishing/single_cam/20260808_0153,317.4230041503906,297.8258361816406,203.72488403320312,3.6948014894733205e-05,-3.704673144966364e-05,1.5624703168869019,0.08629895746707916,-0.08435213565826416,-0.30813324451446533,340.1698303222656,293.05615234375,218.2047119140625,-0.04423614591360092,-0.0461156852543354,1.475868582725525,0.0,0.0,0.0,0,0
1786183692.196231,2.91514137199556,APPROACH,BSPLINE,/home/eunseop/nrs_imitation/checkpoints/bspline/polishing/single_cam/20260808_0153,317.43310546875,297.824462890625,203.71434020996094,2.4376391593250446e-05,-4.1190545744029805e-05,1.5624703168869019,0.03563186898827553,-0.13153889775276184,0.7048507928848267,340.2563781738281,293.0380859375,218.2598876953125,-0.04440455883741379,-0.04629112035036087,1.475538969039917,0.0,0.0,0.0,0,0
1786183692.204197,2.923107448994415,APPROACH,BSPLINE,/home/eunseop/nrs_imitation/checkpoints/bspline/polishing/single_cam/20260808_0153,317.4605712890625,297.7903747558594,203.70082092285156,-3.792517236433923e-05,-6.452244997490197e-05,1.5624583959579468,0.23658062517642975,-0.5409144163131714,-0.3746975362300873,340.3426208496094,293.0200500488281,218.31488037109375,-0.044572412967681885,-0.046465981751680374,1.475210189819336,0.0,0.0,0.0,0,0
1786183692.2122326,2.931143288995372,APPROACH,BSPLINE,/home/eunseop/nrs_imitation/checkpoints/bspline/polishing/single_cam/20260808_0153,317.4539489746094,297.83514404296875,203.7447509765625,5.703025090042502e-05,-0.0001283862948184833,1.5624464750289917,0.3769005239009857,-0.6016021370887756,-0.3485628068447113,340.4290466308594,293.0020446777344,218.36996459960938,-0.04474050924181938,-0.046641092747449875,1.4748811721801758,0.0,0.0,0.0,0,0
1786183692.2200906,2.939000988000771,APPROACH,BSPLINE,/home/eunseop/nrs_imitation/checkpoints/bspline/polishing/single_cam/20260808_0153,317.427734375,297.8017578125,203.71334838867188,4.4817632442573085e-05,-1.99773749045562e-05,1.5624464750289917,0.19379454851150513,-0.2097449153661728,0.3740953505039215,340.51470947265625,292.9841613769531,218.42459106445312,-0.044907208532094955,-0.046814750880002975,1.4745548963546753,0.0,0.0,0.0,0,0
1786183692.2282422,2.947152599997935,APPROACH,BSPLINE,/home/eunseop/nrs_imitation/checkpoints/bspline/polishing/single_cam/20260808_0153,317.4596862792969,297.81243896484375,203.71714782714844,2.1327747163013555e-05,-7.114246545825154e-05,1.5624103546142578,0.011211649514734745,0.010721166618168354,0.46605339646339417,340.601318359375,292.966064453125,218.47979736328125,-0.04507579654455185,-0.046990372240543365,1.4742248058319092,0.0,0.0,0.0,0,0
1786183692.237661,2.9565713060001144,APPROACH,BSPLINE,/home/eunseop/nrs_imitation/checkpoints/bspline/polishing/single_cam/20260808_0153,317.42694091796875,297.8349304199219,203.73382568359375,8.039759995881468e-05,-7.726543844910339e-05,1.5624463558197021,-0.16815067827701569,0.039589378982782364,-0.13270482420921326,340.703857421875,292.9446716308594,218.545166015625,-0.04527527466416359,-0.04719817638397217,1.4738342761993408,0.0,0.0,0.0,0,0
1786183692.244239,2.963149806993897,APPROACH,BSPLINE,/home/eunseop/nrs_imitation/checkpoints/bspline/polishing/single_cam/20260808_0153,317.4406433105469,297.8176574707031,203.70953369140625,1.973718826775439e-05,-2.88050632661907e-05,1.5624463558197021,0.2792809009552002,-0.5362952947616577,0.08038624376058578,340.77325439453125,292.93017578125,218.5894012451172,-0.04541028290987015,-0.0473388209939003,1.4735701084136963,0.0,0.0,0.0,0,0
1786183692.2521827,2.971093321000808,APPROACH,BSPLINE,/home/eunseop/nrs_imitation/checkpoints/bspline/polishing/single_cam/20260808_0153,317.4471435546875,297.8203430175781,203.73863220214844,4.775491470354609e-05,-0.00010361353633925319,1.5624104738235474,0.268115758895874,-0.38707461953163147,-0.5119502544403076,340.85882568359375,292.9123229980469,218.64398193359375,-0.045576851814985275,-0.04751234129071236,1.4732439517974854,0.0,0.0,0.0,0,0
1786183692.2600837,2.978994042001432,APPROACH,BSPLINE,/home/eunseop/nrs_imitation/checkpoints/bspline/polishing/single_cam/20260808_0153,317.4411926269531,297.78375244140625,203.71539306640625,-9.611004315956961e-06,-2.6238412829115987e-05,1.5624223947525024,0.23892450332641602,-0.6407618522644043,-0.7793594598770142,340.94415283203125,292.8945007324219,218.69834899902344,-0.04574283957481384,-0.047685254365205765,1.47291898727417,0.0,0.0,0.0,0,0
1786183692.2681959,2.987106328000664,APPROACH,BSPLINE,/home/eunseop/nrs_imitation/checkpoints/bspline/polishing/single_cam/20260808_0153,317.4559326171875,297.8273010253906,203.7439727783203,1.8220755009679124e-05,-0.00010055234452011064,1.5624463558197021,0.21049363911151886,-0.03095385991036892,0.19028551876544952,341.0301208496094,292.8765869140625,218.75314331054688,-0.04591009393334389,-0.04785948991775513,1.4725916385650635,0.0,0.0,0.0,0,0
1786183692.276166,2.9950763219967484,APPROACH,BSPLINE,/home/eunseop/nrs_imitation/checkpoints/bspline/polishing/single_cam/20260808_0153,317.45513916015625,297.8371887207031,203.74766540527344,1.840578806877602e-05,-0.00010104836837854236,1.5624823570251465,0.10964982956647873,-0.03334266319870949,0.5477690696716309,341.11553955078125,292.8587646484375,218.8076171875,-0.04607630521059036,-0.04803263768553734,1.4722661972045898,0.0,0.0,0.0,0,0
1786183692.284157,3.00306733600155,APPROACH,BSPLINE,/home/eunseop/nrs_imitation/checkpoints/bspline/polishing/single_cam/20260808_0153,317.42529296875,297.80743408203125,203.70401000976562,1.182040819003305e-06,2.073750329145696e-05,1.5624347925186157,0.4231172204017639,-0.2958068251609802,-0.42734143137931824,341.20086669921875,292.8409118652344,218.86199951171875,-0.0462423674762249,-0.048205628991127014,1.4719409942626953,0.0,0.0,0.0,0,0
1786183692.292144,3.011054743998102,APPROACH,BSPLINE,/home/eunseop/nrs_imitation/checkpoints/bspline/polishing/single_cam/20260808_0153,317.4589538574219,297.81048583984375,203.73245239257812,1.0709617299653473e-06,-9.285189298680052e-05,1.5624583959579468,0.21600182354450226,-0.4500027000904083,-0.35393255949020386,341.2860412597656,292.8231201171875,218.91632080078125,-0.04640813171863556,-0.04837831109762192,1.471616506576538,0.0,0.0,0.0,0,0
1786183692.3001926,3.0191031279973686,APPROACH,BSPLINE,/home/eunseop/nrs_imitation/checkpoints/bspline/polishing/single_cam/20260808_0153,317.43524169921875,297.8061828613281,203.71157836914062,2.7484054953674786e-05,-1.1781119610532187e-05,1.5624464750289917,0.3737775981426239,-0.3408862352371216,-0.495008647441864,341.3713073730469,292.8053283691406,218.97067260742188,-0.04657405987381935,-0.04855116084218025,1.4712917804718018,0.0,0.0,0.0,0,0
1786183692.308197,3.0271077180077555,APPROACH,BSPLINE,/home/eunseop/nrs_imitation/checkpoints/bspline/polishing/single_cam/20260808_0153,317.4284362792969,297.826416015625,203.71664428710938,4.4817970774602145e-05,-1.9977202100562863e-05,1.5624823570251465,0.24766969680786133,-0.5782599449157715,-0.09103358536958694,341.4564514160156,292.7875671386719,219.02496337890625,-0.046739690005779266,-0.04872370883822441,1.4709675312042236,0.0,0.0,0.0,0,0
1786183692.3161108,3.035021133997361,APPROACH,BSPLINE,/home/eunseop/nrs_imitation/checkpoints/bspline/polishing/single_cam/20260808_0153,317.4151916503906,297.8329772949219,203.73013305664062,0.00010510660649742931,-6.744755228282884e-05,1.5624704360961914,0.3021381199359894,-0.3231062591075897,0.08454623073339462,341.5407409667969,292.76995849609375,219.07870483398438,-0.046903740614652634,-0.04889460280537605,1.4706463813781738,0.0,0.0,0.0,0,0
1786183692.324156,3.0430666619940894,APPROACH,BSPLINE,/home/eunseop/nrs_imitation/checkpoints/bspline/polishing/single_cam/20260808_0153,317.4400634765625,297.81646728515625,203.70787048339844,2.456052607158199e-05,-4.168698797002435e-05,1.5624942779541016,0.041966214776039124,-0.6202852725982666,-0.43684062361717224,341.6258850097656,292.752197265625,219.13296508789062,-0.047069400548934937,-0.0490671768784523,1.4703220129013062,0.0,0.0,0.0,0,0
1786183692.332099,3.0510093540069647,APPROACH,BSPLINE,/home/eunseop/nrs_imitation/checkpoints/bspline/polishing/single_cam/20260808_0153,317.42156982421875,297.8346252441406,203.7234344482422,4.481845098780468e-05,-1.997612889681477e-05,1.5624823570251465,0.5310816764831543,0.01141574140638113,0.5329292416572571,341.71038818359375,292.73455810546875,219.18685913085938,-0.04723384231328964,-0.049238480627536774,1.470000147819519,0.0,0.0,0.0,0,0
1786183692.3400662,3.0589767030032817,APPROACH,BSPLINE,/home/eunseop/nrs_imitation/checkpoints/bspline/polishing/single_cam/20260808_0153,317.4450378417969,297.8153381347656,203.73304748535156,1.6689849871909246e-05,-5.875717761227861e-05,1.5624703168869019,0.3988259732723236,-0.42531678080558777,-0.14349637925624847,341.79486083984375,292.7169189453125,219.24069213867188,-0.047398198395967484,-0.04940970242023468,1.4696784019470215,0.0,0.0,0.0,0,0
1786183692.3481157,3.0670263189967955,APPROACH,BSPLINE,/home/eunseop/nrs_imitation/checkpoints/bspline/polishing/single_cam/20260808_0153,317.44781494140625,297.810302734375,203.72532653808594,5.06764990859665e-05,-7.370869570877403e-05,1.562386393547058,0.2557906210422516,0.055269040167331696,0.29857268929481506,341.87939453125,292.69927978515625,219.29458618164062,-0.04756264016032219,-0.049581002444028854,1.4693564176559448,0.0,0.0,0.0,0,0
1786183692.3560853,3.0749958530068398,APPROACH,BSPLINE,/home/eunseop/nrs_imitation/checkpoints/bspline/polishing/single_cam/20260808_0153,317.43951416015625,297.8037414550781,203.70510864257812,1.5284051187336445e-05,-1.6914791558519937e-05,1.5624223947525024,0.1515662670135498,-0.39389365911483765,-0.1348726600408554,341.9637451171875,292.6816711425781,219.3483428955078,-0.04772678017616272,-0.049751993268728256,1.4690351486206055,0.0,0.0,0.0,0,0
1786183692.3640568,3.0829674099950353,APPROACH,BSPLINE,/home/eunseop/nrs_imitation/checkpoints/bspline/polishing/single_cam/20260808_0153,317.4341125488281,297.81524658203125,203.72007751464844,3.2308085792465135e-05,-2.4662558644195087e-05,1.5624823570251465,0.3146809935569763,-0.037208378314971924,-0.22180774807929993,342.0474548339844,292.6641845703125,219.4017333984375,-0.04788970947265625,-0.04992172494530678,1.4687161445617676,0.0,0.0,0.0,0,0
1786183692.3721514,3.091061682003783,APPROACH,BSPLINE,/home/eunseop/nrs_imitation/checkpoints/bspline/polishing/single_cam/20260808_0153,317.457275390625,297.8068542480469,203.72625732421875,-8.204607183870394e-06,-6.808021862525493e-05,1.5624223947525024,0.4160066843032837,-0.2712709903717041,-0.14980721473693848,342.13232421875,292.646484375,219.45582580566406,-0.04805481433868408,-0.050093717873096466,1.4683929681777954,0.0,0.0,0.0,0,0
1786183692.380135,3.099045662005665,APPROACH,BSPLINE,/home/eunseop/nrs_imitation/checkpoints/bspline/polishing/single_cam/20260808_0153,317.43426513671875,297.8271789550781,203.71571350097656,4.140000237384811e-05,-4.893819641438313e-05,1.5624823570251465,0.2554427981376648,-0.23225343227386475,-0.009731343947350979,342.2156982421875,292.6290588378906,219.50900268554688,-0.04821712151169777,-0.05026279389858246,1.4680750370025635,0.0,0.0,0.0,0,0
1786183692.3881662,3.10707672299759,APPROACH,BSPLINE,/home/eunseop/nrs_imitation/checkpoints/bspline/polishing/single_cam/20260808_0153,317.4278869628906,297.8248596191406,203.7239532470703,4.6039025619393215e-05,-6.132374983280897e-05,1.5624942779541016,0.2610018849372864,-0.3623775541782379,-0.2633479833602905,342.3000793457031,292.6114501953125,219.56277465820312,-0.0483812652528286,-0.05043379217386246,1.4677537679672241,0.0,0.0,0.0,0,0
1786183692.3961604,3.115070853003999,APPROACH,BSPLINE,/home/eunseop/nrs_imitation/checkpoints/bspline/polishing/single_cam/20260808_0153,317.4278869628906,297.8369445800781,203.7425994873047,7.575855124741793e-05,-6.488041981356218e-05,1.5624583959579468,0.4805639684200287,-0.31069812178611755,-0.5049411058425903,342.38372802734375,292.5940246582031,219.6160888671875,-0.0485440231859684,-0.050603341311216354,1.4674352407455444,0.0,0.0,0.0,0,0
1786183692.4051127,3.1240233379940037,APPROACH,BSPLINE,/home/eunseop/nrs_imitation/checkpoints/bspline/polishing/single_cam/20260808_0153,317.4052429199219,297.82275390625,203.7037353515625,6.0435970226535574e-05,1.4118910257820971e-05,1.5624943971633911,0.25345543026924133,-0.03883166238665581,0.09163158386945724,342.4778137207031,292.5743713378906,219.67608642578125,-0.04872710630297661,-0.05079406499862671,1.4670767784118652,0.0,0.0,0.0,0,0
1786183692.4121776,3.1310882800025865,APPROACH,BSPLINE,/home/eunseop/nrs_imitation/checkpoints/bspline/polishing/single_cam/20260808_0153,317.4382019042969,297.8121032714844,203.7161102294922,1.6690553820808418e-05,-5.875698116142303e-05,1.5624704360961914,0.15945930778980255,-0.3641856610774994,0.1768101155757904,342.5506896972656,292.5591735839844,219.7225341796875,-0.04886886849999428,-0.05094173923134804,1.466799259185791,0.0,0.0,0.0,0,0
1786183692.4201608,3.139071398996748,APPROACH,BSPLINE,/home/eunseop/nrs_imitation/checkpoints/bspline/polishing/single_cam/20260808_0153,317.4284973144531,297.80340576171875,203.7037353515625,3.554057911969721e-05,4.7942239689291455e-06,1.562434434890747,0.34431731700897217,-0.018802449107170105,0.21091359853744507,342.6339111328125,292.54180908203125,219.7755889892578,-0.049030814319849014,-0.05111044645309448,1.4664822816848755,0.0,0.0,0.0,0,0
1786183692.4281569,3.147067423007684,APPROACH,BSPLINE,/home/eunseop/nrs_imitation/checkpoints/bspline/polishing/single_cam/20260808_0153,317.47113037109375,297.8135681152344,203.72328186035156,-6.859883342258399e-06,-0.000109379856439773,1.5623984336853027,0.22038646042346954,-0.421312153339386,-0.33969736099243164,342.7170104980469,292.5244140625,219.8285675048828,-0.04919254407286644,-0.05127893015742302,1.466165542602539,0.0,0.0,0.0,0,0
1786183692.4361544,3.1550648889970034,APPROACH,BSPLINE,/home/eunseop/nrs_imitation/checkpoints/bspline/polishing/single_cam/20260808_0153,317.4475402832031,297.8211669921875,203.73382568359375,4.3115280277561396e-05,-9.122880146605894e-05,1.562434434890747,0.07800902426242828,-0.2548675537109375,-0.3237259089946747,342.79998779296875,292.5071105957031,219.88145446777344,-0.04935397207736969,-0.05144708976149559,1.46584951877594,0.0,0.0,0.0,0,0
1786183692.445854,3.1647642830066616,APPROACH,BSPLINE,/home/eunseop/nrs_imitation/checkpoints/bspline/polishing/single_cam/20260808_0153,317.43609619140625,297.8426818847656,203.7462921142578,5.104914089315571e-05,-7.469990669051185e-05,1.5624823570251465,0.1434006690979004,-0.060225050896406174,-0.8355662226676941,342.9010009765625,292.48602294921875,219.9458770751953,-0.04955054819583893,-0.05165186896920204,1.4654648303985596,0.0,0.0,0.0,0,0
1786183692.452275,3.1711855030007428,APPROACH,BSPLINE,/home/eunseop/nrs_imitation/checkpoints/bspline/polishing/single_cam/20260808_0153,317.4382019042969,297.8126525878906,203.728759765625,5.067683378001675e-05,-7.370917592197657e-05,1.562434434890747,0.012430297210812569,-0.27919578552246094,-0.19744792580604553,342.9658203125,292.47247314453125,219.98719787597656,-0.04967670142650604,-0.05178328976035118,1.4652177095413208,0.0,0.0,0.0,0,0
1786183692.4601965,3.1791070740000578,APPROACH,BSPLINE,/home/eunseop/nrs_imitation/checkpoints/bspline/polishing/single_cam/20260808_0153,317.4195251464844,297.79571533203125,203.70578002929688,4.328787690610625e-05,2.1818197637912817e-05,1.5624464750289917,0.27599895000457764,-0.10698891431093216,0.4191432595252991,343.0479736328125,292.4553527832031,220.03958129882812,-0.04983656108379364,-0.051949817687273026,1.4649049043655396,0.0,0.0,0.0,0,0
1786183692.4681907,3.187101135001285,APPROACH,BSPLINE,/home/eunseop/nrs_imitation/checkpoints/bspline/polishing/single_cam/20260808_0153,317.4195251464844,297.79571533203125,203.70578002929688,4.328787690610625e-05,2.1818197637912817e-05,1.5624464750289917,0.24315929412841797,-0.27477219700813293,0.16894109547138214,343.1304016113281,292.4381408691406,220.0921173095703,-0.04999692365527153,-0.05211687460541725,1.4645909070968628,0.0,0.0,0.0,0,0
1786183692.4760983,3.195008709008107,APPROACH,BSPLINE,/home/eunseop/nrs_imitation/checkpoints/bspline/polishing/single_cam/20260808_0153,317.42608642578125,297.83282470703125,203.7093048095703,5.4281397751765326e-05,-4.524304313235916e-05,1.5624703168869019,0.12250052392482758,-0.23193877935409546,0.019618462771177292,343.2123107910156,292.4210510253906,220.14431762695312,-0.05015629529953003,-0.052282899618148804,1.4642789363861084,0.0,0.0,0.0,0,0
1786183692.4840903,3.203000734996749,APPROACH,BSPLINE,/home/eunseop/nrs_imitation/checkpoints/bspline/polishing/single_cam/20260808_0153,317.4439697265625,297.824951171875,203.73382568359375,4.311589145800099e-05,-9.122869232669473e-05,1.5624463558197021,0.2261948138475418,-0.028436964377760887,0.15646831691265106,343.29449462890625,292.4039001464844,220.1967315673828,-0.0503162145614624,-0.05244949087500572,1.463965892791748,0.0,0.0,0.0,0,0
1786183692.4921508,3.2110610920062754,APPROACH,BSPLINE,/home/eunseop/nrs_imitation/checkpoints/bspline/polishing/single_cam/20260808_0153,317.42694091796875,297.8231506347656,203.73587036132812,6.337292143143713e-05,-6.951913383090869e-05,1.5624583959579468,0.3622431755065918,-0.36075401306152344,-0.06617972999811172,343.3766174316406,292.3867492675781,220.24908447265625,-0.05047602951526642,-0.052615974098443985,1.4636529684066772,0.0,0.0,0.0,0,0
1786183692.5001745,3.2190851500054123,APPROACH,BSPLINE,/home/eunseop/nrs_imitation/checkpoints/bspline/polishing/single_cam/20260808_0153,317.4385681152344,297.8016662597656,203.7259979248047,2.9014632673352025e-05,-5.357590634957887e-05,1.5624104738235474,0.4003131091594696,-0.1619732826948166,0.20290708541870117,343.4585266113281,292.3696594238281,220.30130004882812,-0.05063539370894432,-0.05278198793530464,1.4633409976959229,0.0,0.0,0.0,0,0
1786183692.5081344,3.2270449939969694,APPROACH,BSPLINE,/home/eunseop/nrs_imitation/checkpoints/bspline/polishing/single_cam/20260808_0153,317.4483642578125,297.79949951171875,203.69549560546875,-6.502592896140413e-06,3.171527623635484e-06,1.562434434890747,0.16444529592990875,-0.3589531183242798,-0.3601178526878357,343.5396728515625,292.3526916503906,220.35301208496094,-0.050793278962373734,-0.052946463227272034,1.4630318880081177,0.0,0.0,0.0,0,0
1786183692.5160456,3.2349559959984617,APPROACH,BSPLINE,/home/eunseop/nrs_imitation/checkpoints/bspline/polishing/single_cam/20260808_0153,317.43316650390625,297.8014221191406,203.71334838867188,1.9922303181374446e-05,-2.930099071818404e-05,1.5624823570251465,0.19784529507160187,-0.25033196806907654,-0.21757487952709198,343.6209411621094,292.33575439453125,220.40484619140625,-0.05095143988728523,-0.05311122536659241,1.4627223014831543,0.0,0.0,0.0,0,0
1786183692.5241237,3.2430339160055155,APPROACH,BSPLINE,/home/eunseop/nrs_imitation/checkpoints/bspline/polishing/single_cam/20260808_0153,317.4341125488281,297.81524658203125,203.72007751464844,3.230818401789293e-05,-2.466232399456203e-05,1.5624703168869019,0.08854242414236069,-0.18208028376102448,-0.36240318417549133,343.7026062011719,292.3186950683594,220.45689392089844,-0.05111033096909523,-0.05327674746513367,1.4624112844467163,0.0,0.0,0.0,0,0
1786183692.53203,3.250940639001783,APPROACH,BSPLINE,/home/eunseop/nrs_imitation/checkpoints/bspline/polishing/single_cam/20260808_0153,317.44268798828125,297.8226623535156,203.74740600585938,6.801020936109126e-05,-8.190504740923643e-05,1.5624103546142578,0.10710196197032928,-0.08487802743911743,-0.28991472721099854,343.7833251953125,292.3018493652344,220.5083465576172,-0.05126737803220749,-0.05344034731388092,1.4621037244796753,0.0,0.0,0.0,0,0
1786183692.5400448,3.2589550880074967,APPROACH,BSPLINE,/home/eunseop/nrs_imitation/checkpoints/bspline/polishing/single_cam/20260808_0153,317.44537353515625,297.80499267578125,203.7406768798828,5.550013520405628e-05,-8.659016020828858e-05,1.5623983144760132,0.2985585033893585,-0.11061859130859375,0.1677321493625641,343.8642883300781,292.28497314453125,220.5599822998047,-0.05142495036125183,-0.05360449478030205,1.4617953300476074,0.0,0.0,0.0,0,0
1786183692.5481243,3.2670350919943303,APPROACH,BSPLINE,/home/eunseop/nrs_imitation/checkpoints/bspline/polishing/single_cam/20260808_0153,317.4352111816406,297.8058776855469,203.7147216796875,2.4560944439144805e-05,-4.168655868852511e-05,1.5624703168869019,0.09160710126161575,-0.06007803604006767,0.09296829998493195,343.9452819824219,292.2680358886719,220.61160278320312,-0.05158251151442528,-0.05376863107085228,1.46148681640625,0.0,0.0,0.0,0,0
1786183692.5560534,3.2749638780078385,APPROACH,BSPLINE,/home/eunseop/nrs_imitation/checkpoints/bspline/polishing/single_cam/20260808_0153,317.4303894042969,297.80712890625,203.70761108398438,3.676129927043803e-05,-3.655235195765272e-05,1.5624583959579468,-0.02453438565135002,-0.312849760055542,0.0739307701587677,344.02581787109375,292.251220703125,220.66293334960938,-0.05173921585083008,-0.05393187701702118,1.4611800909042358,0.0,0.0,0.0,0,0
1786183692.564092,3.283002383002895,APPROACH,BSPLINE,/home/eunseop/nrs_imitation/checkpoints/bspline/polishing/single_cam/20260808_0153,317.4253234863281,297.78466796875,203.70689392089844,2.2845611965749413e-05,6.04442050189391e-07,1.5624583959579468,0.23418505489826202,-0.3974522054195404,-0.1654713898897171,344.1063232421875,292.23443603515625,220.71426391601562,-0.0518958754837513,-0.0540950745344162,1.4608733654022217,0.0,0.0,0.0,0,0
1786183692.5721576,3.2910681500070496,APPROACH,BSPLINE,/home/eunseop/nrs_imitation/checkpoints/bspline/polishing/single_cam/20260808_0153,317.43914794921875,297.8025817871094,203.73080444335938,2.1142417608643882e-05,-7.064772944431752e-05,1.5624823570251465,0.17856402695178986,-0.02195652760565281,-0.02421662211418152,344.18695068359375,292.21759033203125,220.76565551757812,-0.052052780985832214,-0.05425852909684181,1.4605661630630493,0.0,0.0,0.0,0,0
1786183692.5801911,3.2991017760068644,APPROACH,BSPLINE,/home/eunseop/nrs_imitation/checkpoints/bspline/polishing/single_cam/20260808_0153,317.4396057128906,297.8271789550781,203.72195434570312,5.086217788630165e-05,-7.420527253998443e-05,1.5624703168869019,0.3155284821987152,-0.3570261001586914,-0.6450035572052002,344.26708984375,292.20086669921875,220.8167724609375,-0.05220875144004822,-0.05442100763320923,1.4602608680725098,0.0,0.0,0.0,0,0
1786183692.5881634,3.307073774005403,APPROACH,BSPLINE,/home/eunseop/nrs_imitation/checkpoints/bspline/polishing/single_cam/20260808_0153,317.4200134277344,297.81964111328125,203.72349548339844,4.4818207243224606e-05,-1.9976669136667624e-05,1.5624823570251465,0.14736323058605194,-0.10683111101388931,0.7388186454772949,344.3467712402344,292.1842346191406,220.8675537109375,-0.05236376076936722,-0.05458248779177666,1.459957480430603,0.0,0.0,0.0,0,0
1786183692.5961177,3.315028308003093,APPROACH,BSPLINE,/home/eunseop/nrs_imitation/checkpoints/bspline/polishing/single_cam/20260808_0153,317.4395751953125,297.8039855957031,203.708984375,4.139914381084964e-05,-4.893837831332348e-05,1.562434434890747,-0.0026540588587522507,-0.4443315267562866,-0.1435004025697708,344.4264221191406,292.1676025390625,220.9183349609375,-0.05251874402165413,-0.0547439381480217,1.4596539735794067,0.0,0.0,0.0,0,0
1786183692.6040826,3.322993031993974,APPROACH,BSPLINE,/home/eunseop/nrs_imitation/checkpoints/bspline/polishing/single_cam/20260808_0153,317.4256896972656,297.7973327636719,203.70004272460938,3.5354856663616374e-05,5.290056378726149e-06,1.5624104738235474,-0.13505984842777252,-0.5344951152801514,-0.6654309034347534,344.50592041015625,292.1510314941406,220.968994140625,-0.05267340689897537,-0.05490504950284958,1.4593511819839478,0.0,0.0,0.0,0,0
1786183692.6121428,3.3310534689953784,APPROACH,BSPLINE,/home/eunseop/nrs_imitation/checkpoints/bspline/polishing/single_cam/20260808_0153,317.4524230957031,297.8319396972656,203.74766540527344,5.568585402215831e-05,-8.70858712005429e-05,1.5624223947525024,0.11392103135585785,-0.16088388860225677,0.2073056995868683,344.5853271484375,292.13446044921875,221.01963806152344,-0.052827950567007065,-0.05506604537367821,1.4590487480163574,0.0,0.0,0.0,0,0
1786183692.6200798,3.3389903000061167,APPROACH,BSPLINE,/home/eunseop/nrs_imitation/checkpoints/bspline/polishing/single_cam/20260808_0153,317.45050048828125,297.82763671875,203.7439727783203,4.3115756852785125e-05,-9.122839401243255e-05,1.5624223947525024,0.41602951288223267,-0.4879434108734131,0.21017111837863922,344.66448974609375,292.117919921875,221.07009887695312,-0.05298195779323578,-0.05522648245096207,1.458747148513794,0.0,0.0,0.0,0,0
1786183692.6281154,3.347026100003859,APPROACH,BSPLINE,/home/eunseop/nrs_imitation/checkpoints/bspline/polishing/single_cam/20260808_0153,317.4559326171875,297.8149108886719,203.72145080566406,-3.77372998627834e-05,-6.501923053292558e-05,1.5624582767486572,0.045843590050935745,-0.31866776943206787,0.1831769347190857,344.7435302734375,292.1014404296875,221.12049865722656,-0.053135789930820465,-0.055386733263731,1.4584461450576782,0.0,0.0,0.0,0,0
1786183692.636048,3.354958512005396,APPROACH,BSPLINE,/home/eunseop/nrs_imitation/checkpoints/bspline/polishing/single_cam/20260808_0153,317.42901611328125,297.8273010253906,203.72145080566406,3.694740735227242e-05,-3.704745904542506e-05,1.5624823570251465,0.08894127607345581,-0.3905988931655884,-0.0004719235294032842,344.82220458984375,292.0849914550781,221.170654296875,-0.05328891798853874,-0.05554625391960144,1.458146333694458,0.0,0.0,0.0,0,0
1786183692.6440272,3.3629375629971037,APPROACH,BSPLINE,/home/eunseop/nrs_imitation/checkpoints/bspline/polishing/single_cam/20260808_0153,317.4341125488281,297.8151550292969,203.7412872314453,3.383839793968946e-05,-6.645793473580852e-05,1.5624823570251465,0.4876161217689514,-0.2810133397579193,0.11899977177381516,344.9007568359375,292.068603515625,221.22073364257812,-0.053441695868968964,-0.05570540949702263,1.457847237586975,0.0,0.0,0.0,0,0
1786183692.6520839,3.3709943239955464,APPROACH,BSPLINE,/home/eunseop/nrs_imitation/checkpoints/bspline/polishing/single_cam/20260808_0153,317.44793701171875,297.84515380859375,203.7419891357422,4.7938592615537345e-05,-0.00010411146649857983,1.5625063180923462,0.14562980830669403,-0.2093524932861328,0.23602032661437988,344.9794006347656,292.05218505859375,221.27085876464844,-0.05359475314617157,-0.0558648519217968,1.4575475454330444,0.0,0.0,0.0,0,0
1786183692.660128,3.3790384890016867,APPROACH,BSPLINE,/home/eunseop/nrs_imitation/checkpoints/bspline/polishing/single_cam/20260808_0153,317.4458923339844,297.8171081542969,203.73304748535156,4.304873073124327e-06,-6.3395629695151e-05,1.5624704360961914,0.028428275138139725,-0.28257623314857483,-0.23565444350242615,345.0577392578125,292.03582763671875,221.32078552246094,-0.05374712869524956,-0.05602358654141426,1.4572492837905884,0.0,0.0,0.0,0,0
1786183692.6680944,3.387004906995571,APPROACH,BSPLINE,/home/eunseop/nrs_imitation/checkpoints/bspline/polishing/single_cam/20260808_0153,317.4288330078125,297.8153991699219,203.72091674804688,4.62247189716436e-05,-6.181860226206481e-05,1.5624583959579468,-0.036065489053726196,0.01628710702061653,-0.10532250255346298,345.13568115234375,292.0195617675781,221.3704833984375,-0.05389884486794472,-0.05618163198232651,1.4569523334503174,0.0,0.0,0.0,0,0
1786183692.6761754,3.395085983007448,APPROACH,BSPLINE,/home/eunseop/nrs_imitation/checkpoints/bspline/polishing/single_cam/20260808_0153,317.43072509765625,297.8082580566406,203.71157836914062,3.9993632526602596e-05,-7.0965006671031006e-06,1.5624583959579468,0.09490235894918442,-0.26218703389167786,-0.051709990948438644,345.21368408203125,292.0032958984375,221.4202117919922,-0.05405060946941376,-0.05633973330259323,1.4566552639007568,0.0,0.0,0.0,0,0
1786183692.6840317,3.4029420890001347,APPROACH,BSPLINE,/home/eunseop/nrs_imitation/checkpoints/bspline/polishing/single_cam/20260808_0153,317.4449768066406,297.81573486328125,203.72764587402344,4.622278720489703e-05,-6.181988283060491e-05,1.5624463558197021,0.45052191615104675,-0.519450306892395,-0.29898467659950256,345.291015625,291.98712158203125,221.46951293945312,-0.05420110374689102,-0.0564965084195137,1.4563604593276978,0.0,0.0,0.0,0,0
1786183692.6921525,3.4110630020004464,APPROACH,BSPLINE,/home/eunseop/nrs_imitation/checkpoints/bspline/polishing/single_cam/20260808_0153,317.4391174316406,297.8150329589844,203.714111328125,7.130364974727854e-05,-5.299157783156261e-05,1.5624103546142578,0.2000388652086258,-0.38732901215553284,0.07361245155334473,345.36883544921875,291.97088623046875,221.5191192626953,-0.05435248464345932,-0.056654203683137894,1.456064224243164,0.0,0.0,0.0,0,0
1786183692.7000983,3.419008750002831,APPROACH,BSPLINE,/home/eunseop/nrs_imitation/checkpoints/bspline/polishing/single_cam/20260808_0153,317.4482116699219,297.82281494140625,203.75161743164062,6.941635365365073e-05,-0.00012374679499771446,1.5624103546142578,0.23911000788211823,-0.2735203802585602,-0.03864435851573944,345.4458923339844,291.9548034667969,221.5682373046875,-0.054502442479133606,-0.056810420006513596,1.4557706117630005,0.0,0.0,0.0,0,0
1786183692.7081523,3.4270628550002584,APPROACH,BSPLINE,/home/eunseop/nrs_imitation/checkpoints/bspline/polishing/single_cam/20260808_0153,317.44195556640625,297.80865478515625,203.7344970703125,2.1328738512238488e-05,-7.114267646102235e-05,1.5624583959579468,0.3581414520740509,-0.31881195306777954,0.11925891786813736,345.52313232421875,291.9386901855469,221.61749267578125,-0.05465271696448326,-0.05696696415543556,1.4554764032363892,0.0,0.0,0.0,0,0
1786183692.7165065,3.4354167330020573,APPROACH,BSPLINE,/home/eunseop/nrs_imitation/checkpoints/bspline/polishing/single_cam/20260808_0153,317.4315490722656,297.8215637207031,203.73304748535156,5.409477307694033e-05,-4.474891466088593e-05,1.5624703168869019,0.0679507702589035,0.02278272435069084,-0.12074878066778183,345.60400390625,291.9217834472656,221.6690673828125,-0.05481015890836716,-0.057130977511405945,1.4551682472229004,0.0,0.0,0.0,0,0
1786183692.724044,3.4429544400045415,APPROACH,BSPLINE,/home/eunseop/nrs_imitation/checkpoints/bspline/polishing/single_cam/20260808_0153,317.4378356933594,297.79974365234375,203.71981811523438,7.22731283531175e-06,-3.3490276109660044e-05,1.5624703168869019,0.04942234605550766,-0.3984071910381317,-0.08386092633008957,345.6763000488281,291.9067077636719,221.71511840820312,-0.0549507699906826,-0.057277459651231766,1.454892873764038,0.0,0.0,0.0,0,0
1786183692.7321036,3.451014275997295,APPROACH,BSPLINE,/home/eunseop/nrs_imitation/checkpoints/bspline/polishing/single_cam/20260808_0153,317.4532165527344,297.8214111328125,203.74061584472656,1.8221900973003358e-05,-0.00010055179882328957,1.5624223947525024,0.3985728323459625,-0.23118294775485992,-0.044079918414354324,345.75286865234375,291.8907470703125,221.76393127441406,-0.05509974807500839,-0.05743265151977539,1.4546014070510864,0.0,0.0,0.0,0,0
1786183692.7401748,3.4590854340058286,APPROACH,BSPLINE,/home/eunseop/nrs_imitation/checkpoints/bspline/polishing/single_cam/20260808_0153,317.43121337890625,297.820068359375,203.7344970703125,2.1330122763174586e-05,-7.114264008123428e-05,1.5624943971633911,0.02264999784529209,-0.29102829098701477,-0.43641263246536255,345.8292236328125,291.8747863769531,221.8126220703125,-0.05524833872914314,-0.05758744105696678,1.454310417175293,0.0,0.0,0.0,0,0
1786183692.7481256,3.467035900001065,APPROACH,BSPLINE,/home/eunseop/nrs_imitation/checkpoints/bspline/polishing/single_cam/20260808_0153,317.4301452636719,297.8182373046875,203.72488403320312,3.694664337672293e-05,-3.7048463127575815e-05,1.5625063180923462,0.0735529437661171,-0.11730770766735077,-0.045050375163555145,345.90509033203125,291.85894775390625,221.86099243164062,-0.05539597570896149,-0.05774124339222908,1.4540214538574219,0.0,0.0,0.0,0,0
1786183692.7561986,3.475109102000715,APPROACH,BSPLINE,/home/eunseop/nrs_imitation/checkpoints/bspline/polishing/single_cam/20260808_0153,317.4316711425781,297.79791259765625,203.70484924316406,2.5888223262882093e-06,-2.1104608094901778e-05,1.5624943971633911,0.41073939204216003,0.012419629842042923,0.1173560842871666,345.98114013671875,291.84307861328125,221.90948486328125,-0.05554397404193878,-0.057895418256521225,1.4537315368652344,0.0,0.0,0.0,0,0
1786183692.7649505,3.483861041997443,APPROACH,BSPLINE,/home/eunseop/nrs_imitation/checkpoints/bspline/polishing/single_cam/20260808_0153,317.4535217285156,297.810546875,203.71664428710938,-4.97310611535795e-06,-3.8624111766694114e-05,1.5624583959579468,0.18174967169761658,-0.2512960433959961,-0.14968839287757874,346.06463623046875,291.8256530761719,221.9626922607422,-0.055706389248371124,-0.05806461349129677,1.453413724899292,0.0,0.0,0.0,0,0
1786183692.7721207,3.491031326004304,APPROACH,BSPLINE,/home/eunseop/nrs_imitation/checkpoints/bspline/polishing/single_cam/20260808_0153,317.4498596191406,297.8141174316406,203.72824096679688,-3.3408070976292947e-07,-5.100986163597554e-05,1.5624583959579468,0.35792234539985657,0.09245088696479797,-0.13178010284900665,346.13189697265625,291.8116149902344,222.00558471679688,-0.055837299674749374,-0.058200985193252563,1.4531574249267578,0.0,0.0,0.0,0,0
1786183692.780195,3.499105850001797,APPROACH,BSPLINE,/home/eunseop/nrs_imitation/checkpoints/bspline/polishing/single_cam/20260808_0153,317.4399719238281,297.7932434082031,203.7269287109375,3.2307772926287726e-05,-2.4662316718604416e-05,1.5624103546142578,0.08960288017988205,-0.33396515250205994,-0.3187943994998932,346.20697021484375,291.79595947265625,222.05343627929688,-0.055983368307352066,-0.05835315212607384,1.452871561050415,0.0,0.0,0.0,0,0
1786183692.7880847,3.5069950400065864,APPROACH,BSPLINE,/home/eunseop/nrs_imitation/checkpoints/bspline/polishing/single_cam/20260808_0153,317.4239807128906,297.8163757324219,203.7099151611328,3.230858419556171e-05,-2.466201658535283e-05,1.5624942779541016,0.22804515063762665,-0.36285850405693054,0.14766795933246613,346.28179931640625,291.7803039550781,222.1011505126953,-0.05612901598215103,-0.058504875749349594,1.45258629322052,0.0,0.0,0.0,0,0
1786183692.7960284,3.5149388629943132,APPROACH,BSPLINE,/home/eunseop/nrs_imitation/checkpoints/bspline/polishing/single_cam/20260808_0153,317.43206787109375,297.810791015625,203.7137908935547,4.6038137952564284e-05,-6.132410635473207e-05,1.5624703168869019,0.038680825382471085,-0.07060901075601578,0.16161073744297028,346.3562927246094,291.7647705078125,222.1486358642578,-0.0562739260494709,-0.05865583196282387,1.4523026943206787,0.0,0.0,0.0,0,0
1786183692.80419,3.523100484002498,APPROACH,BSPLINE,/home/eunseop/nrs_imitation/checkpoints/bspline/polishing/single_cam/20260808_0153,317.4410400390625,297.8066711425781,203.70677185058594,-2.049629529210506e-06,-8.71880092745414e-06,1.5624583959579468,0.059927258640527725,0.2983868420124054,0.11431696265935898,346.43121337890625,291.7491149902344,222.19639587402344,-0.056419737637043,-0.058807726949453354,1.4520171880722046,0.0,0.0,0.0,0,0
1786183692.8120637,3.530974093999248,APPROACH,BSPLINE,/home/eunseop/nrs_imitation/checkpoints/bspline/polishing/single_cam/20260808_0153,317.44488525390625,297.8149108886719,203.7239532470703,8.757974683248904e-06,-7.528588321292773e-05,1.5624704360961914,0.1397455334663391,-0.03198414668440819,0.7911213636398315,346.5050048828125,291.73370361328125,222.24343872070312,-0.05656334385275841,-0.05895732715725899,1.4517359733581543,0.0,0.0,0.0,0,0
1786183692.820181,3.5390915799944196,APPROACH,BSPLINE,/home/eunseop/nrs_imitation/checkpoints/bspline/polishing/single_cam/20260808_0153,317.442626953125,297.8448486328125,203.7269744873047,3.0608800443587825e-05,-9.591328853275627e-05,1.5624703168869019,0.3106082081794739,-0.23075181245803833,-0.2706843316555023,346.5793762207031,291.71820068359375,222.29086303710938,-0.056707993149757385,-0.05910801142454147,1.4514529705047607,0.0,0.0,0.0,0,0
1786183692.8280952,3.547005836997414,APPROACH,BSPLINE,/home/eunseop/nrs_imitation/checkpoints/bspline/polishing/single_cam/20260808_0153,317.4371337890625,297.8213195800781,203.74266052246094,2.5967932742787525e-05,-8.352861186722293e-05,1.5624942779541016,0.3074006736278534,-0.2632881700992584,-0.060169946402311325,346.6529235839844,291.7028503417969,222.33773803710938,-0.056851089000701904,-0.059257082641124725,1.4511728286743164,0.0,0.0,0.0,0,0
1786183692.83611,3.5550204570026835,APPROACH,BSPLINE,/home/eunseop/nrs_imitation/checkpoints/bspline/polishing/single_cam/20260808_0153,317.4346618652344,297.8164367675781,203.728759765625,5.067841993877664e-05,-7.370773528236896e-05,1.562410831451416,0.1988833099603653,-0.5288410782814026,-0.0893392413854599,346.7265319824219,291.6875,222.38465881347656,-0.05699431896209717,-0.05940629169344902,1.450892448425293,0.0,0.0,0.0,0,0
1786183692.8440523,3.562962547002826,APPROACH,BSPLINE,/home/eunseop/nrs_imitation/checkpoints/bspline/polishing/single_cam/20260808_0153,317.4245300292969,297.8057861328125,203.713623046875,1.0459983968758024e-05,-4.033876848552609e-06,1.5625063180923462,0.25967106223106384,-0.5202203989028931,-0.5234997272491455,346.79962158203125,291.6722106933594,222.4312744140625,-0.057136617600917816,-0.05955452844500542,1.4506137371063232,0.0,0.0,0.0,0,0
1786183692.85205,3.5709604949952336,APPROACH,BSPLINE,/home/eunseop/nrs_imitation/checkpoints/bspline/polishing/single_cam/20260808_0153,317.4643859863281,297.8101501464844,203.73245239257812,-2.38212105614366e-05,-0.00010217531962553039,1.5624223947525024,0.12774717807769775,-0.14680059254169464,0.5006065368652344,346.8727111816406,291.6569519042969,222.47784423828125,-0.057278797030448914,-0.059702638536691666,1.4503355026245117,0.0,0.0,0.0,0,0
1786183692.8600614,3.5789718979940517,APPROACH,BSPLINE,/home/eunseop/nrs_imitation/checkpoints/bspline/polishing/single_cam/20260808_0153,317.4586181640625,297.80926513671875,203.74266052246094,-2.382323691563215e-05,-0.00010217572707915679,1.5624823570251465,0.16102351248264313,-0.3146362900733948,0.025533776730298996,346.9455261230469,291.64178466796875,222.52426147460938,-0.057420454919338226,-0.059850212186574936,1.4500582218170166,0.0,0.0,0.0,0,0
1786183692.8680816,3.586992177995853,APPROACH,BSPLINE,/home/eunseop/nrs_imitation/checkpoints/bspline/polishing/single_cam/20260808_0153,317.42620849609375,297.7970275878906,203.70921325683594,-3.1398030841955915e-05,-6.152670721348841e-06,1.5625182390213013,0.3444196581840515,-0.19475755095481873,-0.2344924658536911,347.0181884765625,291.6265869140625,222.5706024169922,-0.05756188929080963,-0.059997547417879105,1.4497812986373901,0.0,0.0,0.0,0,0
1786183692.8760195,3.5949297610059148,APPROACH,BSPLINE,/home/eunseop/nrs_imitation/checkpoints/bspline/polishing/single_cam/20260808_0153,317.42828369140625,297.80206298828125,203.72323608398438,7.227547484944807e-06,-3.349039616296068e-05,1.5625063180923462,-0.023916766047477722,-0.35730046033859253,-0.7349439263343811,347.09014892578125,291.611572265625,222.61647033691406,-0.057701900601387024,-0.060143403708934784,1.4495071172714233,0.0,0.0,0.0,0,0
1786183692.884098,3.6030083920049947,APPROACH,BSPLINE,/home/eunseop/nrs_imitation/checkpoints/bspline/polishing/single_cam/20260808_0153,317.45562744140625,297.8155212402344,203.7425994873047,3.847483458230272e-05,-7.88440738688223e-05,1.5624343156814575,0.26138952374458313,0.02466367557644844,0.4028198719024658,347.1627197265625,291.596435546875,222.66273498535156,-0.057843055576086044,-0.06029044836759567,1.4492309093475342,0.0,0.0,0.0,0,0
1786183692.892107,3.611017560993787,APPROACH,BSPLINE,/home/eunseop/nrs_imitation/checkpoints/bspline/polishing/single_cam/20260808_0153,317.44549560546875,297.792724609375,203.72796630859375,-3.379967893124558e-06,-8.096139208646491e-05,1.5624343156814575,0.23953378200531006,-0.5398587584495544,-0.145128071308136,347.2344970703125,291.5814514160156,222.70849609375,-0.057982753962278366,-0.06043597310781479,1.4489573240280151,0.0,0.0,0.0,0,0
1786183692.900041,3.6189514870056883,APPROACH,BSPLINE,/home/eunseop/nrs_imitation/checkpoints/bspline/polishing/single_cam/20260808_0153,317.4473571777344,297.8086853027344,203.70169067382812,-9.611728273739573e-06,-2.6238438294967636e-05,1.5624942779541016,0.2911587357521057,-0.4557550549507141,-0.10573114454746246,347.3059387207031,291.5665588378906,222.75404357910156,-0.058121781796216965,-0.06058080494403839,1.4486851692199707,0.0,0.0,0.0,0,0
1786183692.9080276,3.6269379519944778,APPROACH,BSPLINE,/home/eunseop/nrs_imitation/checkpoints/bspline/polishing/single_cam/20260808_0153,317.4278564453125,297.8246154785156,203.72007751464844,1.9922927094739862e-05,-2.9300774258445017e-05,1.5625183582305908,0.12232031673192978,-0.4073761999607086,0.21228449046611786,347.37725830078125,291.5516357421875,222.7995147705078,-0.05826060101389885,-0.060725413262844086,1.448413372039795,0.0,0.0,0.0,0,0
1786183692.9162252,3.635135792006622,APPROACH,BSPLINE,/home/eunseop/nrs_imitation/checkpoints/bspline/polishing/single_cam/20260808_0153,317.4434509277344,297.8004150390625,203.72119140625,1.1865518899867311e-05,-4.5876007789047435e-05,1.5624583959579468,0.27493736147880554,-0.3361169695854187,-0.16127139329910278,347.4488525390625,291.5367126464844,222.84515380859375,-0.058399856090545654,-0.06087048351764679,1.4481408596038818,0.0,0.0,0.0,0,0
1786183692.9242206,3.6431312750064535,APPROACH,BSPLINE,/home/eunseop/nrs_imitation/checkpoints/bspline/polishing/single_cam/20260808_0153,317.4372863769531,297.8106384277344,203.72488403320312,3.694672341225669e-05,-3.704765549628064e-05,1.562434434890747,0.37868615984916687,-0.2545377016067505,-0.05941120907664299,347.5196533203125,291.5219421386719,222.89027404785156,-0.05853761360049248,-0.06101398915052414,1.4478710889816284,0.0,0.0,0.0,0,0
1786183692.9320877,3.6509980209957575,APPROACH,BSPLINE,/home/eunseop/nrs_imitation/checkpoints/bspline/polishing/single_cam/20260808_0153,317.4430847167969,297.83465576171875,203.7371826171875,4.311412703827955e-05,-9.123062045546249e-05,1.5625183582305908,0.13124394416809082,0.004757094196975231,0.48421308398246765,347.5897521972656,291.5072937011719,222.93496704101562,-0.058674052357673645,-0.061156127601861954,1.4476039409637451,0.0,0.0,0.0,0,0
1786183692.9402232,3.6591336720011896,APPROACH,BSPLINE,/home/eunseop/nrs_imitation/checkpoints/bspline/polishing/single_cam/20260808_0153,317.4430847167969,297.83465576171875,203.7371826171875,4.311746670282446e-05,-9.122776828007773e-05,1.562434434890747,0.19853141903877258,-0.3814822733402252,-0.1442011296749115,347.6607360839844,291.49249267578125,222.980224609375,-0.058812133967876434,-0.06129996478557587,1.447333812713623,0.0,0.0,0.0,0,0
1786183692.9480526,3.666963208001107,APPROACH,BSPLINE,/home/eunseop/nrs_imitation/checkpoints/bspline/polishing/single_cam/20260808_0153,317.4325866699219,297.82379150390625,203.72532653808594,6.318777741398662e-05,-6.902252061991021e-05,1.562410831451416,0.1542239487171173,-0.1866397112607956,-0.01982099376618862,347.730224609375,291.47796630859375,223.02455139160156,-0.05894743278622627,-0.06144091114401817,1.447068691253662,0.0,0.0,0.0,0,0
1786183692.9561703,3.6750808140059235,APPROACH,BSPLINE,/home/eunseop/nrs_imitation/checkpoints/bspline/polishing/single_cam/20260808_0153,317.4297790527344,297.8294982910156,203.73641967773438,6.64809049339965e-05,-4.010902193840593e-05,1.5624343156814575,0.33994489908218384,-0.40527287125587463,-0.4215397238731384,347.8004150390625,291.46331787109375,223.06927490234375,-0.0590839684009552,-0.061583150178194046,1.4468015432357788,0.0,0.0,0.0,0,0
1786183692.964177,3.683087418001378,APPROACH,BSPLINE,/home/eunseop/nrs_imitation/checkpoints/bspline/polishing/single_cam/20260808_0153,317.4283447265625,297.8138427734375,203.70082092285156,1.18672060125391e-05,-4.5875731302658096e-05,1.5624823570251465,0.1734943836927414,-0.09777774661779404,0.565858781337738,347.8700866699219,291.4487609863281,223.1136932373047,-0.05921953171491623,-0.06172436848282814,1.4465361833572388,0.0,0.0,0.0,0,0
1786183692.9720595,3.690969714007224,APPROACH,BSPLINE,/home/eunseop/nrs_imitation/checkpoints/bspline/polishing/single_cam/20260808_0153,317.4247131347656,297.81829833984375,203.7161102294922,5.409549339674413e-05,-4.474786692298949e-05,1.5624583959579468,0.435135155916214,-0.378627210855484,-0.2596384584903717,347.9389953613281,291.4344177246094,223.15760803222656,-0.059353552758693695,-0.0618639811873436,1.4462738037109375,0.0,0.0,0.0,0,0
1786183692.980146,3.6990563819999807,APPROACH,BSPLINE,/home/eunseop/nrs_imitation/checkpoints/bspline/polishing/single_cam/20260808_0153,317.4595947265625,297.82373046875,203.7323760986328,1.3581066923507024e-05,-8.816686749923974e-05,1.5624464750289917,0.10588647425174713,-0.45839107036590576,-0.035912495106458664,348.00823974609375,291.419921875,223.20176696777344,-0.059488337486982346,-0.06200438737869263,1.4460099935531616,0.0,0.0,0.0,0,0
1786183692.9882047,3.707115226003225,APPROACH,BSPLINE,/home/eunseop/nrs_imitation/checkpoints/bspline/polishing/single_cam/20260808_0153,317.4471130371094,297.8197326660156,203.75564575195312,2.285946175106801e-05,-0.00011293835268588737,1.5624704360961914,0.10198547691106796,-0.29955342411994934,-0.0802624449133873,348.0772705078125,291.405517578125,223.24575805664062,-0.05962265655398369,-0.06214432045817375,1.445746898651123,0.0,0.0,0.0,0,0
1786183692.9961805,3.7150909610063536,APPROACH,BSPLINE,/home/eunseop/nrs_imitation/checkpoints/bspline/polishing/single_cam/20260808_0153,317.42462158203125,297.80572509765625,203.69325256347656,-2.0494826458161697e-06,-8.718880962987896e-06,1.5624943971633911,0.3047015070915222,0.10641304403543472,0.3492259681224823,348.1452941894531,291.3913269042969,223.28915405273438,-0.05975506454706192,-0.062282249331474304,1.4454877376556396,0.0,0.0,0.0,0,0
1786183693.0041223,3.7230329909943976,APPROACH,BSPLINE,/home/eunseop/nrs_imitation/checkpoints/bspline/polishing/single_cam/20260808_0153,317.4363098144531,297.8080139160156,203.7331085205078,1.6690553820808418e-05,-5.875698116142303e-05,1.5624704360961914,-0.06665972620248795,-0.057581137865781784,0.5771782398223877,348.213623046875,291.3770751953125,223.33270263671875,-0.05988795682787895,-0.06242068484425545,1.4452276229858398,0.0,0.0,0.0,0,0
1786183693.0122235,3.7311342070024693,APPROACH,BSPLINE,/home/eunseop/nrs_imitation/checkpoints/bspline/polishing/single_cam/20260808_0153,317.4291687011719,297.82745361328125,203.71914672851562,2.901528205256909e-05,-5.357634654501453e-05,1.5624943971633911,0.21117757260799408,-0.16426673531532288,0.08070340007543564,348.2816467285156,291.36285400390625,223.37606811523438,-0.060020338743925095,-0.0625585988163948,1.4449684619903564,0.0,0.0,0.0,0,0
1786183693.0200524,3.738962930001435,APPROACH,BSPLINE,/home/eunseop/nrs_imitation/checkpoints/bspline/polishing/single_cam/20260808_0153,317.43597412109375,297.80780029296875,203.72091674804688,4.622352935257368e-05,-6.181932985782623e-05,1.5624464750289917,-0.1315908133983612,-0.4087437093257904,0.24024507403373718,348.3490295410156,291.3487854003906,223.4190216064453,-0.06015147641301155,-0.06269519776105881,1.4447118043899536,0.0,0.0,0.0,0,0
1786183693.0280614,3.746971738000866,APPROACH,BSPLINE,/home/eunseop/nrs_imitation/checkpoints/bspline/polishing/single_cam/20260808_0153,317.4166564941406,297.81207275390625,203.70236206054688,1.83921329153236e-05,1.2495637747633737e-05,1.5624583959579468,0.11589494347572327,0.03998002037405968,-0.46800798177719116,348.4163818359375,291.334716796875,223.4619598388672,-0.06028256565332413,-0.06283176690340042,1.4444550275802612,0.0,0.0,0.0,0,0
1786183693.036076,3.7549864780012285,APPROACH,BSPLINE,/home/eunseop/nrs_imitation/checkpoints/bspline/polishing/single_cam/20260808_0153,317.4403381347656,297.8167724609375,203.7056121826172,1.6691530618118122e-05,-5.875639180885628e-05,1.562434434890747,0.14533372223377228,-0.15727345645427704,0.21518929302692413,348.483642578125,291.3206787109375,223.5048370361328,-0.060413409024477005,-0.06296806037425995,1.4441988468170166,0.0,0.0,0.0,0,0
1786183693.0440588,3.762969196002814,APPROACH,BSPLINE,/home/eunseop/nrs_imitation/checkpoints/bspline/polishing/single_cam/20260808_0153,317.460205078125,297.8018798828125,203.73304748535156,4.303321929910453e-06,-6.339531682897359e-05,1.5624223947525024,0.17784591019153595,-0.6579297184944153,-0.279974102973938,348.55035400390625,291.3067626953125,223.54737854003906,-0.06054321676492691,-0.06310329586267471,1.4439448118209839,0.0,0.0,0.0,0,0
1786183693.0520234,3.7709337800042704,APPROACH,BSPLINE,/home/eunseop/nrs_imitation/checkpoints/bspline/polishing/single_cam/20260808_0153,317.436279296875,297.8204650878906,203.73443603515625,7.111834565876052e-05,-5.249632158665918e-05,1.562434434890747,0.17057892680168152,-0.08937206864356995,-0.1241810992360115,348.6166076660156,291.2929382324219,223.58961486816406,-0.06067214906215668,-0.06323760747909546,1.4436923265457153,0.0,0.0,0.0,0,0
1786183693.0602472,3.779157840006519,APPROACH,BSPLINE,/home/eunseop/nrs_imitation/checkpoints/bspline/polishing/single_cam/20260808_0153,317.4603271484375,297.82537841796875,203.72276306152344,4.3037284740421455e-06,-6.339560059132054e-05,1.5624583959579468,0.3904576003551483,-0.46779173612594604,-0.6741156578063965,348.6838073730469,291.2789306640625,223.6324462890625,-0.060802869498729706,-0.06337377429008484,1.4434365034103394,0.0,0.0,0.0,0,0
1786183693.068268,3.787178471000516,APPROACH,BSPLINE,/home/eunseop/nrs_imitation/checkpoints/bspline/polishing/single_cam/20260808_0153,317.43206787109375,297.8106689453125,203.73989868164062,2.9200647986726835e-05,-5.40714172529988e-05,1.5624463558197021,0.18084852397441864,-0.10808538645505905,0.07047674804925919,348.74981689453125,291.26513671875,223.67454528808594,-0.06093136966228485,-0.06350764632225037,1.4431848526000977,0.0,0.0,0.0,0,0
1786183693.0763478,3.7952584559971,APPROACH,BSPLINE,/home/eunseop/nrs_imitation/checkpoints/bspline/polishing/single_cam/20260808_0153,317.42205810546875,297.8352966308594,203.7349395751953,5.995883111609146e-05,-9.847793990047649e-05,1.5624587535858154,0.2551654875278473,-0.0999341756105423,-0.22968225181102753,348.8157958984375,291.2513732910156,223.7165985107422,-0.06105973199009895,-0.06364136189222336,1.4429336786270142,0.0,0.0,0.0,0,0
1786183693.0841646,3.80307504600205,APPROACH,BSPLINE,/home/eunseop/nrs_imitation/checkpoints/bspline/polishing/single_cam/20260808_0153,317.4446716308594,297.8257141113281,203.73245239257812,1.0731935162766604e-06,-9.285246778745204e-05,1.5625063180923462,0.19054827094078064,-0.2453787624835968,0.03595057502388954,348.8803405761719,291.2378845214844,223.75775146484375,-0.061185337603092194,-0.06377221643924713,1.442687749862671,0.0,0.0,0.0,0,0
1786183693.0922632,3.8111734760022955,APPROACH,BSPLINE,/home/eunseop/nrs_imitation/checkpoints/bspline/polishing/single_cam/20260808_0153,317.4364318847656,297.8553161621094,203.74618530273438,8.675167191540822e-05,-0.0001319438888458535,1.5624942779541016,0.025723131373524666,0.17812776565551758,0.5288130640983582,348.94598388671875,291.22418212890625,223.799560546875,-0.06131298467516899,-0.06390517950057983,1.4424378871917725,0.0,0.0,0.0,0,0
1786183693.1003428,3.819253239998943,APPROACH,BSPLINE,/home/eunseop/nrs_imitation/checkpoints/bspline/polishing/single_cam/20260808_0153,317.4599304199219,297.8009948730469,203.7174835205078,-3.5679343000083463e-06,-8.0465993960388e-05,1.5624463558197021,0.22443316876888275,-0.06211499869823456,-0.5720065236091614,349.01092529296875,291.21063232421875,223.84097290039062,-0.06143936142325401,-0.06403683125972748,1.442190408706665,0.0,0.0,0.0,0,0
1786183693.1082318,3.8271421190002,APPROACH,BSPLINE,/home/eunseop/nrs_imitation/checkpoints/bspline/polishing/single_cam/20260808_0153,317.4450378417969,297.8277282714844,203.72564697265625,6.355721416184679e-05,-7.001485937507823e-05,1.5624103546142578,0.15868431329727173,0.1406048685312271,0.9731541872024536,349.07513427734375,291.1972351074219,223.88192749023438,-0.0615643709897995,-0.06416705995798111,1.4419457912445068,0.0,0.0,0.0,0,0
1786183693.1161091,3.835019556005136,APPROACH,BSPLINE,/home/eunseop/nrs_imitation/checkpoints/bspline/polishing/single_cam/20260808_0153,317.4348449707031,297.8050537109375,203.7195281982422,2.920027509389911e-05,-5.407150456449017e-05,1.5624343156814575,0.43653738498687744,-0.3671182096004486,0.18960118293762207,349.1388854980469,291.18389892578125,223.92254638671875,-0.0616883859038353,-0.06429625302553177,1.441702961921692,0.0,0.0,0.0,0,0
1786183693.124131,3.843041489002644,APPROACH,BSPLINE,/home/eunseop/nrs_imitation/checkpoints/bspline/polishing/single_cam/20260808_0153,317.46844482421875,297.8078918457031,203.74061584472656,5.708711341867456e-06,-0.00010523715172894299,1.5624223947525024,0.325713187456131,-0.2439885437488556,-0.31295591592788696,349.2030944824219,291.1705322265625,223.96348571777344,-0.06181330233812332,-0.06442637741565704,1.4414583444595337,0.0,0.0,0.0,0,0
1786183693.1320527,3.8509631009947043,APPROACH,BSPLINE,/home/eunseop/nrs_imitation/checkpoints/bspline/polishing/single_cam/20260808_0153,317.41876220703125,297.8285217285156,203.73167419433594,4.945744149154052e-05,-3.236139673390426e-05,1.5624703168869019,0.4731481969356537,-0.28962942957878113,-0.3096788823604584,349.2662658691406,291.1573181152344,224.00376892089844,-0.06193624436855316,-0.06455446034669876,1.4412176609039307,0.0,0.0,0.0,0,0
1786183693.1402233,3.8591337889956776,APPROACH,BSPLINE,/home/eunseop/nrs_imitation/checkpoints/bspline/polishing/single_cam/20260808_0153,317.4317932128906,297.8337097167969,203.72901916503906,6.337229569908231e-05,-6.95201160851866e-05,1.5624823570251465,0.25161972641944885,0.2747441232204437,0.607351541519165,349.33026123046875,291.14398193359375,224.04457092285156,-0.06206079572439194,-0.06468421220779419,1.4409737586975098,0.0,0.0,0.0,0,0
1786183693.148113,3.8670233089942485,APPROACH,BSPLINE,/home/eunseop/nrs_imitation/checkpoints/bspline/polishing/single_cam/20260808_0153,317.4237976074219,297.8044738769531,203.70236206054688,1.8392536730971187e-05,1.2495106602727901e-05,1.5624704360961914,0.16957561671733856,0.0002138877025572583,-0.23145990073680878,349.392822265625,291.13092041015625,224.08444213867188,-0.06218250095844269,-0.06481099128723145,1.4407356977462769,0.0,0.0,0.0,0,0
1786183693.156331,3.8752414880000288,APPROACH,BSPLINE,/home/eunseop/nrs_imitation/checkpoints/bspline/polishing/single_cam/20260808_0153,317.4430236816406,297.81085205078125,203.7113037109375,-3.340787486649788e-07,-5.101002534502186e-05,1.5624823570251465,0.29264596104621887,-0.2534961998462677,-0.607011616230011,349.4574890136719,291.1174011230469,224.12567138671875,-0.062308333814144135,-0.06494207680225372,1.4404892921447754,0.0,0.0,0.0,0,0
1786183693.1641126,3.8830231110041495,APPROACH,BSPLINE,/home/eunseop/nrs_imitation/checkpoints/bspline/polishing/single_cam/20260808_0153,317.4430236816406,297.81085205078125,203.7113037109375,-3.340787486649788e-07,-5.101002534502186e-05,1.5624823570251465,0.29264596104621887,-0.2534961998462677,-0.607011616230011,349.5181579589844,291.104736328125,224.16436767578125,-0.062426429241895676,-0.06506510078907013,1.4402581453323364,0.0,0.0,0.0,0,0
1786183693.1720543,3.8909646709944354,APPROACH,BSPLINE,/home/eunseop/nrs_imitation/checkpoints/bspline/polishing/single_cam/20260808_0153,317.4211730957031,297.8102722167969,203.70623779296875,3.212303636246361e-05,-2.4166587536456063e-05,1.5624942779541016,0.23665907979011536,-0.32297420501708984,-0.11669611185789108,349.5800476074219,291.09185791015625,224.20379638671875,-0.06254676729440689,-0.06519044935703278,1.440022587776184,0.0,0.0,0.0,0,0
1786183693.1800168,3.898927129994263,APPROACH,BSPLINE,/home/eunseop/nrs_imitation/checkpoints/bspline/polishing/single_cam/20260808_0153,317.47802734375,297.81671142578125,203.74343872070312,-9.722713912196923e-06,-0.00013982714153826237,1.5624223947525024,0.0370296984910965,-0.09116275608539581,-0.006093612872064114,349.64141845703125,291.07904052734375,224.242919921875,-0.0626661628484726,-0.06531483680009842,1.439788818359375,0.0,0.0,0.0,0,0
1786183693.1880667,3.9069772780057974,APPROACH,BSPLINE,/home/eunseop/nrs_imitation/checkpoints/bspline/polishing/single_cam/20260808_0153,317.4455871582031,297.82867431640625,203.73045349121094,5.568733104155399e-05,-8.708472887519747e-05,1.5624104738235474,0.4074978530406952,-0.012819552794098854,0.49914708733558655,349.703369140625,291.06610107421875,224.28244018554688,-0.0627867802977562,-0.06544048339128494,1.439552664756775,0.0,0.0,0.0,0,0
1786183693.1961079,3.915018157000304,APPROACH,BSPLINE,/home/eunseop/nrs_imitation/checkpoints/bspline/polishing/single_cam/20260808_0153,317.4295959472656,297.81732177734375,203.72007751464844,4.481782525544986e-05,-1.9977140254923142e-05,1.5624583959579468,0.17630569636821747,0.05878289043903351,0.5087636113166809,349.76458740234375,291.0533142089844,224.32144165039062,-0.06290589272975922,-0.06556457281112671,1.4393194913864136,0.0,0.0,0.0,0,0
1786183693.2041602,3.9230707800015807,APPROACH,BSPLINE,/home/eunseop/nrs_imitation/checkpoints/bspline/polishing/single_cam/20260808_0153,317.4354248046875,297.8180847167969,203.71914672851562,4.139964221394621e-05,-4.893836739938706e-05,1.5624703168869019,0.46988415718078613,-0.667641282081604,-0.23057809472084045,349.8255615234375,291.04058837890625,224.3603057861328,-0.06302451342344284,-0.06568814069032669,1.4390872716903687,0.0,0.0,0.0,0,0
1786183693.2120724,3.9309828630066477,APPROACH,BSPLINE,/home/eunseop/nrs_imitation/checkpoints/bspline/polishing/single_cam/20260808_0153,317.4491882324219,297.8242492675781,203.71543884277344,1.358267581963446e-05,-8.816676563583314e-05,1.5624583959579468,0.2656938433647156,-0.16649118065834045,0.13497291505336761,349.8858947753906,291.0279846191406,224.39878845214844,-0.06314195692539215,-0.06581048667430878,1.4388573169708252,0.0,0.0,0.0,0,0
1786183693.2200627,3.9389731560077053,APPROACH,BSPLINE,/home/eunseop/nrs_imitation/checkpoints/bspline/polishing/single_cam/20260808_0153,317.4417724609375,297.7967529296875,203.7269287109375,7.412637842207914e-06,-3.3985696063609794e-05,1.5624583959579468,0.1630115956068039,-0.16881372034549713,0.1913439780473709,349.94580078125,291.0155029296875,224.4369659423828,-0.06325849145650864,-0.06593188643455505,1.438629150390625,0.0,0.0,0.0,0,0
1786183693.2280297,3.9469400140078506,APPROACH,BSPLINE,/home/eunseop/nrs_imitation/checkpoints/bspline/polishing/single_cam/20260808_0153,317.41973876953125,297.8076171875,203.70143127441406,5.2379404223756865e-05,-2.45745877691661e-06,1.5624583959579468,0.14423693716526031,-0.23249782621860504,-0.07864362746477127,350.0056457519531,291.00299072265625,224.47512817382812,-0.06337496638298035,-0.06605321913957596,1.438401222229004,0.0,0.0,0.0,0,0
1786183693.2360625,3.954972858002293,APPROACH,BSPLINE,/home/eunseop/nrs_imitation/checkpoints/bspline/polishing/single_cam/20260808_0153,317.4399108886719,297.8392333984375,203.7323760986328,3.847751213470474e-05,-7.884356455178931e-05,1.5624942779541016,0.20335839688777924,0.05226707085967064,0.04035298153758049,350.0655212402344,290.990478515625,224.51329040527344,-0.06349146366119385,-0.06617457419633865,1.4381731748580933,0.0,0.0,0.0,0,0
1786183693.2443411,3.963251533001312,APPROACH,BSPLINE,/home/eunseop/nrs_imitation/checkpoints/bspline/polishing/single_cam/20260808_0153,317.43682861328125,297.8325500488281,203.73382568359375,4.311617522034794e-05,-9.122928895521909e-05,1.5624942779541016,0.12915335595607758,-0.40618225932121277,0.4099270701408386,350.1268005371094,290.9776916503906,224.5523681640625,-0.0636107549071312,-0.06629884243011475,1.4379395246505737,0.0,0.0,0.0,0,0
1786183693.252059,3.9709693040058482,APPROACH,BSPLINE,/home/eunseop/nrs_imitation/checkpoints/bspline/polishing/single_cam/20260808_0153,317.46063232421875,297.8491516113281,203.7495574951172,3.696179555845447e-05,-0.00015059034922160208,1.5624583959579468,0.15646696090698242,0.22042828798294067,0.6552665829658508,350.1836242675781,290.9658508300781,224.58860778808594,-0.06372130662202835,-0.066414013504982,1.437723159790039,0.0,0.0,0.0,0,0
1786183693.2601151,3.979025613007252,APPROACH,BSPLINE,/home/eunseop/nrs_imitation/checkpoints/bspline/polishing/single_cam/20260808_0153,317.4386291503906,297.8254699707031,203.72195434570312,6.337125523714349e-05,-6.952065450605005e-05,1.5624583959579468,0.02927975170314312,-0.14096200466156006,-0.18587449193000793,350.2423095703125,290.9535827636719,224.62599182128906,-0.06383541971445084,-0.06653288751840591,1.437499761581421,0.0,0.0,0.0,0,0
1786183693.2680457,3.9869559009966906,APPROACH,BSPLINE,/home/eunseop/nrs_imitation/checkpoints/bspline/polishing/single_cam/20260808_0153,317.4486999511719,297.8232116699219,203.72482299804688,-3.3285434142271697e-07,-5.100970156490803e-05,1.562434434890747,0.21726833283901215,-0.16459369659423828,-0.37736672163009644,350.3004150390625,290.9414367675781,224.66305541992188,-0.06394854187965393,-0.06665072590112686,1.4372782707214355,0.0,0.0,0.0,0,0
1786183693.2760398,3.994950381995295,APPROACH,BSPLINE,/home/eunseop/nrs_imitation/checkpoints/bspline/polishing/single_cam/20260808_0153,317.447509765625,297.7969970703125,203.70143127441406,-3.4692366170929745e-05,-3.5066535929217935e-05,1.5624943971633911,0.14148668944835663,0.06422274559736252,0.25789931416511536,350.3582763671875,290.92938232421875,224.69992065429688,-0.06406110525131226,-0.06676798313856125,1.4370578527450562,0.0,0.0,0.0,0,0
1786183693.2849746,4.003885142999934,APPROACH,BSPLINE,/home/eunseop/nrs_imitation/checkpoints/bspline/polishing/single_cam/20260808_0153,317.4407958984375,297.8177490234375,203.73106384277344,2.1329988157958724e-05,-7.114217441994697e-05,1.5624463558197021,0.4767117500305176,-0.41942963004112244,-0.31223854422569275,350.4224548339844,290.91595458984375,224.74085998535156,-0.06418604403734207,-0.06689814478158951,1.4368133544921875,0.0,0.0,0.0,0,0
1786183693.2920325,4.0109429610020015,APPROACH,BSPLINE,/home/eunseop/nrs_imitation/checkpoints/bspline/polishing/single_cam/20260808_0153,317.4407958984375,297.8177490234375,203.73106384277344,2.1329988157958724e-05,-7.114217441994697e-05,1.5624463558197021,0.2364383190870285,-0.4053526222705841,-0.24583734571933746,350.47308349609375,290.9054260253906,224.7731170654297,-0.06428450345993042,-0.06700071692466736,1.4366205930709839,0.0,0.0,0.0,0,0
1786183693.3000247,4.018935257001431,APPROACH,BSPLINE,/home/eunseop/nrs_imitation/checkpoints/bspline/polishing/single_cam/20260808_0153,317.4415588378906,297.8196716308594,203.72532653808594,3.829090201179497e-05,-7.834834104869515e-05,1.5624703168869019,0.3245483338832855,-0.29099851846694946,0.0693730041384697,350.5299987792969,290.8935546875,224.8094024658203,-0.0643952414393425,-0.06711607426404953,1.4364038705825806,0.0,0.0,0.0,0,0
1786183693.3091807,4.02809106100176,APPROACH,BSPLINE,/home/eunseop/nrs_imitation/checkpoints/bspline/polishing/single_cam/20260808_0153,317.4297180175781,297.8050842285156,203.70716857910156,-1.4249277228373103e-05,-1.3853306882083416e-05,1.5624583959579468,0.39997398853302,-0.4020955264568329,-0.23454716801643372,350.594482421875,290.88006591796875,224.85052490234375,-0.06452074646949768,-0.06724680960178375,1.4361580610275269,0.0,0.0,0.0,0,0
1786183693.3160317,4.03494199400302,APPROACH,BSPLINE,/home/eunseop/nrs_imitation/checkpoints/bspline/polishing/single_cam/20260808_0153,317.4297180175781,297.8050842285156,203.70716857910156,-1.4249277228373103e-05,-1.3853306882083416e-05,1.5624583959579468,0.39997398853302,-0.4020955264568329,-0.23454716801643372,350.64276123046875,290.8700256347656,224.88128662109375,-0.06461465358734131,-0.06734464317560196,1.435974359512329,0.0,0.0,0.0,0,0
1786183693.3240998,4.043010185007006,APPROACH,BSPLINE,/home/eunseop/nrs_imitation/checkpoints/bspline/polishing/single_cam/20260808_0153,317.43060302734375,297.8316345214844,203.7310028076172,8.362848166143522e-05,-4.781053212354891e-05,1.562434434890747,0.10821554809808731,-0.09834219515323639,0.1896553486585617,350.6987609863281,290.8583068847656,224.9169921875,-0.0647236555814743,-0.06745819002389908,1.4357608556747437,0.0,0.0,0.0,0,0
1786183693.332089,4.050999355997192,APPROACH,BSPLINE,/home/eunseop/nrs_imitation/checkpoints/bspline/polishing/single_cam/20260808_0153,317.4430236816406,297.81085205078125,203.7113037109375,-3.331589084609732e-07,-5.1009781600441784e-05,1.5624463558197021,0.35469484329223633,-0.3505096137523651,-0.30957725644111633,350.7542724609375,290.84674072265625,224.95237731933594,-0.06483165919780731,-0.06757070869207382,1.4355494976043701,0.0,0.0,0.0,0,0
1786183693.3400455,4.058955874003004,APPROACH,BSPLINE,/home/eunseop/nrs_imitation/checkpoints/bspline/polishing/single_cam/20260808_0153,317.43896484375,297.80218505859375,203.72433471679688,2.132834924850613e-05,-7.114291656762362e-05,1.5624703168869019,0.4101281464099884,-0.4567452073097229,-0.8052628636360168,350.8093566894531,290.8352355957031,224.9875030517578,-0.06493887305259705,-0.06768239289522171,1.4353395700454712,0.0,0.0,0.0,0,0
1786183693.3481824,4.067093078003381,APPROACH,BSPLINE,/home/eunseop/nrs_imitation/checkpoints/bspline/polishing/single_cam/20260808_0153,317.4302062988281,297.842041015625,203.72084045410156,7.130498852347955e-05,-5.299123586155474e-05,1.5624823570251465,0.4400888681411743,-0.18987737596035004,-0.08884146809577942,350.8644104003906,290.82373046875,225.02261352539062,-0.06504597514867783,-0.06779396533966064,1.4351298809051514,0.0,0.0,0.0,0,0
1786183693.3560667,4.074977258002036,APPROACH,BSPLINE,/home/eunseop/nrs_imitation/checkpoints/bspline/polishing/single_cam/20260808_0153,317.4518737792969,297.8301086425781,203.73045349121094,1.8407516108709387e-05,-0.00010104754619533196,1.5624463558197021,0.06497517973184586,-0.46615657210350037,-0.3941265344619751,350.9187316894531,290.8124084472656,225.05723571777344,-0.06515167653560638,-0.06790408492088318,1.4349229335784912,0.0,0.0,0.0,0,0
1786183693.3640332,4.082943585002795,APPROACH,BSPLINE,/home/eunseop/nrs_imitation/checkpoints/bspline/polishing/single_cam/20260808_0153,317.4418640136719,297.83209228515625,203.71206665039062,5.104881347506307e-05,-7.469941192539409e-05,1.5624343156814575,0.10687366127967834,-0.4288254976272583,0.08381814509630203,350.9727783203125,290.8011169433594,225.09169006347656,-0.06525680422782898,-0.06801359355449677,1.4347171783447266,0.0,0.0,0.0,0,0
1786183693.372023,4.090933307001251,APPROACH,BSPLINE,/home/eunseop/nrs_imitation/checkpoints/bspline/polishing/single_cam/20260808_0153,317.4266052246094,297.82208251953125,203.6830291748047,2.303129804204218e-05,1.0928756921657623e-07,1.5625063180923462,0.15998098254203796,-0.3184601664543152,0.18611884117126465,351.02655029296875,290.7898864746094,225.12594604492188,-0.06536142528057098,-0.06812257319688797,1.4345123767852783,0.0,0.0,0.0,0,0
1786183693.380068,4.098978524998529,APPROACH,BSPLINE,/home/eunseop/nrs_imitation/checkpoints/bspline/polishing/single_cam/20260808_0153,317.4097595214844,297.8204040527344,203.6830291748047,3.535552241373807e-05,5.2899381444149185e-06,1.562542200088501,0.19001713395118713,-0.5360057950019836,-0.28055307269096375,351.0799255371094,290.7787170410156,225.16000366210938,-0.06546536087989807,-0.06823085248470306,1.4343088865280151,0.0,0.0,0.0,0,0
1786183693.3881047,4.107014995999634,APPROACH,BSPLINE,/home/eunseop/nrs_imitation/checkpoints/bspline/polishing/single_cam/20260808_0153,317.4619140625,297.82879638671875,203.7405548095703,1.8218404875369743e-05,-0.00010055310849566013,1.5624704360961914,0.0783296525478363,-0.3202391266822815,0.02823958918452263,351.1331481933594,290.76763916015625,225.1939239501953,-0.0655689388513565,-0.06833874434232712,1.4341061115264893,0.0,0.0,0.0,0,0
1786183693.3961558,4.115066646001651,APPROACH,BSPLINE,/home/eunseop/nrs_imitation/checkpoints/bspline/polishing/single_cam/20260808_0153,317.43304443359375,297.8369445800781,203.72756958007812,8.362803055206314e-05,-4.78122710774187e-05,1.5624704360961914,0.23257268965244293,0.07286528497934341,-0.08260103315114975,351.18585205078125,290.7566223144531,225.22750854492188,-0.0656714141368866,-0.06844550371170044,1.4339054822921753,0.0,0.0,0.0,0,0
1786183693.404087,4.122997526006657,APPROACH,BSPLINE,/home/eunseop/nrs_imitation/checkpoints/bspline/polishing/single_cam/20260808_0153,317.4368591308594,297.8207092285156,203.73587036132812,2.5967932742787525e-05,-8.352861186722293e-05,1.5624942779541016,0.45556268095970154,-0.5267072916030884,-0.7608882784843445,351.2381591796875,290.7457275390625,225.2608642578125,-0.06577324122190475,-0.06855157762765884,1.433706283569336,0.0,0.0,0.0,0,0
1786183693.4120872,4.130997967993608,APPROACH,BSPLINE,/home/eunseop/nrs_imitation/checkpoints/bspline/polishing/single_cam/20260808_0153,317.43896484375,297.7901306152344,203.69866943359375,-3.1583276722813025e-05,-5.657189376506722e-06,1.5624463558197021,0.3371011018753052,-0.26711827516555786,-0.07565739750862122,351.2901306152344,290.73486328125,225.2939910888672,-0.06587432324886322,-0.06865687668323517,1.433508276939392,0.0,0.0,0.0,0,0
1786183693.420085,4.138995264002006,APPROACH,BSPLINE,/home/eunseop/nrs_imitation/checkpoints/bspline/polishing/single_cam/20260808_0153,317.45751953125,297.80780029296875,203.72764587402344,2.1327352442312986e-05,-7.114271284081042e-05,1.5624223947525024,0.10954918712377548,-0.7557914853096008,-0.12803855538368225,351.3417053222656,290.7240905761719,225.32687377929688,-0.06597469002008438,-0.0687614306807518,1.4333118200302124,0.0,0.0,0.0,0,0
1786183693.4280305,4.146940822000033,APPROACH,BSPLINE,/home/eunseop/nrs_imitation/checkpoints/bspline/polishing/single_cam/20260808_0153,317.4254150390625,297.7967224121094,203.69325256347656,3.5354856663616374e-05,5.290056378726149e-06,1.5624104738235474,0.259432852268219,0.33125966787338257,0.15268807113170624,351.392822265625,290.71343994140625,225.35946655273438,-0.0660741850733757,-0.06886507570743561,1.4331170320510864,0.0,0.0,0.0,0,0
1786183693.436081,4.154991239003721,APPROACH,BSPLINE,/home/eunseop/nrs_imitation/checkpoints/bspline/polishing/single_cam/20260808_0153,317.4504699707031,297.8385314941406,203.7501678466797,2.7497488190419972e-05,-0.00012532480468507856,1.5625063180923462,0.031582802534103394,-0.3492237329483032,-0.480770081281662,351.4438171386719,290.7027893066406,225.39195251464844,-0.06617334485054016,-0.06896837800741196,1.4329228401184082,0.0,0.0,0.0,0,0
1786183693.4440753,4.162985729999491,APPROACH,BSPLINE,/home/eunseop/nrs_imitation/checkpoints/bspline/polishing/single_cam/20260808_0153,317.4151306152344,297.78564453125,203.68966674804688,-5.327680696609605e-07,6.30287904641591e-05,1.5624823570251465,0.039485782384872437,-0.3375268578529358,-0.08306301385164261,351.4942932128906,290.6922302246094,225.42416381835938,-0.06627163290977478,-0.06907077133655548,1.4327304363250732,0.0,0.0,0.0,0,0
1786183693.4520752,4.1709856020024745,APPROACH,BSPLINE,/home/eunseop/nrs_imitation/checkpoints/bspline/polishing/single_cam/20260808_0153,317.4647521972656,297.82305908203125,203.73435974121094,-3.5664800179802114e-06,-8.046592847676948e-05,1.562434434890747,0.3618163764476776,-0.2893899083137512,0.06741815060377121,351.5444030761719,290.6817932128906,225.4561004638672,-0.06636908650398254,-0.06917229294776917,1.432539701461792,0.0,0.0,0.0,0,0
1786183693.460081,4.1789915039989864,APPROACH,BSPLINE,/home/eunseop/nrs_imitation/checkpoints/bspline/polishing/single_cam/20260808_0153,317.44232177734375,297.8094787597656,203.71775817871094,1.1866321983688977e-05,-4.5875720388721675e-05,1.5624463558197021,-0.03995174169540405,-0.4305398464202881,-0.6414130330085754,351.59417724609375,290.67138671875,225.48782348632812,-0.06646598130464554,-0.06927323341369629,1.4323499202728271,0.0,0.0,0.0,0,0
1786183693.4680398,4.186950046001584,APPROACH,BSPLINE,/home/eunseop/nrs_imitation/checkpoints/bspline/polishing/single_cam/20260808_0153,317.4580078125,297.8081970214844,203.70787048339844,-2.5229315724573098e-05,-6.033337558619678e-05,1.5624583959579468,0.15115153789520264,-0.04005919396877289,-0.027950355783104897,351.6434326171875,290.6611022949219,225.5192413330078,-0.06656183302402496,-0.06937308609485626,1.4321624040603638,0.0,0.0,0.0,0,0
1786183693.476214,4.195124491001479,APPROACH,BSPLINE,/home/eunseop/nrs_imitation/checkpoints/bspline/polishing/single_cam/20260808_0153,317.42938232421875,297.8166198730469,203.72256469726562,4.140000237384811e-05,-4.893819641438313e-05,1.5624823570251465,0.3183436691761017,-0.45859089493751526,0.10498769581317902,351.6927795410156,290.65081787109375,225.55068969726562,-0.06665786355733871,-0.06947311758995056,1.4319744110107422,0.0,0.0,0.0,0,0
1786183693.4841664,4.203076922000037,APPROACH,BSPLINE,/home/eunseop/nrs_imitation/checkpoints/bspline/polishing/single_cam/20260808_0153,317.45623779296875,297.80462646484375,203.72206115722656,-2.21209047595039e-05,-3.0923252779757604e-05,1.5624464750289917,0.26765647530555725,-0.4945699870586395,-0.48287433385849,351.74139404296875,290.64068603515625,225.5816650390625,-0.06675239652395248,-0.0695715919137001,1.4317893981933594,0.0,0.0,0.0,0,0
1786183693.492171,4.211081632995047,APPROACH,BSPLINE,/home/eunseop/nrs_imitation/checkpoints/bspline/polishing/single_cam/20260808_0153,317.45416259765625,297.7886962890625,203.71241760253906,4.118533070140984e-06,-6.289963494054973e-05,1.5623983144760132,-0.05354922264814377,0.1911509782075882,0.036450594663619995,351.7895812988281,290.630615234375,225.61241149902344,-0.06684620678424835,-0.06966931372880936,1.4316056966781616,0.0,0.0,0.0,0,0
1786183693.5001552,4.21906571299769,APPROACH,BSPLINE,/home/eunseop/nrs_imitation/checkpoints/bspline/polishing/single_cam/20260808_0153,317.441162109375,297.81884765625,203.73013305664062,4.292940138839185e-05,-9.073407272808254e-05,1.5624703168869019,0.4877515435218811,-0.21630343794822693,-0.6700481176376343,351.8372497558594,290.6206359863281,225.6427764892578,-0.06693893671035767,-0.06976592540740967,1.4314241409301758,0.0,0.0,0.0,0,0
1786183693.5081172,4.227027611996164,APPROACH,BSPLINE,/home/eunseop/nrs_imitation/checkpoints/bspline/polishing/single_cam/20260808_0153,317.45538330078125,297.8266296386719,203.75497436523438,5.7030065363505855e-05,-0.00012838587281294167,1.5624223947525024,0.6040979027748108,-0.1188148632645607,0.29905593395233154,351.88470458984375,290.61077880859375,225.6730499267578,-0.06703127920627594,-0.06986211985349655,1.4312434196472168,0.0,0.0,0.0,0,0
1786183693.5160518,4.23496198799694,APPROACH,BSPLINE,/home/eunseop/nrs_imitation/checkpoints/bspline/polishing/single_cam/20260808_0153,317.4232482910156,297.79205322265625,203.70347595214844,3.535539144650102e-05,5.288837201078422e-06,1.5624823570251465,0.1231033205986023,-0.38192808628082275,-0.21327155828475952,351.931640625,290.6009521484375,225.7029571533203,-0.06712260842323303,-0.06995725631713867,1.4310646057128906,0.0,0.0,0.0,0,0
1786183693.5240371,4.2429475219978485,APPROACH,BSPLINE,/home/eunseop/nrs_imitation/checkpoints/bspline/polishing/single_cam/20260808_0153,317.43389892578125,297.7915344238281,203.72158813476562,2.4560236852266826e-05,-4.16870680055581e-05,1.5624823570251465,0.07797630876302719,-0.2625899612903595,-0.6699022054672241,351.97833251953125,290.5912170410156,225.73272705078125,-0.06721345335245132,-0.0700519010424614,1.4308867454528809,0.0,0.0,0.0,0,0
1786183693.5320954,4.25100582500454,APPROACH,BSPLINE,/home/eunseop/nrs_imitation/checkpoints/bspline/polishing/single_cam/20260808_0153,317.435791015625,297.795654296875,203.69264221191406,1.9737124603125267e-05,-2.8804966859752312e-05,1.5624223947525024,-0.017376648262143135,-0.11739359050989151,0.3166700303554535,352.0247497558594,290.58154296875,225.7623291015625,-0.06730376929044724,-0.07014597952365875,1.430709958076477,0.0,0.0,0.0,0,0
1786183693.5401068,4.259017097996548,APPROACH,BSPLINE,/home/eunseop/nrs_imitation/checkpoints/bspline/polishing/single_cam/20260808_0153,317.43499755859375,297.8170166015625,203.72007751464844,1.992294164665509e-05,-2.930041591753252e-05,1.5624583959579468,0.21315784752368927,-0.31024426221847534,0.06130339950323105,352.070556640625,290.57196044921875,225.79153442382812,-0.06739292293787003,-0.07023885846138,1.4305354356765747,0.0,0.0,0.0,0,0
1786183693.548239,4.267149683000753,APPROACH,BSPLINE,/home/eunseop/nrs_imitation/checkpoints/bspline/polishing/single_cam/20260808_0153,317.4380187988281,297.82373046875,203.74603271484375,5.0863625801866874e-05,-7.420356996590272e-05,1.5624223947525024,0.4133464992046356,-0.46421054005622864,-0.5448499917984009,352.1163330078125,290.5623779296875,225.82070922851562,-0.06748198717832565,-0.0703316330909729,1.430361032485962,0.0,0.0,0.0,0,0
1786183693.5562193,4.2751298359944485,APPROACH,BSPLINE,/home/eunseop/nrs_imitation/checkpoints/bspline/polishing/single_cam/20260808_0153,317.4327392578125,297.82391357421875,203.7349395751953,5.9956772020086646e-05,-9.847853652900085e-05,1.5624228715896606,0.18168824911117554,-0.4155866503715515,0.24206173419952393,352.16143798828125,290.5530090332031,225.84947204589844,-0.06756976246833801,-0.07042307406663895,1.4301892518997192,0.0,0.0,0.0,0,0
1786183693.5642092,4.283119657993666,APPROACH,BSPLINE,/home/eunseop/nrs_imitation/checkpoints/bspline/polishing/single_cam/20260808_0153,317.4281005859375,297.80169677734375,203.70484924316406,2.588952384030563e-06,-2.1104628103785217e-05,1.5625063180923462,0.29299160838127136,-0.16553762555122375,0.3115749657154083,352.2061462402344,290.54364013671875,225.87794494628906,-0.06765671819448471,-0.07051366567611694,1.4300189018249512,0.0,0.0,0.0,0,0
1786183693.572176,4.291086416007602,APPROACH,BSPLINE,/home/eunseop/nrs_imitation/checkpoints/bspline/polishing/single_cam/20260808_0153,317.4336853027344,297.8141784667969,203.7161102294922,2.920092265412677e-05,-5.407115531852469e-05,1.562434434890747,-0.0014880112139508128,-0.18807215988636017,0.15491577982902527,352.2503967285156,290.534423828125,225.9061737060547,-0.06774283200502396,-0.0706033706665039,1.429850459098816,0.0,0.0,0.0,0,0
1786183693.5802088,4.299119471004815,APPROACH,BSPLINE,/home/eunseop/nrs_imitation/checkpoints/bspline/polishing/single_cam/20260808_0153,317.4447326660156,297.8150634765625,203.73013305664062,4.2930212657665834e-05,-9.073296678252518e-05,1.5624223947525024,0.2784266173839569,-0.14152930676937103,0.37105631828308105,352.2943115234375,290.5252685546875,225.93417358398438,-0.06782833486795425,-0.07069243490695953,1.429682970046997,0.0,0.0,0.0,0,0
1786183693.5881875,4.307097921002423,APPROACH,BSPLINE,/home/eunseop/nrs_imitation/checkpoints/bspline/polishing/single_cam/20260808_0153,317.4534912109375,297.8217468261719,203.7316131591797,-1.2843312106269877e-05,-5.5694978073006496e-05,1.5624704360961914,0.030398832634091377,-0.014799123629927635,0.030395088717341423,352.3377990722656,290.51617431640625,225.96188354492188,-0.06791288405656815,-0.07078050822019577,1.4295175075531006,0.0,0.0,0.0,0,0
1786183693.5961795,4.3150898669991875,APPROACH,BSPLINE,/home/eunseop/nrs_imitation/checkpoints/bspline/polishing/single_cam/20260808_0153,317.4653625488281,297.8480224609375,203.7628631591797,5.880816388526e-05,-0.00017121847486123443,1.562434434890747,0.14622393250465393,-0.2299676537513733,0.3699876070022583,352.3809509277344,290.5072021484375,225.98939514160156,-0.06799685955047607,-0.07086799293756485,1.4293529987335205,0.0,0.0,0.0,0,0
1786183693.6040518,4.322961974001373,APPROACH,BSPLINE,/home/eunseop/nrs_imitation/checkpoints/bspline/polishing/single_cam/20260808_0153,317.4209899902344,297.8102111816406,203.6966094970703,3.5355442378204316e-05,5.289277851261431e-06,1.5625063180923462,0.245768204331398,-0.3505428731441498,0.4218202233314514,352.42333984375,290.4983215332031,226.01641845703125,-0.06807935982942581,-0.07095393538475037,1.4291915893554688,0.0,0.0,0.0,0,0
1786183693.6122139,4.331124196003657,APPROACH,BSPLINE,/home/eunseop/nrs_imitation/checkpoints/bspline/polishing/single_cam/20260808_0153,317.4491271972656,297.78955078125,203.7037353515625,-1.8641266024133074e-06,-9.214142664859537e-06,1.5623983144760132,0.3904786705970764,-0.47560256719589233,-0.7688238620758057,352.46588134765625,290.48944091796875,226.04354858398438,-0.06816216558218002,-0.07104019820690155,1.4290294647216797,0.0,0.0,0.0,0,0
1786183693.6200852,4.338995730999159,APPROACH,BSPLINE,/home/eunseop/nrs_imitation/checkpoints/bspline/polishing/single_cam/20260808_0153,317.43853759765625,297.8011474609375,203.70143127441406,-9.79661399469478e-06,-2.5743156584212556e-05,1.5624704360961914,0.11172296106815338,-0.41047203540802,0.0028007396031171083,352.507568359375,290.4807434082031,226.07012939453125,-0.06824328750371933,-0.07112471014261246,1.428870677947998,0.0,0.0,0.0,0,0
1786183693.628081,4.346991665006499,APPROACH,BSPLINE,/home/eunseop/nrs_imitation/checkpoints/bspline/polishing/single_cam/20260808_0153,317.4332580566406,297.8016662597656,203.6898193359375,1.0459923032613005e-05,-4.033780896861572e-06,1.5624463558197021,0.30705684423446655,-0.07603711634874344,0.14977309107780457,352.5490417480469,290.4720764160156,226.0965576171875,-0.06832391768693924,-0.07120870053768158,1.4287128448486328,0.0,0.0,0.0,0,0
1786183693.6360707,4.3549810760014225,APPROACH,BSPLINE,/home/eunseop/nrs_imitation/checkpoints/bspline/polishing/single_cam/20260808_0153,317.4709777832031,297.8016052246094,203.72764587402344,-1.595417234057095e-05,-8.510409679729491e-05,1.5624343156814575,0.3407684862613678,-0.2756129503250122,-0.3642255365848541,352.5900573730469,290.4635314941406,226.12271118164062,-0.06840375810861588,-0.07129187881946564,1.4285564422607422,0.0,0.0,0.0,0,0
1786183693.6440747,4.362985226005549,APPROACH,BSPLINE,/home/eunseop/nrs_imitation/checkpoints/bspline/polishing/single_cam/20260808_0153,317.44586181640625,297.84014892578125,203.71603393554688,4.491576419241028e-06,-6.389107875293121e-05,1.5624823570251465,-0.06419000774621964,0.10648860037326813,0.3379463851451874,352.63067626953125,290.4550476074219,226.14859008789062,-0.06848278641700745,-0.07137420773506165,1.4284018278121948,0.0,0.0,0.0,0,0
1786183693.6520598,4.37097024799732,APPROACH,BSPLINE,/home/eunseop/nrs_imitation/checkpoints/bspline/polishing/single_cam/20260808_0153,317.45672607421875,297.8059387207031,203.70953369140625,-5.158152362128021e-06,-3.812849536188878e-05,1.5624103546142578,0.1188257709145546,-0.4444066882133484,-0.24710802733898163,352.6708068847656,290.4466552734375,226.17420959472656,-0.06856092065572739,-0.07145559787750244,1.4282488822937012,0.0,0.0,0.0,0,0
1786183693.6600804,4.378990879005869,APPROACH,BSPLINE,/home/eunseop/nrs_imitation/checkpoints/bspline/polishing/single_cam/20260808_0153,317.427001953125,297.7998352050781,203.70716857910156,2.3031032469589263e-05,1.0970089192596788e-07,1.5624223947525024,0.23985455930233002,-0.35309264063835144,-0.29810410737991333,352.7106628417969,290.4383239746094,226.19960021972656,-0.06863846629858017,-0.07153638452291489,1.4280970096588135,0.0,0.0,0.0,0,0
1786183693.668059,4.386969459999818,APPROACH,BSPLINE,/home/eunseop/nrs_imitation/checkpoints/bspline/polishing/single_cam/20260808_0153,317.438232421875,297.81298828125,203.70787048339844,4.945606633555144e-05,-3.236261545680463e-05,1.5624103546142578,-0.07972098886966705,-0.0757598727941513,0.09142495691776276,352.75,290.4301452636719,226.22467041015625,-0.06871498376131058,-0.07161609083414078,1.4279472827911377,0.0,0.0,0.0,0,0
1786183693.6765044,4.395414633007022,APPROACH,BSPLINE,/home/eunseop/nrs_imitation/checkpoints/bspline/polishing/single_cam/20260808_0153,317.4264221191406,297.8216552734375,203.69456481933594,2.748437509580981e-05,-1.1780866771005094e-05,1.5624942779541016,0.0364566370844841,-0.4531848430633545,-0.03226211667060852,352.7911376953125,290.4215393066406,226.25088500976562,-0.06879499554634094,-0.07169943302869797,1.427790641784668,0.0,0.0,0.0,0,0
1786183693.6840932,4.40300346800359,APPROACH,BSPLINE,/home/eunseop/nrs_imitation/checkpoints/bspline/polishing/single_cam/20260808_0153,317.44903564453125,297.8008117675781,203.7137908935547,8.758777767070569e-06,-7.52850464778021e-05,1.562398910522461,0.26454997062683105,-0.1383066028356552,0.36982110142707825,352.8274841308594,290.4139404296875,226.27407836914062,-0.06886574625968933,-0.07177314907312393,1.42765212059021,0.0,0.0,0.0,0,0
1786183693.6920416,4.410951971003669,APPROACH,BSPLINE,/home/eunseop/nrs_imitation/checkpoints/bspline/polishing/single_cam/20260808_0153,317.44439697265625,297.8027648925781,203.7041778564453,2.437566035951022e-05,-4.119043660466559e-05,1.5623984336853027,0.18646037578582764,-0.49256494641304016,-0.42081964015960693,352.8654479980469,290.4060363769531,226.29827880859375,-0.06893967092037201,-0.07185015827417374,1.4275072813034058,0.0,0.0,0.0,0,0
1786183693.7002437,4.419154268995044,APPROACH,BSPLINE,/home/eunseop/nrs_imitation/checkpoints/bspline/polishing/single_cam/20260808_0153,317.433349609375,297.8135986328125,203.7296905517578,4.158540832577273e-05,-4.943346721120179e-05,1.5624583959579468,0.29761630296707153,-0.06507325917482376,-0.08785586804151535,352.90338134765625,290.39813232421875,226.3224639892578,-0.06901348382234573,-0.07192704826593399,1.4273629188537598,0.0,0.0,0.0,0,0
1786183693.70827,4.427180700993631,APPROACH,BSPLINE,/home/eunseop/nrs_imitation/checkpoints/bspline/polishing/single_cam/20260808_0153,317.4405822753906,297.8168029785156,203.71775817871094,-1.3027885870542377e-05,-5.519987462321296e-05,1.5624823570251465,0.2506811320781708,-0.2306506484746933,-0.09869076311588287,352.9407043457031,290.3903503417969,226.34625244140625,-0.06908605992794037,-0.07200264930725098,1.4272208213806152,0.0,0.0,0.0,0,0
1786183693.716176,4.435086672005127,APPROACH,BSPLINE,/home/eunseop/nrs_imitation/checkpoints/bspline/polishing/single_cam/20260808_0153,317.4440612792969,297.83624267578125,203.75840759277344,3.213850868633017e-05,-0.00013770977966487408,1.5624943971633911,0.3721175789833069,-0.1912263184785843,0.34186890721321106,352.97723388671875,290.3827209472656,226.36953735351562,-0.06915714591741562,-0.0720767080783844,1.42708158493042,0.0,0.0,0.0,0,0
1786183693.7242281,4.443139124006848,APPROACH,BSPLINE,/home/eunseop/nrs_imitation/checkpoints/bspline/polishing/single_cam/20260808_0153,317.4220275878906,297.84710693359375,203.73779296875,5.873576446902007e-05,-5.7132278016069904e-05,1.562482237815857,0.4305992126464844,-0.23389703035354614,0.46965014934539795,353.01373291015625,290.3750915527344,226.39280700683594,-0.06922820210456848,-0.07215072214603424,1.4269425868988037,0.0,0.0,0.0,0,0
1786183693.7321634,4.451073941003415,APPROACH,BSPLINE,/home/eunseop/nrs_imitation/checkpoints/bspline/polishing/single_cam/20260808_0153,317.4585876464844,297.84466552734375,203.76010131835938,3.714903141371906e-05,-0.00015108483785297722,1.562434434890747,0.33375978469848633,-0.10410364717245102,0.3161311447620392,353.049560546875,290.36761474609375,226.4156494140625,-0.06929787248373032,-0.07222329825162888,1.4268062114715576,0.0,0.0,0.0,0,0
1786183693.7402442,4.45915514799708,APPROACH,BSPLINE,/home/eunseop/nrs_imitation/checkpoints/bspline/polishing/single_cam/20260808_0153,317.4228820800781,297.7912292480469,203.70828247070312,3.9993632526602596e-05,-7.0965006671031006e-06,1.5624583959579468,0.19889967143535614,-0.235178142786026,0.021220652386546135,353.08502197265625,290.3601989746094,226.43826293945312,-0.06936689466238022,-0.07229521125555038,1.426671028137207,0.0,0.0,0.0,0,0
1786183693.7484405,4.467351215003873,APPROACH,BSPLINE,/home/eunseop/nrs_imitation/checkpoints/bspline/polishing/single_cam/20260808_0153,317.4560852050781,297.82867431640625,203.7399444580078,7.728575292276219e-05,-0.00010667683818610385,1.562386393547058,0.1854030340909958,-0.1673850119113922,0.07581763714551926,353.1207275390625,290.3527526855469,226.4610137939453,-0.06943637132644653,-0.07236757129430771,1.4265350103378296,0.0,0.0,0.0,0,0
1786183693.7562168,4.4751274779991945,APPROACH,BSPLINE,/home/eunseop/nrs_imitation/checkpoints/bspline/polishing/single_cam/20260808_0153,317.4566650390625,297.8168640136719,203.71571350097656,-2.077542376355268e-05,-7.222389103844762e-05,1.5624583959579468,0.5615142583847046,-0.31613749265670776,0.6287462711334229,353.15478515625,290.34564208984375,226.48272705078125,-0.06950260698795319,-0.07243658602237701,1.4264053106307983,0.0,0.0,0.0,0,0
1786183693.7641394,4.483050191003713,APPROACH,BSPLINE,/home/eunseop/nrs_imitation/checkpoints/bspline/polishing/single_cam/20260808_0153,317.4462890625,297.81793212890625,203.72824096679688,-3.3346654504384787e-07,-5.100986527395435e-05,1.5624583959579468,0.379473477602005,-0.797114372253418,-0.3818585276603699,353.1888122558594,290.3385314941406,226.50442504882812,-0.06956884264945984,-0.07250558584928513,1.426275610923767,0.0,0.0,0.0,0,0
1786183693.7720778,4.490988214005483,APPROACH,BSPLINE,/home/eunseop/nrs_imitation/checkpoints/bspline/polishing/single_cam/20260808_0153,317.4274597167969,297.8002624511719,203.70286560058594,7.227737569337478e-06,-3.349029793753289e-05,1.5624942779541016,0.10941340029239655,-0.16186022758483887,0.13684481382369995,353.22247314453125,290.33148193359375,226.52587890625,-0.06963435560464859,-0.07257382571697235,1.4261473417282104,0.0,0.0,0.0,0,0
1786183693.7800415,4.498951916000806,APPROACH,BSPLINE,/home/eunseop/nrs_imitation/checkpoints/bspline/polishing/single_cam/20260808_0153,317.4400939941406,297.828125,203.7267608642578,4.3116513552377e-05,-9.122858318733051e-05,1.5624583959579468,0.2860566973686218,-0.06591013073921204,0.13588634133338928,353.25567626953125,290.3245849609375,226.5470428466797,-0.06969895958900452,-0.07264113426208496,1.4260209798812866,0.0,0.0,0.0,0,0
1786183693.7880838,4.506994098002906,APPROACH,BSPLINE,/home/eunseop/nrs_imitation/checkpoints/bspline/polishing/single_cam/20260808_0153,317.43414306640625,297.8384094238281,203.7400665283203,6.49664580123499e-05,-0.00011185577750438824,1.5624582767486572,0.17024153470993042,-0.10431071370840073,-0.0070743500255048275,353.28857421875,290.3177185058594,226.56802368164062,-0.06976296752691269,-0.07270780205726624,1.4258956909179688,0.0,0.0,0.0,0,0
1786183693.7960396,4.514950006006984,APPROACH,BSPLINE,/home/eunseop/nrs_imitation/checkpoints/bspline/polishing/single_cam/20260808_0153,317.4486999511719,297.8117980957031,203.70953369140625,7.2274788180948235e-06,-3.349006874486804e-05,1.562434434890747,0.29555776715278625,-0.07082058489322662,0.4141148030757904,353.3208312988281,290.31097412109375,226.58859252929688,-0.06982577592134476,-0.07277324050664902,1.4257725477218628,0.0,0.0,0.0,0,0
1786183693.8040218,4.522932071995456,APPROACH,BSPLINE,/home/eunseop/nrs_imitation/checkpoints/bspline/polishing/single_cam/20260808_0153,317.4299621582031,297.818115234375,203.7222900390625,6.33717718301341e-05,-6.952038529561833e-05,1.5624703168869019,0.3433534502983093,-0.16282428801059723,0.04233507066965103,353.3527526855469,290.3042907714844,226.6089324951172,-0.06988783925771713,-0.07283789664506912,1.4256510734558105,0.0,0.0,0.0,0,0
1786183693.8130178,4.531928301003063,APPROACH,BSPLINE,/home/eunseop/nrs_imitation/checkpoints/bspline/polishing/single_cam/20260808_0153,317.43743896484375,297.81048583984375,203.70677185058594,-2.0494687760219676e-06,-8.718823664821684e-06,1.5624463558197021,0.19070379436016083,-0.21589748561382294,-0.08241890370845795,353.3879089355469,290.2969970703125,226.63134765625,-0.06995625048875809,-0.0729091539978981,1.425517201423645,0.0,0.0,0.0,0,0
1786183693.8200388,4.538949207999394,APPROACH,BSPLINE,/home/eunseop/nrs_imitation/checkpoints/bspline/polishing/single_cam/20260808_0153,317.4399108886719,297.8045959472656,203.68838500976562,5.821212653245311e-06,8.351854376087431e-06,1.5624104738235474,0.2026052176952362,-0.3706343173980713,0.18822070956230164,353.4152526855469,290.2912902832031,226.64877319335938,-0.07000941038131714,-0.07296453416347504,1.4254132509231567,0.0,0.0,0.0,0,0
1786183693.828069,4.546979167003883,APPROACH,BSPLINE,/home/eunseop/nrs_imitation/checkpoints/bspline/polishing/single_cam/20260808_0153,317.4569091796875,297.8060302734375,203.71914672851562,-8.391830306209158e-06,-6.758503150194883e-05,1.5624704360961914,0.06977321207523346,-0.4149390459060669,-0.09414680302143097,353.44580078125,290.284912109375,226.6682586669922,-0.07006889581680298,-0.07302650064229965,1.4252967834472656,0.0,0.0,0.0,0,0
1786183693.8360758,4.5549862119951285,APPROACH,BSPLINE,/home/eunseop/nrs_imitation/checkpoints/bspline/polishing/single_cam/20260808_0153,317.4344482421875,297.8039855957031,203.7085418701172,2.774612767098006e-06,-2.159993709938135e-05,1.5624704360961914,0.3289504051208496,-0.3783094882965088,0.11710714548826218,353.4758605957031,290.27862548828125,226.68740844726562,-0.07012736797332764,-0.0730874240398407,1.4251822233200073,0.0,0.0,0.0,0,0
1786183693.8440323,4.562942579999799,APPROACH,BSPLINE,/home/eunseop/nrs_imitation/checkpoints/bspline/polishing/single_cam/20260808_0153,317.42156982421875,297.81109619140625,203.71334838867188,3.230839502066374e-05,-2.4662484065629542e-05,1.5625182390213013,0.29395151138305664,-0.6934753060340881,-0.4073845446109772,353.5054626464844,290.2724609375,226.70628356933594,-0.07018496096134186,-0.07314740121364594,1.4250694513320923,0.0,0.0,0.0,0,0
1786183693.85212,4.571030209001037,APPROACH,BSPLINE,/home/eunseop/nrs_imitation/checkpoints/bspline/polishing/single_cam/20260808_0153,317.4488525390625,297.8004455566406,203.70030212402344,-1.4249728337745182e-05,-1.385274936183123e-05,1.562434434890747,0.5512043833732605,-0.5773237347602844,-0.5889309048652649,353.53472900390625,290.2663269042969,226.7249298095703,-0.07024192810058594,-0.07320675998926163,1.4249579906463623,0.0,0.0,0.0,0,0
1786183693.8600736,4.578983801999129,APPROACH,BSPLINE,/home/eunseop/nrs_imitation/checkpoints/bspline/polishing/single_cam/20260808_0153,317.4416198730469,297.7843017578125,203.6898956298828,-2.6944711862597615e-05,-1.8042450392385945e-05,1.5624463558197021,0.20437459647655487,-0.22864149510860443,-0.15432757139205933,353.5633544921875,290.2603759765625,226.74317932128906,-0.07029759138822556,-0.07326473295688629,1.424849033355713,0.0,0.0,0.0,0,0
1786183693.8681448,4.5870549399987794,APPROACH,BSPLINE,/home/eunseop/nrs_imitation/checkpoints/bspline/polishing/single_cam/20260808_0153,317.440673828125,297.829345703125,203.74061584472656,4.311699012760073e-05,-9.122817573370412e-05,1.5624463558197021,0.3062829375267029,-0.35527750849723816,-0.203291654586792,353.5916748046875,290.25445556640625,226.76126098632812,-0.07035277783870697,-0.07332223653793335,1.4247410297393799,0.0,0.0,0.0,0,0
1786183693.8760817,4.594992049998837,APPROACH,BSPLINE,/home/eunseop/nrs_imitation/checkpoints/bspline/polishing/single_cam/20260808_0153,317.4469909667969,297.8081359863281,203.7222900390625,2.5967223336920142e-05,-8.352808799827471e-05,1.562434434890747,0.21999849379062653,-0.17015452682971954,-0.16248156130313873,353.61932373046875,290.2486572265625,226.77890014648438,-0.07040658593177795,-0.07337828725576401,1.4246357679367065,0.0,0.0,0.0,0,0
1786183693.8840897,4.603000066999812,APPROACH,BSPLINE,/home/eunseop/nrs_imitation/checkpoints/bspline/polishing/single_cam/20260808_0153,317.4497375488281,297.8133544921875,203.7222900390625,-1.1313088180031627e-05,-9.749098535394296e-05,1.5624942779541016,0.3732844591140747,-0.4646703898906708,-0.08748207986354828,353.6466369628906,290.2429504394531,226.79627990722656,-0.07045965641736984,-0.07343357801437378,1.4245318174362183,0.0,0.0,0.0,0,0
1786183693.8920684,4.610978657001397,APPROACH,BSPLINE,/home/eunseop/nrs_imitation/checkpoints/bspline/polishing/single_cam/20260808_0153,317.43121337890625,297.8439636230469,203.7510986328125,6.81985475239344e-05,-8.239883027272299e-05,1.5624463558197021,0.3344019055366516,-0.1447690725326538,-0.4993038773536682,353.6733703613281,290.23736572265625,226.81332397460938,-0.07051170617341995,-0.0734877958893776,1.4244297742843628,0.0,0.0,0.0,0,0
1786183693.9000635,4.618973939999705,APPROACH,BSPLINE,/home/eunseop/nrs_imitation/checkpoints/bspline/polishing/single_cam/20260808_0153,317.4292297363281,297.8162536621094,203.7041778564453,3.676173946587369e-05,-3.655190812423825e-05,1.5624583959579468,0.3335006833076477,-0.6173287034034729,-0.5221357345581055,353.6997375488281,290.2319030761719,226.83013916015625,-0.07056299597024918,-0.07354122400283813,1.4243295192718506,0.0,0.0,0.0,0,0
1786183693.9081583,4.627068803005386,APPROACH,BSPLINE,/home/eunseop/nrs_imitation/checkpoints/bspline/polishing/single_cam/20260808_0153,317.42169189453125,297.8348388671875,203.70693969726562,5.854903793078847e-05,-5.6638444220880046e-05,1.5625063180923462,0.079048290848732,-0.38326820731163025,-0.19879427552223206,353.7256164550781,290.2264709472656,226.8466339111328,-0.07061342149972916,-0.07359375059604645,1.424230694770813,0.0,0.0,0.0,0,0
1786183693.9161108,4.63502126300591,APPROACH,BSPLINE,/home/eunseop/nrs_imitation/checkpoints/bspline/polishing/single_cam/20260808_0153,317.4477233886719,297.7979736328125,203.7147216796875,-3.3407658861506206e-07,-5.1009694288950413e-05,1.562434434890747,0.14981858432292938,-0.1435198336839676,0.15130294859409332,353.7509765625,290.22119140625,226.86279296875,-0.070662721991539,-0.07364511489868164,1.4241341352462769,0.0,0.0,0.0,0,0
1786183693.9241254,4.643035832996247,APPROACH,BSPLINE,/home/eunseop/nrs_imitation/checkpoints/bspline/polishing/single_cam/20260808_0153,317.4278869628906,297.83642578125,203.7061004638672,3.212351293768734e-05,-2.4165738068404607e-05,1.5624703168869019,0.2208002656698227,-0.21904972195625305,0.19567880034446716,353.77587890625,290.2159729003906,226.87867736816406,-0.0707111805677414,-0.0736955925822258,1.424039363861084,0.0,0.0,0.0,0,0
1786183693.932099,4.651009534005425,APPROACH,BSPLINE,/home/eunseop/nrs_imitation/checkpoints/bspline/polishing/single_cam/20260808_0153,317.45159912109375,297.8294677734375,203.75360107421875,2.749669693002943e-05,-0.0001253247755812481,1.5624943971633911,0.27127954363822937,-0.2888287305831909,-0.32341617345809937,353.80029296875,290.21087646484375,226.89425659179688,-0.07075868546962738,-0.07374508678913116,1.4239463806152344,0.0,0.0,0.0,0,0
1786183693.9402342,4.659145105004427,APPROACH,BSPLINE,/home/eunseop/nrs_imitation/checkpoints/bspline/polishing/single_cam/20260808_0153,317.43414306640625,297.8269348144531,203.73924255371094,5.08634329889901e-05,-7.42042320780456e-05,1.5624583959579468,-0.029872089624404907,-0.2797606587409973,0.1961205154657364,353.8243103027344,290.20587158203125,226.9095458984375,-0.07080543786287308,-0.07379378378391266,1.4238547086715698,0.0,0.0,0.0,0,0
1786183693.9480867,4.666997334003099,APPROACH,BSPLINE,/home/eunseop/nrs_imitation/checkpoints/bspline/polishing/single_cam/20260808_0153,317.41754150390625,297.8144836425781,203.70082092285156,6.165704689919949e-05,-2.7226868041907437e-05,1.5624228715896606,0.16366484761238098,-0.12135229259729385,-0.45474791526794434,353.84765625,290.20098876953125,226.9244384765625,-0.07085083425045013,-0.07384107261896133,1.4237658977508545,0.0,0.0,0.0,0,0
1786183693.956213,4.675123416003771,APPROACH,BSPLINE,/home/eunseop/nrs_imitation/checkpoints/bspline/polishing/single_cam/20260808_0153,317.4422912597656,297.8212890625,203.72764587402344,3.383794319233857e-05,-6.64580293232575e-05,1.5624703168869019,0.5006229281425476,-0.2145073115825653,-0.46183809638023376,353.8707580566406,290.1961975097656,226.9391632080078,-0.07089579105377197,-0.0738879069685936,1.423677921295166,0.0,0.0,0.0,0,0
1786183693.9640694,4.682979703007732,APPROACH,BSPLINE,/home/eunseop/nrs_imitation/checkpoints/bspline/polishing/single_cam/20260808_0153,317.43341064453125,297.7906188964844,203.70484924316406,2.748391307250131e-05,-1.1781447938119527e-05,1.5624463558197021,0.11920761317014694,-0.570793867111206,-0.2483861744403839,353.8930969238281,290.1914978027344,226.95339965820312,-0.07093925774097443,-0.0739331841468811,1.4235929250717163,0.0,0.0,0.0,0,0
1786183693.9720573,4.690967700997135,APPROACH,BSPLINE,/home/eunseop/nrs_imitation/checkpoints/bspline/polishing/single_cam/20260808_0153,317.4480895996094,297.8109130859375,203.714111328125,4.6408167690970004e-05,-6.231511360965669e-05,1.5624223947525024,0.30232658982276917,-0.25231000781059265,-0.3572768568992615,353.9150390625,290.18695068359375,226.96739196777344,-0.0709819421172142,-0.07397765666246414,1.4235093593597412,0.0,0.0,0.0,0,0
1786183693.9801261,4.699036644000444,APPROACH,BSPLINE,/home/eunseop/nrs_imitation/checkpoints/bspline/polishing/single_cam/20260808_0153,317.4569091796875,297.82891845703125,203.73526000976562,-1.8487409079170902e-06,-0.00012275748304091394,1.5624703168869019,-0.011333869770169258,-0.4857858121395111,-0.2344546765089035,353.9365539550781,290.18243408203125,226.98110961914062,-0.0710238367319107,-0.07402129471302032,1.4234273433685303,0.0,0.0,0.0,0,0
1786183693.9881954,4.70710593900003,APPROACH,BSPLINE,/home/eunseop/nrs_imitation/checkpoints/bspline/polishing/single_cam/20260808_0153,317.42584228515625,297.79779052734375,203.70425415039062,6.165607192087919e-05,-2.722907083807513e-05,1.5624223947525024,0.531527578830719,-0.36945852637290955,-0.36289167404174805,353.9576416015625,290.1780700683594,226.9945526123047,-0.07106480747461319,-0.0740639865398407,1.4233471155166626,0.0,0.0,0.0,0,0
1786183693.9961393,4.715049692997127,APPROACH,BSPLINE,/home/eunseop/nrs_imitation/checkpoints/bspline/polishing/single_cam/20260808_0153,317.4295959472656,297.8170471191406,203.7113037109375,3.6946803447790444e-05,-3.704818300320767e-05,1.5624943971633911,0.3232256770133972,-0.21685154736042023,0.12744103372097015,353.9780578613281,290.17376708984375,227.00755310058594,-0.07110454887151718,-0.07410537451505661,1.423269271850586,0.0,0.0,0.0,0,0
1786183694.0041826,4.723092977001215,APPROACH,BSPLINE,/home/eunseop/nrs_imitation/checkpoints/bspline/polishing/single_cam/20260808_0153,317.4316711425781,297.8099670410156,203.71157836914062,2.7484196834848262e-05,-1.1780789463955443e-05,1.5624463558197021,0.4994105398654938,-0.6167304515838623,-0.754326343536377,353.99810791015625,290.1695861816406,227.02035522460938,-0.07114364951848984,-0.07414610683917999,1.4231927394866943,0.0,0.0,0.0,0,0
1786183694.0121562,4.731066598003963,APPROACH,BSPLINE,/home/eunseop/nrs_imitation/checkpoints/bspline/polishing/single_cam/20260808_0153,317.4327087402344,297.8116455078125,203.6912078857422,2.5893195925164036e-06,-2.1104477127664723e-05,1.5624703168869019,0.21160170435905457,-0.5399920344352722,-0.15065813064575195,354.017578125,290.16552734375,227.03277587890625,-0.07118154317140579,-0.07418558746576309,1.4231185913085938,0.0,0.0,0.0,0,0
1786183694.0201366,4.7390472419938305,APPROACH,BSPLINE,/home/eunseop/nrs_imitation/checkpoints/bspline/polishing/single_cam/20260808_0153,317.4468078613281,297.8192443847656,203.71571350097656,1.650527883612085e-05,-5.826116830576211e-05,1.5624343156814575,0.3591547906398773,-0.4639712870121002,-0.34076783061027527,354.0365295410156,290.16156005859375,227.04486083984375,-0.07121837884187698,-0.07422395795583725,1.4230464696884155,0.0,0.0,0.0,0,0
1786183694.028042,4.746952401997987,APPROACH,BSPLINE,/home/eunseop/nrs_imitation/checkpoints/bspline/polishing/single_cam/20260808_0153,317.449462890625,297.8254089355469,203.74681091308594,5.2391162171261385e-05,-0.00011600110155995935,1.5624583959579468,0.23169781267642975,0.08036380261182785,0.26330795884132385,354.0549621582031,290.15771484375,227.0565948486328,-0.07125426083803177,-0.07426133751869202,1.4229761362075806,0.0,0.0,0.0,0,0
1786183694.0360892,4.754999533994123,APPROACH,BSPLINE,/home/eunseop/nrs_imitation/checkpoints/bspline/polishing/single_cam/20260808_0153,317.4402770996094,297.8050231933594,203.7163848876953,7.227690275612986e-06,-3.349007965880446e-05,1.5624463558197021,0.2786298394203186,-0.2768196165561676,-0.3772653043270111,354.072998046875,290.1539611816406,227.06809997558594,-0.07128933072090149,-0.07429787516593933,1.4229075908660889,0.0,0.0,0.0,0,0
1786183694.0440714,4.762981780993869,APPROACH,BSPLINE,/home/eunseop/nrs_imitation/checkpoints/bspline/polishing/single_cam/20260808_0153,317.4172058105469,297.81353759765625,203.7317352294922,4.945705222780816e-05,-3.236198972444981e-05,1.5624703168869019,0.3026573657989502,-0.3196140229701996,0.3663335144519806,354.0904846191406,290.15032958984375,227.07923889160156,-0.07132329791784286,-0.07433325797319412,1.4228410720825195,0.0,0.0,0.0,0,0
1786183694.0520527,4.77096315700328,APPROACH,BSPLINE,/home/eunseop/nrs_imitation/checkpoints/bspline/polishing/single_cam/20260808_0153,317.4282531738281,297.8136291503906,203.7053985595703,-6.688282155664638e-06,3.666830934889731e-06,1.5625063180923462,0.22187882661819458,-0.13954822719097137,0.29817360639572144,354.107421875,290.14678955078125,227.0900421142578,-0.07135630398988724,-0.07436763495206833,1.422776460647583,0.0,0.0,0.0,0,0
1786183694.059985,4.778895338997245,APPROACH,BSPLINE,/home/eunseop/nrs_imitation/checkpoints/bspline/polishing/single_cam/20260808_0153,317.4577941894531,297.81982421875,203.74972534179688,1.3766099982603919e-05,-8.866252028383315e-05,1.5624583959579468,0.3688971996307373,-0.18219883739948273,0.1342313438653946,354.123779296875,290.1434020996094,227.1004638671875,-0.07138810306787491,-0.07440076768398285,1.4227142333984375,0.0,0.0,0.0,0,0
1786183694.0680814,4.7869917240022914,APPROACH,BSPLINE,/home/eunseop/nrs_imitation/checkpoints/bspline/polishing/single_cam/20260808_0153,317.4194641113281,297.8184509277344,203.7099151611328,4.4818069000029936e-05,-1.997756953642238e-05,1.5625182390213013,0.23888908326625824,-0.23920319974422455,-0.1604200154542923,354.13983154296875,290.1400146484375,227.11070251464844,-0.0714193731546402,-0.074433334171772,1.4226529598236084,0.0,0.0,0.0,0,0
1786183694.0759916,4.794901814006153,APPROACH,BSPLINE,/home/eunseop/nrs_imitation/checkpoints/bspline/polishing/single_cam/20260808_0153,317.44610595703125,297.79486083984375,203.72119140625,2.4374750864808448e-05,-4.119115328649059e-05,1.5624223947525024,-0.0318983756005764,-0.27270013093948364,0.19165463745594025,354.1551513671875,290.1368103027344,227.12046813964844,-0.0714491754770279,-0.07446438074111938,1.422594666481018,0.0,0.0,0.0,0,0
1786183694.08411,4.803020513005322,APPROACH,BSPLINE,/home/eunseop/nrs_imitation/checkpoints/bspline/polishing/single_cam/20260808_0153,317.4299621582031,297.8302307128906,203.72901916503906,8.82670356077142e-05,-6.019618012942374e-05,1.562434434890747,0.23827607929706573,-0.3836473226547241,-0.10067778825759888,354.17022705078125,290.1336669921875,227.1300811767578,-0.07147849351167679,-0.07449492067098618,1.4225372076034546,0.0,0.0,0.0,0,0
1786183694.0921566,4.811067122995155,APPROACH,BSPLINE,/home/eunseop/nrs_imitation/checkpoints/bspline/polishing/single_cam/20260808_0153,317.4476318359375,297.7862854003906,203.71104431152344,1.1864927728311159e-05,-4.587600051308982e-05,1.5624343156814575,0.4558446705341339,-0.4732133150100708,0.07598719000816345,354.1846923828125,290.1306457519531,227.13929748535156,-0.07150664180517197,-0.07452425360679626,1.4224821329116821,0.0,0.0,0.0,0,0
1786183694.1002357,4.819146547000855,APPROACH,BSPLINE,/home/eunseop/nrs_imitation/checkpoints/bspline/polishing/single_cam/20260808_0153,317.4476318359375,297.7862854003906,203.71104431152344,1.1864927728311159e-05,-4.587600051308982e-05,1.5624343156814575,0.18939931690692902,-0.24342714250087738,-0.17198945581912994,354.1985168457031,290.12774658203125,227.1481170654297,-0.07153356075286865,-0.07455229014158249,1.4224293231964111,0.0,0.0,0.0,0,0
1786183694.108187,4.8270974939950975,APPROACH,BSPLINE,/home/eunseop/nrs_imitation/checkpoints/bspline/polishing/single_cam/20260808_0153,317.44232177734375,297.8094787597656,203.71775817871094,1.1865811757161282e-05,-4.587601142702624e-05,1.5624703168869019,0.17841148376464844,-0.19643902778625488,-0.1065041720867157,354.21185302734375,290.125,227.1566162109375,-0.07155951112508774,-0.07457932084798813,1.422378659248352,0.0,0.0,0.0,0,0
1786183694.116111,4.835021659993799,APPROACH,BSPLINE,/home/eunseop/nrs_imitation/checkpoints/bspline/polishing/single_cam/20260808_0153,317.4493408203125,297.82470703125,203.71234130859375,1.6690499251126312e-05,-5.875678834854625e-05,1.5624463558197021,0.08484618365764618,-0.01571435108780861,0.208230122923851,354.224609375,290.122314453125,227.1647491455078,-0.0715842992067337,-0.07460515201091766,1.4223301410675049,0.0,0.0,0.0,0,0
1786183694.1256683,4.844578802003525,APPROACH,BSPLINE,/home/eunseop/nrs_imitation/checkpoints/bspline/polishing/single_cam/20260808_0153,317.4327697753906,297.8127136230469,203.72488403320312,4.945611726725474e-05,-3.236307020415552e-05,1.5624464750289917,0.2592969536781311,0.07807257026433945,0.3182382881641388,354.23931884765625,290.1192626953125,227.17410278320312,-0.07161291688680649,-0.07463496178388596,1.422274112701416,0.0,0.0,0.0,0,0
1786183694.1321664,4.851076788996579,APPROACH,BSPLINE,/home/eunseop/nrs_imitation/checkpoints/bspline/polishing/single_cam/20260808_0153,317.4318542480469,297.798583984375,203.70236206054688,6.007064257573802e-06,7.8563416536781e-06,1.5624942779541016,0.05423794314265251,-0.3781261444091797,-0.5430389046669006,354.2487487792969,290.1172790527344,227.18014526367188,-0.07163132727146149,-0.07465414702892303,1.4222379922866821,0.0,0.0,0.0,0,0
1786183694.140184,4.859094314000686,APPROACH,BSPLINE,/home/eunseop/nrs_imitation/checkpoints/bspline/polishing/single_cam/20260808_0153,317.42041015625,297.82073974609375,203.72256469726562,6.629557901760563e-05,-3.961372567573562e-05,1.5624583959579468,0.09926360100507736,-0.09326054155826569,0.5173329710960388,354.260009765625,290.1149597167969,227.18731689453125,-0.07165320962667465,-0.07467693835496902,1.422195315361023,0.0,0.0,0.0,0,0
1786183694.1480834,4.866993792995345,APPROACH,BSPLINE,/home/eunseop/nrs_imitation/checkpoints/bspline/polishing/single_cam/20260808_0153,317.4396667480469,297.83892822265625,203.73435974121094,4.622501364792697e-05,-6.181822391226888e-05,1.5624463558197021,0.13643038272857666,-0.27587395906448364,0.11953335255384445,354.2706298828125,290.11273193359375,227.194091796875,-0.07167389243841171,-0.07469847798347473,1.4221547842025757,0.0,0.0,0.0,0,0
1786183694.1561775,4.875087884007371,APPROACH,BSPLINE,/home/eunseop/nrs_imitation/checkpoints/bspline/polishing/single_cam/20260808_0153,317.4443664550781,297.8021240234375,203.7331085205078,4.30523368777358e-06,-6.339528772514313e-05,1.5624343156814575,0.047024283558130264,-0.3554871380329132,0.22942407429218292,354.2808837890625,290.1105651855469,227.2006378173828,-0.07169387489557266,-0.07471930235624313,1.4221155643463135,0.0,0.0,0.0,0,0
1786183694.164172,4.883082515996648,APPROACH,BSPLINE,/home/eunseop/nrs_imitation/checkpoints/bspline/polishing/single_cam/20260808_0153,317.447021484375,297.8313293457031,203.73526000976562,3.543188358889893e-05,-0.00010879435285460204,1.5624463558197021,0.2847950756549835,0.05639728903770447,0.2341228425502777,354.29052734375,290.1085510253906,227.206787109375,-0.07171263545751572,-0.07473884522914886,1.4220787286758423,0.0,0.0,0.0,0,0
1786183694.17207,4.890980531999958,APPROACH,BSPLINE,/home/eunseop/nrs_imitation/checkpoints/bspline/polishing/single_cam/20260808_0153,317.4569091796875,297.8299255371094,203.73574829101562,3.8476191548397765e-05,-7.88432516856119e-05,1.5624223947525024,0.35819363594055176,-0.12479794025421143,0.10096490383148193,354.29962158203125,290.1066589355469,227.2125701904297,-0.07173026353120804,-0.07475720345973969,1.4220443964004517,0.0,0.0,0.0,0,0
1786183694.1801088,4.899019388001761,APPROACH,BSPLINE,/home/eunseop/nrs_imitation/checkpoints/bspline/polishing/single_cam/20260808_0153,317.4450988769531,297.80377197265625,203.72349548339844,-4.972645911038853e-06,-3.862416997435503e-05,1.5624583959579468,0.3280370235443115,-0.32057443261146545,0.0276466254144907,354.3081970214844,290.1048889160156,227.21803283691406,-0.07174696773290634,-0.0747746080160141,1.4220116138458252,0.0,0.0,0.0,0,0
1786183694.1882076,4.90711824799655,APPROACH,BSPLINE,/home/eunseop/nrs_imitation/checkpoints/bspline/polishing/single_cam/20260808_0153,317.4157409667969,297.798828125,203.70828247070312,3.999379987362772e-05,-7.095542059687432e-06,1.5624583959579468,0.27316462993621826,-0.2823328971862793,-0.05924278125166893,354.3162841796875,290.1031799316406,227.22317504882812,-0.07176265120506287,-0.07479094713926315,1.4219809770584106,0.0,0.0,0.0,0,0
1786183694.196175,4.9150854970066575,APPROACH,BSPLINE,/home/eunseop/nrs_imitation/checkpoints/bspline/polishing/single_cam/20260808_0153,317.4424743652344,297.8214111328125,203.72532653808594,2.5782303055166267e-05,-8.303291542688385e-05,1.5624704360961914,0.4208962321281433,-0.42211025953292847,0.0299980491399765,354.3237609863281,290.1016540527344,227.22793579101562,-0.07177720963954926,-0.0748061090707779,1.421952486038208,0.0,0.0,0.0,0,0
1786183694.2041917,4.923102219996508,APPROACH,BSPLINE,/home/eunseop/nrs_imitation/checkpoints/bspline/polishing/single_cam/20260808_0153,317.449951171875,297.8028259277344,203.7344970703125,8.943903594627045e-06,-7.578063377877697e-05,1.5624104738235474,0.2555176019668579,-0.4037366211414337,-0.531625509262085,354.3306884765625,290.10015869140625,227.23236083984375,-0.07179074734449387,-0.07482021301984787,1.4219257831573486,0.0,0.0,0.0,0,0
1786183694.2120645,4.930974967996008,APPROACH,BSPLINE,/home/eunseop/nrs_imitation/checkpoints/bspline/polishing/single_cam/20260808_0153,317.43408203125,297.82733154296875,203.73382568359375,8.039508247748017e-05,-7.726858893875033e-05,1.5624704360961914,0.2057463824748993,-0.519481897354126,-0.24728235602378845,354.3370361328125,290.0988464355469,227.23643493652344,-0.07180313766002655,-0.07483311742544174,1.4219015836715698,0.0,0.0,0.0,0,0
1786183694.2200556,4.938965962006478,APPROACH,BSPLINE,/home/eunseop/nrs_imitation/checkpoints/bspline/polishing/single_cam/20260808_0153,317.4320373535156,297.8228759765625,203.73245239257812,7.575779454782605e-05,-6.488055078079924e-05,1.5624223947525024,0.24591748416423798,-0.04020584374666214,0.32877829670906067,354.3428955078125,290.0976257324219,227.2401580810547,-0.07181450724601746,-0.07484495639801025,1.4218794107437134,0.0,0.0,0.0,0,0
1786183694.2280872,4.946997645005467,APPROACH,BSPLINE,/home/eunseop/nrs_imitation/checkpoints/bspline/polishing/single_cam/20260808_0153,317.4525451660156,297.8320617675781,203.7572784423828,5.257547309156507e-05,-0.00011649754014797509,1.5624823570251465,0.023003049194812775,-0.42653244733810425,-0.5240369439125061,354.3482360839844,290.09649658203125,227.24356079101562,-0.07182487100362778,-0.0748557597398758,1.4218591451644897,0.0,0.0,0.0,0,0
1786183694.2360356,4.954945906996727,APPROACH,BSPLINE,/home/eunseop/nrs_imitation/checkpoints/bspline/polishing/single_cam/20260808_0153,317.4373779296875,297.82232666015625,203.714111328125,4.640951374312863e-05,-6.231458246475086e-05,1.5624583959579468,0.32492709159851074,-0.38202762603759766,0.09128815680742264,354.35296630859375,290.09552001953125,227.24658203125,-0.07183410227298737,-0.07486538589000702,1.421841025352478,0.0,0.0,0.0,0,0
1786183694.2441874,4.963097868996556,APPROACH,BSPLINE,/home/eunseop/nrs_imitation/checkpoints/bspline/polishing/single_cam/20260808_0153,317.45513916015625,297.83721923828125,203.73574829101562,1.358267581963446e-05,-8.816676563583314e-05,1.5624583959579468,-0.07482828199863434,-0.08818961679935455,0.6284432411193848,354.3572082519531,290.09466552734375,227.249267578125,-0.07184232771396637,-0.07487394660711288,1.4218249320983887,0.0,0.0,0.0,0,0
1786183694.252057,4.970967440996901,APPROACH,BSPLINE,/home/eunseop/nrs_imitation/checkpoints/bspline/polishing/single_cam/20260808_0153,317.4432067871094,297.8348693847656,203.7136688232422,3.365387601661496e-05,-6.596157618332654e-05,1.5624463558197021,0.2178419828414917,-0.3067277669906616,0.13899025321006775,354.36083984375,290.0938720703125,227.2515869140625,-0.07184939086437225,-0.07488130033016205,1.4218111038208008,0.0,0.0,0.0,0,0
1786183694.2601097,4.979020152997691,APPROACH,BSPLINE,/home/eunseop/nrs_imitation/checkpoints/bspline/polishing/single_cam/20260808_0153,317.43328857421875,297.8133544921875,203.72091674804688,3.3838739909697324e-05,-6.645762914558873e-05,1.5624704360961914,0.23263297975063324,-0.36166200041770935,0.2305915653705597,354.3639221191406,290.0932312011719,227.25355529785156,-0.07185541838407516,-0.07488758116960526,1.4217993021011353,0.0,0.0,0.0,0,0
1786183694.268165,4.9870756510063075,APPROACH,BSPLINE,/home/eunseop/nrs_imitation/checkpoints/bspline/polishing/single_cam/20260808_0153,317.4490661621094,297.8241271972656,203.70582580566406,1.6690173652023077e-05,-5.8756984799401835e-05,1.5624583959579468,0.11807909607887268,0.13885974884033203,0.11452068388462067,354.366455078125,290.09271240234375,227.25518798828125,-0.07186035811901093,-0.07489272952079773,1.4217896461486816,0.0,0.0,0.0,0,0
1786183694.2761667,4.995077155996114,APPROACH,BSPLINE,/home/eunseop/nrs_imitation/checkpoints/bspline/polishing/single_cam/20260808_0153,317.4327697753906,297.812744140625,203.71295166015625,4.4632135541178286e-05,-1.9481645722407848e-05,1.562434434890747,0.26733964681625366,-0.5947096347808838,-0.583016037940979,354.3684387207031,290.0923156738281,227.25643920898438,-0.07186418771743774,-0.07489671558141708,1.42178213596344,0.0,0.0,0.0,0,0
1786183694.2840931,5.003003556004842,APPROACH,BSPLINE,/home/eunseop/nrs_imitation/checkpoints/bspline/polishing/single_cam/20260808_0153,317.43658447265625,297.8083190917969,203.72410583496094,-1.4249442756408826e-05,-1.3853135897079483e-05,1.5624582767486572,0.3370615541934967,-0.07491149008274078,0.6768788695335388,354.3698425292969,290.09197998046875,227.25733947753906,-0.07186692953109741,-0.0748995766043663,1.4217767715454102,0.0,0.0,0.0,0,0
1786183694.2920318,5.010942039996735,APPROACH,BSPLINE,/home/eunseop/nrs_imitation/checkpoints/bspline/polishing/single_cam/20260808_0153,317.439697265625,297.81591796875,203.72145080566406,3.694672341225669e-05,-3.704765549628064e-05,1.562434434890747,0.21246202290058136,0.0971302017569542,0.16102002561092377,354.3706970214844,290.0918273925781,227.2578582763672,-0.07186857610940933,-0.0749012902379036,1.4217735528945923,0.0,0.0,0.0,0,0
1786183694.299996,5.018906252007582,APPROACH,BSPLINE,/home/eunseop/nrs_imitation/checkpoints/bspline/polishing/single_cam/20260808_0153,317.4454650878906,297.8166809082031,203.73245239257812,3.8476729969261214e-05,-7.88431498222053e-05,1.562434434890747,0.18749618530273438,-0.16999663412570953,0.022719765082001686,354.3709716796875,290.0917663574219,227.258056640625,-0.0718691274523735,-0.07490186393260956,1.4217724800109863,0.0,0.0,0.0,0,0
1786183694.3082204,5.027130953996675,APPROACH,BSPLINE,/home/eunseop/nrs_imitation/checkpoints/bspline/polishing/single_cam/20260808_0153,317.4439392089844,297.8123474121094,203.69549560546875,-4.378359517431818e-05,-1.0791461136250291e-05,1.5624943971633911,0.16399450600147247,-0.09977294504642487,0.44145238399505615,354.3709716796875,290.0917663574219,227.258056640625,-0.0718691274523735,-0.07490186393260956,1.4217724800109863,0.0,0.0,0.0,0,0
1786183694.3160684,5.0349787440063665,APPROACH,BSPLINE,/home/eunseop/nrs_imitation/checkpoints/bspline/polishing/single_cam/20260808_0153,317.44622802734375,297.8177795410156,203.69825744628906,-9.611240784579422e-06,-2.6238569262204692e-05,1.5624823570251465,0.48102036118507385,-0.1473493129014969,-0.4188055694103241,354.3709716796875,290.0917663574219,227.258056640625,-0.0718691274523735,-0.07490186393260956,1.4217724800109863,0.0,0.0,0.0,0,0
1786183694.3240578,5.042968205001671,APPROACH,BSPLINE,/home/eunseop/nrs_imitation/checkpoints/bspline/polishing/single_cam/20260808_0153,317.4294128417969,297.7933044433594,203.70578002929688,6.006723197060637e-06,7.856480806367472e-06,1.5624223947525024,0.38812246918678284,-0.2447252720594406,0.32663002610206604,354.3709716796875,290.0917663574219,227.258056640625,-0.0718691274523735,-0.07490186393260956,1.4217724800109863,0.0,0.0,0.0,0,0
1786183694.331987,5.050897260996862,APPROACH,BSPLINE,/home/eunseop/nrs_imitation/checkpoints/bspline/polishing/single_cam/20260808_0153,317.43988037109375,297.79241943359375,203.72323608398438,-5.157476607564604e-06,-3.8128651794977486e-05,1.5624223947525024,0.45056068897247314,-0.8543650507926941,-0.6992219686508179,354.3709716796875,290.0917663574219,227.258056640625,-0.0718691274523735,-0.07490186393260956,1.4217724800109863,0.0,0.0,0.0,0,0
1786183694.3400712,5.058981604001019,APPROACH,BSPLINE,/home/eunseop/nrs_imitation/checkpoints/bspline/polishing/single_cam/20260808_0153,317.4347839355469,297.8052062988281,203.6864013671875,2.2845653802505694e-05,6.043055122972874e-07,1.5624704360961914,0.3126465678215027,-0.09685856848955154,-0.05378654971718788,354.3709716796875,290.0917663574219,227.258056640625,-0.0718691274523735,-0.07490186393260956,1.4217724800109863,0.0,0.0,0.0,0,0
1786183694.3482182,5.067128597002011,APPROACH,BSPLINE,/home/eunseop/nrs_imitation/checkpoints/bspline/polishing/single_cam/20260808_0153,317.4337463378906,297.82586669921875,203.72824096679688,2.4561733880545944e-05,-4.168618761468679e-05,1.5624823570251465,-0.008657753467559814,0.251478374004364,0.7470795512199402,354.3709716796875,290.0917663574219,227.258056640625,-0.0718691274523735,-0.07490186393260956,1.4217724800109863,0.0,0.0,0.0,0,0
1786183694.356191,5.075101616996108,APPROACH,BSPLINE,/home/eunseop/nrs_imitation/checkpoints/bspline/polishing/single_cam/20260808_0153,317.4337463378906,297.82586669921875,203.72824096679688,2.4561733880545944e-05,-4.168618761468679e-05,1.5624823570251465,0.13872821629047394,-0.4576716125011444,-0.5633816123008728,354.3709716796875,290.0917663574219,227.258056640625,-0.0718691274523735,-0.07490186393260956,1.4217724800109863,0.0,0.0,0.0,0,0
1786183694.3641882,5.083098802002496,APPROACH,BSPLINE,/home/eunseop/nrs_imitation/checkpoints/bspline/polishing/single_cam/20260808_0153,317.4615173339844,297.82794189453125,203.7572784423828,2.7681351639330387e-05,-0.00012581974442582577,1.5624583959579468,0.19214577972888947,0.08093032240867615,0.07818945497274399,354.3709716796875,290.0917663574219,227.258056640625,-0.0718691274523735,-0.07490186393260956,1.4217724800109863,0.0,0.0,0.0,0,0
1786183694.3722112,5.091121657998883,APPROACH,BSPLINE,/home/eunseop/nrs_imitation/checkpoints/bspline/polishing/single_cam/20260808_0153,317.42926025390625,297.82818603515625,203.74404907226562,6.801201379857957e-05,-8.190422522602603e-05,1.5624463558197021,0.18363600969314575,-0.11423073709011078,-0.04402722790837288,354.3709716796875,290.0917663574219,227.258056640625,-0.0718691274523735,-0.07490186393260956,1.4217724800109863,0.0,0.0,0.0,0,0
1786183694.3808272,5.099737658005324,APPROACH,BSPLINE,/home/eunseop/nrs_imitation/checkpoints/bspline/polishing/single_cam/20260808_0153,317.4378662109375,297.8121643066406,203.71267700195312,5.409370351117104e-05,-4.4750209781341255e-05,1.5624703168869019,0.017218850553035736,-0.04570299759507179,-0.03658934310078621,354.3709716796875,290.0917663574219,227.258056640625,-0.0718691274523735,-0.07490186393260956,1.4217724800109863,0.0,0.0,0.0,0,0
1786183694.3881724,5.107082835995243,APPROACH,BSPLINE,/home/eunseop/nrs_imitation/checkpoints/bspline/polishing/single_cam/20260808_0153,317.44921875,297.8127136230469,203.72625732421875,4.304484264139319e-06,-6.339554965961725e-05,1.5624583959579468,-0.08279882371425629,-0.07619974762201309,0.045922476798295975,354.3709716796875,290.0917663574219,227.258056640625,-0.0718691274523735,-0.07490186393260956,1.4217724800109863,0.0,0.0,0.0,0,0
1786183694.3961093,5.115019948003464,APPROACH,BSPLINE,/home/eunseop/nrs_imitation/checkpoints/bspline/polishing/single_cam/20260808_0153,317.4353332519531,297.82904052734375,203.72532653808594,2.5782928787521087e-05,-8.303316280944273e-05,1.5625063180923462,0.21284204721450806,-0.44308653473854065,-0.11696794629096985,354.3709716796875,290.0917663574219,227.258056640625,-0.0718691274523735,-0.07490186393260956,1.4217724800109863,0.0,0.0,0.0,0,0
1786183694.4041398,5.123050187001354,APPROACH,BSPLINE,/home/eunseop/nrs_imitation/checkpoints/bspline/polishing/single_cam/20260808_0153,317.4512939453125,297.80535888671875,203.71775817871094,-1.302881537412759e-05,-5.5199372582137585e-05,1.5624463558197021,0.11873022466897964,-0.06555814296007156,-0.19325490295886993,354.3709716796875,290.0917663574219,227.258056640625,-0.0718691274523735,-0.07490186393260956,1.4217724800109863,0.0,0.0,0.0,0,0
1786183694.4121385,5.131049046001863,APPROACH,BSPLINE,/home/eunseop/nrs_imitation/checkpoints/bspline/polishing/single_cam/20260808_0153,317.428955078125,297.791748046875,203.68568420410156,-2.8351294531603344e-05,2.3799646442057565e-05,1.5624942779541016,0.27341508865356445,-0.4369698166847229,0.05070210620760918,354.3709716796875,290.0917663574219,227.258056640625,-0.0718691274523735,-0.07490186393260956,1.4217724800109863,0.0,0.0,0.0,0,0
1786183694.4200985,5.139008961006766,APPROACH,BSPLINE,/home/eunseop/nrs_imitation/checkpoints/bspline/polishing/single_cam/20260808_0153,317.439208984375,297.8266906738281,203.73580932617188,6.337219383567572e-05,-6.951917021069676e-05,1.5624223947525024,0.5352756381034851,-0.06251349300146103,-0.1377730518579483,354.3709716796875,290.0917663574219,227.258056640625,-0.0718691274523735,-0.07490186393260956,1.4217724800109863,0.0,0.0,0.0,0,0
1786183694.4290357,5.147946145996684,APPROACH,BSPLINE,/home/eunseop/nrs_imitation/checkpoints/bspline/polishing/single_cam/20260808_0153,317.41839599609375,297.81658935546875,203.70030212402344,6.043537723599002e-05,1.4118772014626302e-05,1.5624223947525024,0.19223551452159882,-0.34926193952560425,0.2073398232460022,354.3709716796875,290.0917663574219,227.258056640625,-0.0718691274523735,-0.07490186393260956,1.4217724800109863,0.0,0.0,0.0,0,0
1786183694.4360614,5.154971732001286,APPROACH,BSPLINE,/home/eunseop/nrs_imitation/checkpoints/bspline/polishing/single_cam/20260808_0153,317.4425048828125,297.7981262207031,203.7085418701172,-9.611382665752899e-06,-2.6238467398798093e-05,1.5624703168869019,0.3822256624698639,-0.37377694249153137,-0.5055416822433472,354.3709716796875,290.0917663574219,227.258056640625,-0.0718691274523735,-0.07490186393260956,1.4217724800109863,0.0,0.0,0.0,0,0
1786183694.444183,5.163093626993941,APPROACH,BSPLINE,/home/eunseop/nrs_imitation/checkpoints/bspline/polishing/single_cam/20260808_0153,317.4425048828125,297.7981262207031,203.7085418701172,-9.611382665752899e-06,-2.6238467398798093e-05,1.5624703168869019,0.2540038228034973,-0.31307098269462585,0.07604829221963882,354.3709716796875,290.0917663574219,227.258056640625,-0.0718691274523735,-0.07490186393260956,1.4217724800109863,0.0,0.0,0.0,0,0
1786183694.4521568,5.171067257993855,APPROACH,BSPLINE,/home/eunseop/nrs_imitation/checkpoints/bspline/polishing/single_cam/20260808_0153,317.4288635253906,297.8269348144531,203.70306396484375,3.230905713280663e-05,-2.466085607011337e-05,1.5624347925186157,0.13356666266918182,-0.611478865146637,0.07213043421506882,354.3709716796875,290.0917663574219,227.258056640625,-0.0718691274523735,-0.07490186393260956,1.4217724800109863,0.0,0.0,0.0,0,0
1786183694.4601896,5.179100363006,APPROACH,BSPLINE,/home/eunseop/nrs_imitation/checkpoints/bspline/polishing/single_cam/20260808_0153,317.44818115234375,297.81109619140625,203.73245239257812,5.086059172754176e-05,-7.420582551276311e-05,1.5624343156814575,0.27367764711380005,-0.21305114030838013,-0.07854433357715607,354.3709716796875,290.0917663574219,227.258056640625,-0.0718691274523735,-0.07490186393260956,1.4217724800109863,0.0,0.0,0.0,0,0
1786183694.468177,5.18708776999847,APPROACH,BSPLINE,/home/eunseop/nrs_imitation/checkpoints/bspline/polishing/single_cam/20260808_0153,317.4359436035156,297.8187255859375,203.72007751464844,7.413859293592395e-06,-3.398542685317807e-05,1.5624582767486572,0.3937227427959442,-0.2800429165363312,-0.3351987898349762,354.3709716796875,290.0917663574219,227.258056640625,-0.0718691274523735,-0.07490186393260956,1.4217724800109863,0.0,0.0,0.0,0,0
1786183694.4761682,5.195078744000057,APPROACH,BSPLINE,/home/eunseop/nrs_imitation/checkpoints/bspline/polishing/single_cam/20260808_0153,317.44256591796875,297.8098449707031,203.72067260742188,-1.4250033927964978e-05,-1.385271389153786e-05,1.5625063180923462,0.24685443937778473,-0.08420751988887787,0.427907794713974,354.3709716796875,290.0917663574219,227.258056640625,-0.0718691274523735,-0.07490186393260956,1.4217724800109863,0.0,0.0,0.0,0,0
1786183694.4841628,5.203073386001051,APPROACH,BSPLINE,/home/eunseop/nrs_imitation/checkpoints/bspline/polishing/single_cam/20260808_0153,317.4311218261719,297.7969665527344,203.70004272460938,1.045989483827725e-05,-4.034057837998262e-06,1.5624942779541016,0.14420878887176514,-0.26757022738456726,0.5888124108314514,354.3709716796875,290.0917663574219,227.258056640625,-0.0718691274523735,-0.07490186393260956,1.4217724800109863,0.0,0.0,0.0,0,0
1786183694.492127,5.2110373780014925,APPROACH,BSPLINE,/home/eunseop/nrs_imitation/checkpoints/bspline/polishing/single_cam/20260808_0153,317.4342041015625,297.8262939453125,203.72885131835938,-9.610645065549761e-06,-2.6238883947371505e-05,1.5625063180923462,-0.02318192459642887,0.15366144478321075,0.7442449331283569,354.3709716796875,290.0917663574219,227.258056640625,-0.0718691274523735,-0.07490186393260956,1.4217724800109863,0.0,0.0,0.0,0,0
1786183694.5004213,5.219331822998356,APPROACH,BSPLINE,/home/eunseop/nrs_imitation/checkpoints/bspline/polishing/single_cam/20260808_0153,317.4320373535156,297.8107604980469,203.71868896484375,2.7669741029967554e-05,-1.2276215784368105e-05,1.5624463558197021,0.2433381825685501,-0.2183506041765213,0.01121826097369194,354.3709716796875,290.0917663574219,227.258056640625,-0.0718691274523735,-0.07490186393260956,1.4217724800109863,0.0,0.0,0.0,0,0
1786183694.508189,5.227099569994607,APPROACH,BSPLINE,/home/eunseop/nrs_imitation/checkpoints/bspline/polishing/single_cam/20260808_0153,317.4628601074219,297.8186950683594,203.7425994873047,-1.1314219591440633e-05,-9.749053424457088e-05,1.5624703168869019,0.324649453163147,-0.254210889339447,0.0760914534330368,354.3709716796875,290.0917663574219,227.258056640625,-0.0718691274523735,-0.07490186393260956,1.4217724800109863,0.0,0.0,0.0,0,0
1786183694.516166,5.235076457000105,APPROACH,BSPLINE,/home/eunseop/nrs_imitation/checkpoints/bspline/polishing/single_cam/20260808_0153,317.44830322265625,297.81097412109375,203.72625732421875,1.6690448319423012e-05,-5.8756595535669476e-05,1.5624223947525024,0.42775261402130127,-0.139149472117424,-0.06361299753189087,354.3709716796875,290.0917663574219,227.258056640625,-0.0718691274523735,-0.07490186393260956,1.4217724800109863,0.0,0.0,0.0,0,0
1786183694.5241551,5.2430655880016275,APPROACH,BSPLINE,/home/eunseop/nrs_imitation/checkpoints/bspline/polishing/single_cam/20260808_0153,317.4333801269531,297.8250427246094,203.73304748535156,2.9200738936197013e-05,-5.4071595513960347e-05,1.5624703168869019,0.017515549436211586,-0.6753247380256653,-0.5787389278411865,354.3709716796875,290.0917663574219,227.258056640625,-0.0718691274523735,-0.07490186393260956,1.4217724800109863,0.0,0.0,0.0,0,0
1786183694.532157,5.251067282995791,APPROACH,BSPLINE,/home/eunseop/nrs_imitation/checkpoints/bspline/polishing/single_cam/20260808_0153,317.4648132324219,297.8121032714844,203.74009704589844,1.6874844732228667e-05,-5.925203367951326e-05,1.562386393547058,0.40889719128608704,-0.5266011357307434,0.05752693489193916,354.3709716796875,290.0917663574219,227.258056640625,-0.0718691274523735,-0.07490186393260956,1.4217724800109863,0.0,0.0,0.0,0,0
1786183694.5401804,5.259090798994293,APPROACH,BSPLINE,/home/eunseop/nrs_imitation/checkpoints/bspline/polishing/single_cam/20260808_0153,317.42279052734375,297.80224609375,203.69325256347656,2.2845597413834184e-05,6.049894523130206e-07,1.5624583959579468,0.23779316246509552,-0.6196792721748352,-0.25323954224586487,354.3709716796875,290.0917663574219,227.258056640625,-0.0718691274523735,-0.07490186393260956,1.4217724800109863,0.0,0.0,0.0,0,0
1786183694.5481973,5.267107993000536,APPROACH,BSPLINE,/home/eunseop/nrs_imitation/checkpoints/bspline/polishing/single_cam/20260808_0153,317.4432067871094,297.8112487792969,203.71775817871094,-5.196220058678591e-07,-5.0514598115114495e-05,1.5624823570251465,0.1802598088979721,-0.05070013925433159,0.44732874631881714,354.3709716796875,290.0917663574219,227.258056640625,-0.0718691274523735,-0.07490186393260956,1.4217724800109863,0.0,0.0,0.0,0,0
1786183694.5561385,5.275048771000002,APPROACH,BSPLINE,/home/eunseop/nrs_imitation/checkpoints/bspline/polishing/single_cam/20260808_0153,317.42791748046875,297.8016052246094,203.6952362060547,5.8211317082168534e-06,8.351950782525819e-06,1.562434434890747,0.376329243183136,-0.14653673768043518,-0.08856793493032455,354.3709716796875,290.0917663574219,227.258056640625,-0.0718691274523735,-0.07490186393260956,1.4217724800109863,0.0,0.0,0.0,0,0
1786183694.5641794,5.283090212004026,APPROACH,BSPLINE,/home/eunseop/nrs_imitation/checkpoints/bspline/polishing/single_cam/20260808_0153,317.4313049316406,297.79766845703125,203.72747802734375,2.2845653802505694e-05,6.043055122972874e-07,1.5624704360961914,0.2776462733745575,-0.4052388668060303,0.07855016738176346,354.3709716796875,290.0917663574219,227.258056640625,-0.0718691274523735,-0.07490186393260956,1.4217724800109863,0.0,0.0,0.0,0,0
1786183694.5721898,5.291100162998191,APPROACH,BSPLINE,/home/eunseop/nrs_imitation/checkpoints/bspline/polishing/single_cam/20260808_0153,317.4467468261719,297.84222412109375,203.7405548095703,3.060554445255548e-05,-9.591501293471083e-05,1.5625182390213013,0.3529798686504364,-0.20679613947868347,-0.38113099336624146,354.3709716796875,290.0917663574219,227.258056640625,-0.0718691274523735,-0.07490186393260956,1.4217724800109863,0.0,0.0,0.0,0,0
1786183694.580107,5.299017605997506,APPROACH,BSPLINE,/home/eunseop/nrs_imitation/checkpoints/bspline/polishing/single_cam/20260808_0153,317.4346618652344,297.8164367675781,203.7406768798828,5.5502390750916675e-05,-8.658911247039214e-05,1.5624223947525024,0.19451338052749634,-0.11599551141262054,-0.3242221176624298,354.3709716796875,290.0917663574219,227.258056640625,-0.0718691274523735,-0.07490186393260956,1.4217724800109863,0.0,0.0,0.0,0,0
1786183694.588196,5.307106617998215,APPROACH,BSPLINE,/home/eunseop/nrs_imitation/checkpoints/bspline/polishing/single_cam/20260808_0153,317.43603515625,297.80767822265625,203.73509216308594,2.4560944439144805e-05,-4.168655868852511e-05,1.5624703168869019,0.18201282620429993,-0.22214607894420624,0.11625716835260391,354.3709716796875,290.0917663574219,227.258056640625,-0.0718691274523735,-0.07490186393260956,1.4217724800109863,0.0,0.0,0.0,0,0
1786183694.5961628,5.315073306002887,APPROACH,BSPLINE,/home/eunseop/nrs_imitation/checkpoints/bspline/polishing/single_cam/20260808_0153,317.4406433105469,297.81793212890625,203.72532653808594,5.067611709819175e-05,-7.371001993305981e-05,1.5624583959579468,-0.06734327226877213,-0.45785725116729736,-0.2960999310016632,354.3709716796875,290.0917663574219,227.258056640625,-0.0718691274523735,-0.07490186393260956,1.4217724800109863,0.0,0.0,0.0,0,0
1786183694.6041548,5.323065321994363,APPROACH,BSPLINE,/home/eunseop/nrs_imitation/checkpoints/bspline/polishing/single_cam/20260808_0153,317.4413757324219,297.8077697753906,203.71775817871094,2.437574221403338e-05,-4.119056757190265e-05,1.5624223947525024,0.08032023906707764,-0.25526174902915955,-0.46503087878227234,354.3709716796875,290.0917663574219,227.258056640625,-0.0718691274523735,-0.07490186393260956,1.4217724800109863,0.0,0.0,0.0,0,0
1786183694.6121776,5.331088186998386,APPROACH,BSPLINE,/home/eunseop/nrs_imitation/checkpoints/bspline/polishing/single_cam/20260808_0153,317.4601135253906,297.8013916015625,203.73587036132812,1.0720671070885146e-06,-9.285127453040332e-05,1.5624103546142578,0.12910470366477966,-0.5568901896476746,-0.0764705017209053,354.3709716796875,290.0917663574219,227.258056640625,-0.0718691274523735,-0.07490186393260956,1.4217724800109863,0.0,0.0,0.0,0,0
1786183694.6201606,5.339071014997899,APPROACH,BSPLINE,/home/eunseop/nrs_imitation/checkpoints/bspline/polishing/single_cam/20260808_0153,317.4468688964844,297.8197326660156,203.72482299804688,2.4560446036048234e-05,-4.1686853364808485e-05,1.5624704360961914,0.32560133934020996,-0.3846108019351959,-0.21528460085391998,354.3709716796875,290.0917663574219,227.258056640625,-0.0718691274523735,-0.07490186393260956,1.4217724800109863,0.0,0.0,0.0,0,0
1786183694.6281524,5.3470627310016425,APPROACH,BSPLINE,/home/eunseop/nrs_imitation/checkpoints/bspline/polishing/single_cam/20260808_0153,317.43988037109375,297.8160400390625,203.71914672851562,2.901472726080101e-05,-5.357608097256161e-05,1.5624343156814575,-0.07770533114671707,-0.4797525405883789,-0.3011382818222046,354.3709716796875,290.0917663574219,227.258056640625,-0.0718691274523735,-0.07490186393260956,1.4217724800109863,0.0,0.0,0.0,0,0
1786183694.6361556,5.355066108997562,APPROACH,BSPLINE,/home/eunseop/nrs_imitation/checkpoints/bspline/polishing/single_cam/20260808_0153,317.4367980957031,297.8214416503906,203.7093048095703,5.428086296888068e-05,-4.5242613850859925e-05,1.562398910522461,0.0613805428147316,-0.34660637378692627,-0.01025804877281189,354.3709716796875,290.0917663574219,227.258056640625,-0.0718691274523735,-0.07490186393260956,1.4217724800109863,0.0,0.0,0.0,0,0
1786183694.6441507,5.363061330994242,APPROACH,BSPLINE,/home/eunseop/nrs_imitation/checkpoints/bspline/polishing/single_cam/20260808_0153,317.42730712890625,297.823974609375,203.73106384277344,5.8734454796649516e-05,-5.7133052905555815e-05,1.5624463558197021,0.0966835767030716,-0.3936043679714203,0.28731822967529297,354.3709716796875,290.0917663574219,227.258056640625,-0.0718691274523735,-0.07490186393260956,1.4217724800109863,0.0,0.0,0.0,0,0
1786183694.6526992,5.371609402005561,APPROACH,BSPLINE,/home/eunseop/nrs_imitation/checkpoints/bspline/polishing/single_cam/20260808_0153,317.43707275390625,297.82171630859375,203.730224609375,3.230846778023988e-05,-2.466162186465226e-05,1.5624343156814575,0.44491124153137207,-0.41499727964401245,-0.736647367477417,354.3709716796875,290.0917663574219,227.258056640625,-0.0718691274523735,-0.07490186393260956,1.4217724800109863,0.0,0.0,0.0,0,0
1786183694.6600976,5.379008001997136,APPROACH,BSPLINE,/home/eunseop/nrs_imitation/checkpoints/bspline/polishing/single_cam/20260808_0153,317.4488525390625,297.8118896484375,203.71914672851562,4.118941888009431e-06,-6.290012242970988e-05,1.5624583959579468,0.14737430214881897,-0.34444358944892883,-0.4341164529323578,354.3709716796875,290.0917663574219,227.258056640625,-0.0718691274523735,-0.07490186393260956,1.4217724800109863,0.0,0.0,0.0,0,0
1786183694.6681094,5.387019806003082,APPROACH,BSPLINE,/home/eunseop/nrs_imitation/checkpoints/bspline/polishing/single_cam/20260808_0153,317.4538879394531,297.82281494140625,203.7425994873047,1.3581110579252709e-05,-8.81671512615867e-05,1.5624703168869019,0.3319779932498932,-0.4557875394821167,-0.12409543991088867,354.3709716796875,290.0917663574219,227.258056640625,-0.0718691274523735,-0.07490186393260956,1.4217724800109863,0.0,0.0,0.0,0,0
1786183694.6760838,5.394994068003143,APPROACH,BSPLINE,/home/eunseop/nrs_imitation/checkpoints/bspline/polishing/single_cam/20260808_0153,317.4136962890625,297.80615234375,203.71678161621094,5.720369517803192e-05,-1.5337516742874868e-05,1.5624463558197021,0.24834613502025604,-0.12795579433441162,0.17484617233276367,354.3709716796875,290.0917663574219,227.258056640625,-0.0718691274523735,-0.07490186393260956,1.4217724800109863,0.0,0.0,0.0,0,0
1786183694.684128,5.40303829399636,APPROACH,BSPLINE,/home/eunseop/nrs_imitation/checkpoints/bspline/polishing/single_cam/20260808_0153,317.4314270019531,297.820556640625,203.69937133789062,7.228706181194866e-06,-3.348991958773695e-05,1.5624583959579468,0.1994040608406067,-0.34888386726379395,0.13367199897766113,354.3709716796875,290.0917663574219,227.258056640625,-0.0718691274523735,-0.07490186393260956,1.4217724800109863,0.0,0.0,0.0,0,0
1786183694.6920621,5.410972480007331,APPROACH,BSPLINE,/home/eunseop/nrs_imitation/checkpoints/bspline/polishing/single_cam/20260808_0153,317.4181823730469,297.81536865234375,203.67822265625,1.8206896129413508e-05,1.2990794857614674e-05,1.5624943971633911,0.1703624576330185,-0.043436672538518906,0.4258132874965668,354.3709716796875,290.0917663574219,227.258056640625,-0.0718691274523735,-0.07490186393260956,1.4217724800109863,0.0,0.0,0.0,0,0
1786183694.7003453,5.419255733999307,APPROACH,BSPLINE,/home/eunseop/nrs_imitation/checkpoints/bspline/polishing/single_cam/20260808_0153,317.4226989746094,297.8020324707031,203.70484924316406,2.7484235033625737e-05,-1.1781196008087136e-05,1.5624943971633911,0.3924843370914459,-0.34883952140808105,-0.4851204454898834,354.3709716796875,290.0917663574219,227.258056640625,-0.0718691274523735,-0.07490186393260956,1.4217724800109863,0.0,0.0,0.0,0,0
1786183694.7080414,5.426951853005448,APPROACH,BSPLINE,/home/eunseop/nrs_imitation/checkpoints/bspline/polishing/single_cam/20260808_0153,317.4220275878906,297.8006286621094,203.70286560058594,3.212274896213785e-05,-2.4166973162209615e-05,1.5624943971633911,0.04097368195652962,-0.32672739028930664,0.04527926445007324,354.3709716796875,290.0917663574219,227.258056640625,-0.0718691274523735,-0.07490186393260956,1.4217724800109863,0.0,0.0,0.0,0,0
1786183694.7160625,5.4349729450041195,APPROACH,BSPLINE,/home/eunseop/nrs_imitation/checkpoints/bspline/polishing/single_cam/20260808_0153,317.43878173828125,297.7903137207031,203.70484924316406,2.5886838557198644e-06,-2.1104520783410408e-05,1.5624583959579468,0.50335693359375,-0.1659599393606186,-0.4213458001613617,354.3709716796875,290.0917663574219,227.258056640625,-0.0718691274523735,-0.07490186393260956,1.4217724800109863,0.0,0.0,0.0,0,0
1786183694.724088,5.442998505997821,APPROACH,BSPLINE,/home/eunseop/nrs_imitation/checkpoints/bspline/polishing/single_cam/20260808_0153,317.4334411621094,297.825927734375,203.72482299804688,6.184174708323553e-05,-2.7725001928047277e-05,1.5624583959579468,0.31017565727233887,-0.16738545894622803,-0.10751820355653763,354.3709716796875,290.0917663574219,227.258056640625,-0.0718691274523735,-0.07490186393260956,1.4217724800109863,0.0,0.0,0.0,0,0
1786183694.7320638,5.450974160004989,APPROACH,BSPLINE,/home/eunseop/nrs_imitation/checkpoints/bspline/polishing/single_cam/20260808_0153,317.43316650390625,297.8014221191406,203.71334838867188,1.9922446881537326e-05,-2.930082155216951e-05,1.5624703168869019,0.36700841784477234,-0.23505018651485443,0.14573228359222412,354.3709716796875,290.0917663574219,227.258056640625,-0.0718691274523735,-0.07490186393260956,1.4217724800109863,0.0,0.0,0.0,0,0
1786183694.7401714,5.459081998007605,APPROACH,BSPLINE,/home/eunseop/nrs_imitation/checkpoints/bspline/polishing/single_cam/20260808_0153,317.4472961425781,297.8201599121094,203.7373504638672,-4.786147655977402e-06,-3.911958629032597e-05,1.562434434890747,0.11235245317220688,-0.2711748778820038,-0.006473948713392019,354.3709716796875,290.0917663574219,227.258056640625,-0.0718691274523735,-0.07490186393260956,1.4217724800109863,0.0,0.0,0.0,0,0
1786183694.7480497,5.466960015997756,APPROACH,BSPLINE,/home/eunseop/nrs_imitation/checkpoints/bspline/polishing/single_cam/20260808_0153,317.4483337402344,297.82305908203125,203.72808837890625,5.995226092636585e-05,-9.848170884652063e-05,1.5624463558197021,-0.012747417204082012,-0.5632349252700806,-0.6215776801109314,354.3709716796875,290.0917663574219,227.258056640625,-0.0718691274523735,-0.07490186393260956,1.4217724800109863,0.0,0.0,0.0,0,0
1786183694.7561743,5.475084845995298,APPROACH,BSPLINE,/home/eunseop/nrs_imitation/checkpoints/bspline/polishing/single_cam/20260808_0153,317.4602355957031,297.8369140625,203.74424743652344,3.079078669543378e-05,-9.640950884204358e-05,1.5624464750289917,0.16620467603206635,-0.3790726661682129,0.10140986740589142,354.3709716796875,290.0917663574219,227.258056640625,-0.0718691274523735,-0.07490186393260956,1.4217724800109863,0.0,0.0,0.0,0,0
1786183694.7641926,5.483102953003254,APPROACH,BSPLINE,/home/eunseop/nrs_imitation/checkpoints/bspline/polishing/single_cam/20260808_0153,317.4414367675781,297.8306579589844,203.72195434570312,2.5968849513446912e-05,-8.35280297906138e-05,1.5624703168869019,0.1564406305551529,-0.41931143403053284,-0.36875051259994507,354.3709716796875,290.0917663574219,227.258056640625,-0.0718691274523735,-0.07490186393260956,1.4217724800109863,0.0,0.0,0.0,0,0
1786183694.7724383,5.491348673996981,APPROACH,BSPLINE,/home/eunseop/nrs_imitation/checkpoints/bspline/polishing/single_cam/20260808_0153,317.4281005859375,297.8138122558594,203.71157836914062,2.7484235033625737e-05,-1.1781196008087136e-05,1.5624943971633911,0.37376511096954346,-0.35483548045158386,-0.2614209055900574,354.3709716796875,290.0917663574219,227.258056640625,-0.0718691274523735,-0.07490186393260956,1.4217724800109863,0.0,0.0,0.0,0,0
1786183694.7801702,5.499080613008118,APPROACH,BSPLINE,/home/eunseop/nrs_imitation/checkpoints/bspline/polishing/single_cam/20260808_0153,317.4246826171875,297.806884765625,203.70082092285156,6.165627564769238e-05,-2.7229159968555905e-05,1.5624464750289917,0.42824068665504456,-0.22769124805927277,-0.35737672448158264,354.3709716796875,290.0917663574219,227.258056640625,-0.0718691274523735,-0.07490186393260956,1.4217724800109863,0.0,0.0,0.0,0,0
1786183694.7882035,5.507114028005162,APPROACH,BSPLINE,/home/eunseop/nrs_imitation/checkpoints/bspline/polishing/single_cam/20260808_0153,317.4403076171875,297.8285827636719,203.7035675048828,3.3838739909697324e-05,-6.645762914558873e-05,1.5624704360961914,0.18426750600337982,-0.5403454303741455,-0.788826584815979,354.3709716796875,290.0917663574219,227.258056640625,-0.0718691274523735,-0.07490186393260956,1.4217724800109863,0.0,0.0,0.0,0,0
1786183694.796155,5.515065457002493,APPROACH,BSPLINE,/home/eunseop/nrs_imitation/checkpoints/bspline/polishing/single_cam/20260808_0153,317.4521179199219,297.80816650390625,203.71571350097656,4.139819793635979e-05,-4.8939040425466374e-05,1.5624223947525024,0.19700932502746582,-0.44670742750167847,0.04150979593396187,354.3709716796875,290.0917663574219,227.258056640625,-0.0718691274523735,-0.07490186393260956,1.4217724800109863,0.0,0.0,0.0,0,0
1786183694.8040903,5.52300063399889,APPROACH,BSPLINE,/home/eunseop/nrs_imitation/checkpoints/bspline/polishing/single_cam/20260808_0153,317.4403991699219,297.8405456542969,203.73178100585938,6.0139867855468765e-05,-9.897653944790363e-05,1.5624823570251465,0.2568514049053192,-0.13957054913043976,0.5141493678092957,354.3709716796875,290.0917663574219,227.258056640625,-0.0718691274523735,-0.07490186393260956,1.4217724800109863,0.0,0.0,0.0,0,0
1786183694.8121572,5.531067753996467,APPROACH,BSPLINE,/home/eunseop/nrs_imitation/checkpoints/bspline/polishing/single_cam/20260808_0153,317.42291259765625,297.8030090332031,203.70623779296875,5.701779082301073e-05,-1.4843463759461883e-05,1.5624464750289917,0.03108843043446541,-0.16172292828559875,0.34664660692214966,354.3709716796875,290.0917663574219,227.258056640625,-0.0718691274523735,-0.07490186393260956,1.4217724800109863,0.0,0.0,0.0,0,0
1786183694.8201294,5.5390396309958305,APPROACH,BSPLINE,/home/eunseop/nrs_imitation/checkpoints/bspline/polishing/single_cam/20260808_0153,317.4087829589844,297.79571533203125,203.69049072265625,5.0973892939509824e-05,3.938407462555915e-05,1.5624823570251465,-0.12450259178876877,-0.1335485577583313,-0.11112707853317261,354.3709716796875,290.0917663574219,227.258056640625,-0.0718691274523735,-0.07490186393260956,1.4217724800109863,0.0,0.0,0.0,0,0
1786183694.8281217,5.547032058995683,APPROACH,BSPLINE,/home/eunseop/nrs_imitation/checkpoints/bspline/polishing/single_cam/20260808_0153,317.4617614746094,297.7932434082031,203.732177734375,-1.1502083907544147e-05,-9.699483052827418e-05,1.5624703168869019,0.20596595108509064,-0.27494096755981445,-0.019410014152526855,354.3709716796875,290.0917663574219,227.258056640625,-0.0718691274523735,-0.07490186393260956,1.4217724800109863,0.0,0.0,0.0,0,0
1786183694.8360548,5.554965111994534,APPROACH,BSPLINE,/home/eunseop/nrs_imitation/checkpoints/bspline/polishing/single_cam/20260808_0153,317.4399719238281,297.8165283203125,203.72824096679688,3.694688712130301e-05,-3.7047375371912494e-05,1.5624223947525024,0.14248421788215637,-0.2867957651615143,-0.09377119690179825,354.3709716796875,290.0917663574219,227.258056640625,-0.0718691274523735,-0.07490186393260956,1.4217724800109863,0.0,0.0,0.0,0,0
1786183694.844161,5.5630715070001315,APPROACH,BSPLINE,/home/eunseop/nrs_imitation/checkpoints/bspline/polishing/single_cam/20260808_0153,317.4363098144531,297.8319091796875,203.73779296875,5.873351983609609e-05,-5.713420614483766e-05,1.5624583959579468,0.344908207654953,0.14794830977916718,-0.109791599214077,354.3709716796875,290.0917663574219,227.258056640625,-0.0718691274523735,-0.07490186393260956,1.4217724800109863,0.0,0.0,0.0,0,0
1786183694.8522055,5.571116084000096,APPROACH,BSPLINE,/home/eunseop/nrs_imitation/checkpoints/bspline/polishing/single_cam/20260808_0153,317.4221496582031,297.7892761230469,203.70208740234375,1.820693250920158e-05,1.2990491995878983e-05,1.5624463558197021,0.01115895714610815,-0.5382168292999268,-0.3144054114818573,354.3709716796875,290.0917663574219,227.258056640625,-0.0718691274523735,-0.07490186393260956,1.4217724800109863,0.0,0.0,0.0,0,0
1786183694.860158,5.579068503997405,APPROACH,BSPLINE,/home/eunseop/nrs_imitation/checkpoints/bspline/polishing/single_cam/20260808_0153,317.4328308105469,297.81231689453125,203.73028564453125,1.992279794649221e-05,-2.9300583264557645e-05,1.5624704360961914,0.10266164690256119,-0.3769659698009491,-0.24143573641777039,354.3709716796875,290.0917663574219,227.258056640625,-0.0718691274523735,-0.07490186393260956,1.4217724800109863,0.0,0.0,0.0,0,0
1786183694.8682046,5.5871151049941545,APPROACH,BSPLINE,/home/eunseop/nrs_imitation/checkpoints/bspline/polishing/single_cam/20260808_0153,317.4530334472656,297.83221435546875,203.7371826171875,5.712537131330464e-06,-0.00010523763194214553,1.5624703168869019,-0.11272887140512466,-0.33538737893104553,-0.14720915257930756,354.3709716796875,290.0917663574219,227.258056640625,-0.0718691274523735,-0.07490186393260956,1.4217724800109863,0.0,0.0,0.0,0,0
1786183694.8761575,5.5950678960070945,APPROACH,BSPLINE,/home/eunseop/nrs_imitation/checkpoints/bspline/polishing/single_cam/20260808_0153,317.4447326660156,297.8150634765625,203.73013305664062,4.2929736082442105e-05,-9.073337423615158e-05,1.562434434890747,0.28867626190185547,-0.10886701941490173,0.13882535696029663,354.3709716796875,290.0917663574219,227.258056640625,-0.0718691274523735,-0.07490186393260956,1.4217724800109863,0.0,0.0,0.0,0,0
1786183694.8840935,5.6030039449979085,APPROACH,BSPLINE,/home/eunseop/nrs_imitation/checkpoints/bspline/polishing/single_cam/20260808_0153,317.4479064941406,297.80987548828125,203.7222900390625,1.3581614439317491e-05,-8.816692570690066e-05,1.5624583959579468,0.2088594138622284,-0.22093966603279114,0.12115740031003952,354.3709716796875,290.0917663574219,227.258056640625,-0.0718691274523735,-0.07490186393260956,1.4217724800109863,0.0,0.0,0.0,0,0
1786183694.892097,5.611007352999877,APPROACH,BSPLINE,/home/eunseop/nrs_imitation/checkpoints/bspline/polishing/single_cam/20260808_0153,317.4266357421875,297.7990417480469,203.70004272460938,2.2845686544314958e-05,6.044426754669985e-07,1.5624823570251465,0.1583101898431778,-0.6083024144172668,-0.32764968276023865,354.3709716796875,290.0917663574219,227.258056640625,-0.0718691274523735,-0.07490186393260956,1.4217724800109863,0.0,0.0,0.0,0,0
1786183694.9000778,5.618988157002605,APPROACH,BSPLINE,/home/eunseop/nrs_imitation/checkpoints/bspline/polishing/single_cam/20260808_0153,317.43450927734375,297.8277587890625,203.73443603515625,4.6225308324210346e-05,-6.181784556247294e-05,1.562434434890747,0.23015020787715912,-0.22762709856033325,0.013003155589103699,354.3709716796875,290.0917663574219,227.258056640625,-0.0718691274523735,-0.07490186393260956,1.4217724800109863,0.0,0.0,0.0,0,0
1786183694.908061,5.626971277000848,APPROACH,BSPLINE,/home/eunseop/nrs_imitation/checkpoints/bspline/polishing/single_cam/20260808_0153,317.4371032714844,297.8328857421875,203.72482299804688,1.2052501915604807e-05,-4.637130405171774e-05,1.5624943971633911,0.4419477880001068,-0.2799880802631378,-0.2900178134441376,354.3709716796875,290.0917663574219,227.258056640625,-0.0718691274523735,-0.07490186393260956,1.4217724800109863,0.0,0.0,0.0,0,0
1786183694.9160388,5.634949086001143,APPROACH,BSPLINE,/home/eunseop/nrs_imitation/checkpoints/bspline/polishing/single_cam/20260808_0153,317.446044921875,297.8296813964844,203.7439727783203,5.5500928283436224e-05,-8.659024751977995e-05,1.562434434890747,0.1253715455532074,-0.5433033108711243,0.06099843978881836,354.3709716796875,290.0917663574219,227.258056640625,-0.0718691274523735,-0.07490186393260956,1.4217724800109863,0.0,0.0,0.0,0,0
1786183694.9240637,5.6429741449974244,APPROACH,BSPLINE,/home/eunseop/nrs_imitation/checkpoints/bspline/polishing/single_cam/20260808_0153,317.4454345703125,297.8276062011719,203.7316131591797,-3.337752616516809e-07,-5.101011265651323e-05,1.5624942779541016,0.6765658855438232,-0.12882576882839203,-0.43577784299850464,354.3709716796875,290.0917663574219,227.258056640625,-0.0718691274523735,-0.07490186393260956,1.4217724800109863,0.0,0.0,0.0,0,0
1786183694.9321494,5.651059971001814,APPROACH,BSPLINE,/home/eunseop/nrs_imitation/checkpoints/bspline/polishing/single_cam/20260808_0153,317.43310546875,297.82470703125,203.7420654296875,6.014036262058653e-05,-9.897602285491303e-05,1.5624704360961914,0.10120879858732224,-0.2502242624759674,-0.045933909714221954,354.3709716796875,290.0917663574219,227.258056640625,-0.0718691274523735,-0.07490186393260956,1.4217724800109863,0.0,0.0,0.0,0,0
1786183694.9401631,5.659073488001013,APPROACH,BSPLINE,/home/eunseop/nrs_imitation/checkpoints/bspline/polishing/single_cam/20260808_0153,317.4559631347656,297.80426025390625,203.73106384277344,8.941675332607701e-06,-7.578127406304702e-05,1.5624463558197021,0.3167453408241272,-0.6001853942871094,0.1686575710773468,354.3709716796875,290.0917663574219,227.258056640625,-0.0718691274523735,-0.07490186393260956,1.4217724800109863,0.0,0.0,0.0,0,0
1786183694.9492593,5.66816958700656,APPROACH,BSPLINE,/home/eunseop/nrs_imitation/checkpoints/bspline/polishing/single_cam/20260808_0153,317.42340087890625,297.81549072265625,203.70510864257812,4.0179369534598663e-05,-7.5912216743745375e-06,1.5624704360961914,0.19044072926044464,-0.07985199242830276,0.030692851170897484,354.3709716796875,290.0917663574219,227.258056640625,-0.0718691274523735,-0.07490186393260956,1.4217724800109863,0.0,0.0,0.0,0,0
1786183694.9561412,5.675051608996,APPROACH,BSPLINE,/home/eunseop/nrs_imitation/checkpoints/bspline/polishing/single_cam/20260808_0153,317.45428466796875,297.8348083496094,203.7323760986328,-1.131251974584302e-05,-9.7491210908629e-05,1.5625063180923462,0.00480354530736804,0.10760904848575592,-0.06579102575778961,354.3709716796875,290.0917663574219,227.258056640625,-0.0718691274523735,-0.07490186393260956,1.4217724800109863,0.0,0.0,0.0,0,0
1786183694.9640844,5.682994842005428,APPROACH,BSPLINE,/home/eunseop/nrs_imitation/checkpoints/bspline/polishing/single_cam/20260808_0153,317.43353271484375,297.80224609375,203.7085418701172,1.528402390249539e-05,-1.6914966181502678e-05,1.5624583959579468,0.18190500140190125,-0.45170798897743225,-0.15672388672828674,354.3709716796875,290.0917663574219,227.258056640625,-0.0718691274523735,-0.07490186393260956,1.4217724800109863,0.0,0.0,0.0,0,0
1786183694.9735355,5.692445991007844,APPROACH,BSPLINE,/home/eunseop/nrs_imitation/checkpoints/bspline/polishing/single_cam/20260808_0153,317.4364318847656,297.8323974609375,203.74200439453125,8.503423305228353e-05,-8.965306915342808e-05,1.5624464750289917,0.2425081878900528,-0.4019615650177002,0.197444349527359,354.3709716796875,290.0917663574219,227.258056640625,-0.0718691274523735,-0.07490186393260956,1.4217724800109863,0.0,0.0,0.0,0,0
1786183694.9800897,5.69900002500799,APPROACH,BSPLINE,/home/eunseop/nrs_imitation/checkpoints/bspline/polishing/single_cam/20260808_0153,317.4256591796875,297.8085021972656,203.7269287109375,3.230828951927833e-05,-2.4662404030095786e-05,1.5624943971633911,0.05012768879532814,-0.4004271328449249,0.05231199786067009,354.3709716796875,290.0917663574219,227.258056640625,-0.0718691274523735,-0.07490186393260956,1.4217724800109863,0.0,0.0,0.0,0,0
1786183694.9882107,5.707121177998488,APPROACH,BSPLINE,/home/eunseop/nrs_imitation/checkpoints/bspline/polishing/single_cam/20260808_0153,317.4402770996094,297.8171081542969,203.73013305664062,5.531453280127607e-05,-8.609576616436243e-05,1.5624583959579468,-0.01022561639547348,-0.3073069453239441,0.1745663732290268,354.3709716796875,290.0917663574219,227.258056640625,-0.0718691274523735,-0.07490186393260956,1.4217724800109863,0.0,0.0,0.0,0,0
1786183694.996032,5.71494246700604,APPROACH,BSPLINE,/home/eunseop/nrs_imitation/checkpoints/bspline/polishing/single_cam/20260808_0153,317.4272155761719,297.8352355957031,203.7315673828125,7.26519210729748e-05,-9.428893827134743e-05,1.5624463558197021,0.18714554607868195,-0.26440301537513733,-0.3437264859676361,354.3709716796875,290.0917663574219,227.258056640625,-0.0718691274523735,-0.07490186393260956,1.4217724800109863,0.0,0.0,0.0,0,0
1786183695.0041978,5.723108546997537,APPROACH,BSPLINE,/home/eunseop/nrs_imitation/checkpoints/bspline/polishing/single_cam/20260808_0153,317.43426513671875,297.8150634765625,203.72091674804688,2.133005364157725e-05,-7.114240725059062e-05,1.5624703168869019,0.28189602494239807,-0.17170462012290955,-0.24824072420597076,354.3709716796875,290.0917663574219,227.258056640625,-0.0718691274523735,-0.07490186393260956,1.4217724800109863,0.0,0.0,0.0,0,0
1786183695.0121582,5.731068551001954,APPROACH,BSPLINE,/home/eunseop/nrs_imitation/checkpoints/bspline/polishing/single_cam/20260808_0153,317.4431457519531,297.8001708984375,203.72091674804688,4.622292908607051e-05,-6.181930802995339e-05,1.5624103546142578,0.21233239769935608,-0.1370590180158615,-0.22969016432762146,354.3709716796875,290.0917663574219,227.258056640625,-0.0718691274523735,-0.07490186393260956,1.4217724800109863,0.0,0.0,0.0,0,0
1786183695.020062,5.738972418999765,APPROACH,BSPLINE,/home/eunseop/nrs_imitation/checkpoints/bspline/polishing/single_cam/20260808_0153,317.4308166503906,297.7970275878906,203.69662475585938,4.774078479385935e-05,9.927322025760077e-06,1.5624223947525024,0.3743778467178345,-0.4959406852722168,-0.6022072434425354,354.3709716796875,290.0917663574219,227.258056640625,-0.0718691274523735,-0.07490186393260956,1.4217724800109863,0.0,0.0,0.0,0,0
1786183695.028174,5.747084916001768,APPROACH,BSPLINE,/home/eunseop/nrs_imitation/checkpoints/bspline/polishing/single_cam/20260808_0153,317.449951171875,297.8255310058594,203.7316131591797,-1.2842644537158776e-05,-5.5695130868116394e-05,1.5624703168869019,0.17261317372322083,-0.14357002079486847,-0.23938992619514465,354.3709716796875,290.0917663574219,227.258056640625,-0.0718691274523735,-0.07490186393260956,1.4217724800109863,0.0,0.0,0.0,0,0
1786183695.0360692,5.754979414996342,APPROACH,BSPLINE,/home/eunseop/nrs_imitation/checkpoints/bspline/polishing/single_cam/20260808_0153,317.4541015625,297.8238220214844,203.7439727783203,4.3114181607961655e-05,-9.122931805904955e-05,1.562434434890747,0.4225197732448578,-0.1492379903793335,0.40707865357398987,354.3709716796875,290.0917663574219,227.258056640625,-0.0718691274523735,-0.07490186393260956,1.4217724800109863,0.0,0.0,0.0,0,0
1786183695.0440943,5.763004624997848,APPROACH,BSPLINE,/home/eunseop/nrs_imitation/checkpoints/bspline/polishing/single_cam/20260808_0153,317.45428466796875,297.80035400390625,203.7161102294922,-8.20503100840142e-06,-6.808027683291584e-05,1.562434434890747,0.45390060544013977,-0.039492834359407425,0.2485284060239792,354.3709716796875,290.0917663574219,227.258056640625,-0.0718691274523735,-0.07490186393260956,1.4217724800109863,0.0,0.0,0.0,0,0
1786183695.0520537,5.770964269002434,APPROACH,BSPLINE,/home/eunseop/nrs_imitation/checkpoints/bspline/polishing/single_cam/20260808_0153,317.46099853515625,297.80316162109375,203.7239532470703,-1.613873610040173e-05,-8.460913522867486e-05,1.5624583959579468,0.20769913494586945,-0.4077325761318207,-0.3545283079147339,354.3709716796875,290.0917663574219,227.258056640625,-0.0718691274523735,-0.07490186393260956,1.4217724800109863,0.0,0.0,0.0,0,0
1786183695.0600245,5.778934884001501,APPROACH,BSPLINE,/home/eunseop/nrs_imitation/checkpoints/bspline/polishing/single_cam/20260808_0153,317.44464111328125,297.8269348144531,203.73045349121094,6.8195367930457e-05,-8.240101306000724e-05,1.5624223947525024,0.31044185161590576,-0.16386431455612183,-0.04926563426852226,354.3709716796875,290.0917663574219,227.258056640625,-0.0718691274523735,-0.07490186393260956,1.4217724800109863,0.0,0.0,0.0,0,0
1786183695.0682187,5.78712928800087,APPROACH,BSPLINE,/home/eunseop/nrs_imitation/checkpoints/bspline/polishing/single_cam/20260808_0153,317.4585876464844,297.82171630859375,203.7559051513672,3.5428558476269245e-05,-0.00010879524052143097,1.562434434890747,0.3475107252597809,-0.3158971965312958,-0.48561349511146545,354.3709716796875,290.0917663574219,227.258056640625,-0.0718691274523735,-0.07490186393260956,1.4217724800109863,0.0,0.0,0.0,0,0
1786183695.0761786,5.7950889420026215,APPROACH,BSPLINE,/home/eunseop/nrs_imitation/checkpoints/bspline/polishing/single_cam/20260808_0153,317.4362487792969,297.80865478515625,203.73648071289062,5.4094063671072945e-05,-4.474941670196131e-05,1.5624463558197021,0.15398697555065155,-0.6092058420181274,-0.18665055930614471,354.3709716796875,290.0917663574219,227.258056640625,-0.0718691274523735,-0.07490186393260956,1.4217724800109863,0.0,0.0,0.0,0,0
1786183695.0846696,5.803580143998261,APPROACH,BSPLINE,/home/eunseop/nrs_imitation/checkpoints/bspline/polishing/single_cam/20260808_0153,317.4422302246094,297.8328857421875,203.7371826171875,5.5500677262898535e-05,-8.659100421937183e-05,1.5624703168869019,0.1408066749572754,-0.20552173256874084,0.4088166356086731,354.3709716796875,290.0917663574219,227.258056640625,-0.0718691274523735,-0.07490186393260956,1.4217724800109863,0.0,0.0,0.0,0,0
1786183695.092183,5.811093523996533,APPROACH,BSPLINE,/home/eunseop/nrs_imitation/checkpoints/bspline/polishing/single_cam/20260808_0153,317.4324035644531,297.7995300292969,203.70716857910156,-1.864034516074753e-06,-9.214255442202557e-06,1.5624704360961914,0.10869639366865158,-0.3234102725982666,-0.4564053416252136,354.3709716796875,290.0917663574219,227.258056640625,-0.0718691274523735,-0.07490186393260956,1.4217724800109863,0.0,0.0,0.0,0,0
1786183695.1002138,5.819124264002312,APPROACH,BSPLINE,/home/eunseop/nrs_imitation/checkpoints/bspline/polishing/single_cam/20260808_0153,317.4324035644531,297.7995300292969,203.70716857910156,-1.864034516074753e-06,-9.214255442202557e-06,1.5624704360961914,0.14475974440574646,-0.15871049463748932,0.21961505711078644,354.3709716796875,290.0917663574219,227.258056640625,-0.0718691274523735,-0.07490186393260956,1.4217724800109863,0.0,0.0,0.0,0,0
1786183695.1080494,5.826959740996244,APPROACH,BSPLINE,/home/eunseop/nrs_imitation/checkpoints/bspline/polishing/single_cam/20260808_0153,317.4453125,297.7926940917969,203.71815490722656,-3.3499642881906766e-07,-5.100993803353049e-05,1.5624704360961914,0.3483870029449463,-0.3821406662464142,-0.30292272567749023,354.3709716796875,290.0917663574219,227.258056640625,-0.0718691274523735,-0.07490186393260956,1.4217724800109863,0.0,0.0,0.0,0,0
1786183695.1161256,5.835036399003002,APPROACH,BSPLINE,/home/eunseop/nrs_imitation/checkpoints/bspline/polishing/single_cam/20260808_0153,317.424560546875,297.806396484375,203.6966094970703,3.535506039042957e-05,5.289869477564935e-06,1.5624463558197021,0.3884252607822418,-0.19990970194339752,0.22221413254737854,354.3709716796875,290.0917663574219,227.258056640625,-0.0718691274523735,-0.07490186393260956,1.4217724800109863,0.0,0.0,0.0,0,0
1786183695.124237,5.843147752995719,APPROACH,BSPLINE,/home/eunseop/nrs_imitation/checkpoints/bspline/polishing/single_cam/20260808_0153,317.44305419921875,297.8232116699219,203.73382568359375,5.550135756493546e-05,-8.658977458253503e-05,1.5624223947525024,0.13115817308425903,-0.06754403561353683,0.07940563559532166,354.3709716796875,290.0917663574219,227.258056640625,-0.0718691274523735,-0.07490186393260956,1.4217724800109863,0.0,0.0,0.0,0,0
1786183695.132248,5.851158535006107,APPROACH,BSPLINE,/home/eunseop/nrs_imitation/checkpoints/bspline/polishing/single_cam/20260808_0153,317.42510986328125,297.80731201171875,203.71334838867188,3.230838410672732e-05,-2.466216938046273e-05,1.5624823570251465,0.32680830359458923,-0.14424127340316772,-0.3062048554420471,354.3709716796875,290.0917663574219,227.258056640625,-0.0718691274523735,-0.07490186393260956,1.4217724800109863,0.0,0.0,0.0,0,0
1786183695.1401632,5.859073633997468,APPROACH,BSPLINE,/home/eunseop/nrs_imitation/checkpoints/bspline/polishing/single_cam/20260808_0153,317.4327392578125,297.82391357421875,203.73983764648438,4.1586681618355215e-05,-4.943199019180611e-05,1.5624228715896606,0.14573025703430176,-0.359866738319397,-0.389904648065567,354.3709716796875,290.0917663574219,227.258056640625,-0.0718691274523735,-0.07490186393260956,1.4217724800109863,0.0,0.0,0.0,0,0
1786183695.1481621,5.867072534005274,APPROACH,BSPLINE,/home/eunseop/nrs_imitation/checkpoints/bspline/polishing/single_cam/20260808_0153,317.4473571777344,297.79718017578125,203.70761108398438,-5.196185952627275e-07,-5.051426705904305e-05,1.562434434890747,0.23840899765491486,-0.09613960981369019,0.37362024188041687,354.3709716796875,290.0917663574219,227.258056640625,-0.0718691274523735,-0.07490186393260956,1.4217724800109863,0.0,0.0,0.0,0,0
1786183695.1562057,5.8751160579995485,APPROACH,BSPLINE,/home/eunseop/nrs_imitation/checkpoints/bspline/polishing/single_cam/20260808_0153,317.4449157714844,297.8030700683594,203.7259979248047,-8.3902104961453e-06,-6.758523522876203e-05,1.5624704360961914,0.07562366127967834,-0.2655160427093506,0.24283553659915924,354.3709716796875,290.0917663574219,227.258056640625,-0.0718691274523735,-0.07490186393260956,1.4217724800109863,0.0,0.0,0.0,0,0
1786183695.1641607,5.883071233998635,APPROACH,BSPLINE,/home/eunseop/nrs_imitation/checkpoints/bspline/polishing/single_cam/20260808_0153,317.4227600097656,297.8371887207031,203.75794982910156,6.819763075327501e-05,-8.240072929766029e-05,1.5625063180923462,0.4550293982028961,-0.4890740215778351,-0.19500954449176788,354.3709716796875,290.0917663574219,227.258056640625,-0.0718691274523735,-0.07490186393260956,1.4217724800109863,0.0,0.0,0.0,0,0
1786183695.1721983,5.891108947005705,APPROACH,BSPLINE,/home/eunseop/nrs_imitation/checkpoints/bspline/polishing/single_cam/20260808_0153,317.4463195800781,297.84112548828125,203.7482452392578,3.232406379538588e-05,-0.00013820519961882383,1.5624943971633911,0.25303229689598083,-0.36803561449050903,-0.1796768456697464,354.3709716796875,290.0917663574219,227.258056640625,-0.0718691274523735,-0.07490186393260956,1.4217724800109863,0.0,0.0,0.0,0,0
1786183695.1801918,5.89910222600156,APPROACH,BSPLINE,/home/eunseop/nrs_imitation/checkpoints/bspline/polishing/single_cam/20260808_0153,317.4262390136719,297.79852294921875,203.713623046875,3.535521318553947e-05,5.289243745210115e-06,1.5624583959579468,0.19011768698692322,-0.576444685459137,0.027982378378510475,354.3709716796875,290.0917663574219,227.258056640625,-0.0718691274523735,-0.07490186393260956,1.4217724800109863,0.0,0.0,0.0,0,0
1786183695.1883066,5.907217107000179,APPROACH,BSPLINE,/home/eunseop/nrs_imitation/checkpoints/bspline/polishing/single_cam/20260808_0153,317.4497375488281,297.825439453125,203.72901916503906,1.358267581963446e-05,-8.816676563583314e-05,1.5624583959579468,0.2380426973104477,-0.2784033417701721,-0.4962065815925598,354.3709716796875,290.0917663574219,227.258056640625,-0.0718691274523735,-0.07490186393260956,1.4217724800109863,0.0,0.0,0.0,0,0
1786183695.1961894,5.915099923993694,APPROACH,BSPLINE,/home/eunseop/nrs_imitation/checkpoints/bspline/polishing/single_cam/20260808_0153,317.4497375488281,297.825439453125,203.72901916503906,1.358267581963446e-05,-8.816676563583314e-05,1.5624583959579468,0.16210594773292542,-0.24828466773033142,-0.16062934696674347,354.3709716796875,290.0917663574219,227.258056640625,-0.0718691274523735,-0.07490186393260956,1.4217724800109863,0.0,0.0,0.0,0,0
1786183695.2042043,5.9231148149992805,APPROACH,BSPLINE,/home/eunseop/nrs_imitation/checkpoints/bspline/polishing/single_cam/20260808_0153,317.4382019042969,297.82415771484375,203.72283935546875,4.15863141824957e-05,-4.943216117681004e-05,1.562410831451416,0.3091087341308594,-0.39094051718711853,0.05802794545888901,354.3709716796875,290.0917663574219,227.258056640625,-0.0718691274523735,-0.07490186393260956,1.4217724800109863,0.0,0.0,0.0,0,0
1786183695.2121663,5.931076944005326,APPROACH,BSPLINE,/home/eunseop/nrs_imitation/checkpoints/bspline/polishing/single_cam/20260808_0153,317.446044921875,297.8055419921875,203.71157836914062,-2.2305284801404923e-05,-3.0428524041781202e-05,1.5624228715896606,0.30299070477485657,-0.17884021997451782,0.011353058740496635,354.3709716796875,290.0917663574219,227.258056640625,-0.0718691274523735,-0.07490186393260956,1.4217724800109863,0.0,0.0,0.0,0,0
1786183695.2201831,5.939093506996869,APPROACH,BSPLINE,/home/eunseop/nrs_imitation/checkpoints/bspline/polishing/single_cam/20260808_0153,317.4290771484375,297.8042907714844,203.7085418701172,2.7669741029967554e-05,-1.2276215784368105e-05,1.5624463558197021,0.1883663833141327,-0.06056004390120506,-0.49571409821510315,354.3709716796875,290.0917663574219,227.258056640625,-0.0718691274523735,-0.07490186393260956,1.4217724800109863,0.0,0.0,0.0,0,0
1786183695.2281837,5.947094339993782,APPROACH,BSPLINE,/home/eunseop/nrs_imitation/checkpoints/bspline/polishing/single_cam/20260808_0153,317.44232177734375,297.8094787597656,203.71775817871094,1.1866833119711373e-05,-4.587542935041711e-05,1.5624223947525024,0.17646756768226624,0.249429389834404,-0.2345651090145111,354.3709716796875,290.0917663574219,227.258056640625,-0.0718691274523735,-0.07490186393260956,1.4217724800109863,0.0,0.0,0.0,0,0
1786183695.2360587,5.954968941005063,APPROACH,BSPLINE,/home/eunseop/nrs_imitation/checkpoints/bspline/polishing/single_cam/20260808_0153,317.41668701171875,297.8126220703125,203.7269287109375,5.720369881601073e-05,-1.533862086944282e-05,1.5624823570251465,0.3015260398387909,-0.5231544971466064,0.13228657841682434,354.3709716796875,290.0917663574219,227.258056640625,-0.0718691274523735,-0.07490186393260956,1.4217724800109863,0.0,0.0,0.0,0,0
1786183695.2440176,5.962928014007048,APPROACH,BSPLINE,/home/eunseop/nrs_imitation/checkpoints/bspline/polishing/single_cam/20260808_0153,317.4330139160156,297.82452392578125,203.72372436523438,5.56876948394347e-05,-8.708528912393376e-05,1.5624583959579468,0.32952821254730225,-0.027373377233743668,0.17959335446357727,354.3709716796875,290.0917663574219,227.258056640625,-0.0718691274523735,-0.07490186393260956,1.4217724800109863,0.0,0.0,0.0,0,0
1786183695.2521076,5.971017838004627,APPROACH,BSPLINE,/home/eunseop/nrs_imitation/checkpoints/bspline/polishing/single_cam/20260808_0153,317.4232177734375,297.82684326171875,203.71434020996094,6.165667582536116e-05,-2.722933641052805e-05,1.5624943971633911,0.4788772165775299,-0.1895066350698471,-0.21496784687042236,354.3709716796875,290.0917663574219,227.258056640625,-0.0718691274523735,-0.07490186393260956,1.4217724800109863,0.0,0.0,0.0,0,0
1786183695.2599998,5.978910113000893,APPROACH,BSPLINE,/home/eunseop/nrs_imitation/checkpoints/bspline/polishing/single_cam/20260808_0153,317.45013427734375,297.8144836425781,203.71434020996094,-1.3029562069277745e-05,-5.519957630895078e-05,1.5624943971633911,0.26335516571998596,-0.3349207937717438,-0.09084909409284592,354.3709716796875,290.0917663574219,227.258056640625,-0.0718691274523735,-0.07490186393260956,1.4217724800109863,0.0,0.0,0.0,0,0
1786183695.2681592,5.987069619994145,APPROACH,BSPLINE,/home/eunseop/nrs_imitation/checkpoints/bspline/polishing/single_cam/20260808_0153,317.4353332519531,297.81787109375,203.7008056640625,3.694684346555732e-05,-3.704777918756008e-05,1.5624583959579468,0.4849573075771332,-0.2759009599685669,-0.46265774965286255,354.3709716796875,290.0917663574219,227.258056640625,-0.0718691274523735,-0.07490186393260956,1.4217724800109863,0.0,0.0,0.0,0,0
1786183695.2760584,5.994968668004731,APPROACH,BSPLINE,/home/eunseop/nrs_imitation/checkpoints/bspline/polishing/single_cam/20260808_0153,317.41912841796875,297.8057861328125,203.71678161621094,3.2308773370459676e-05,-2.466154910507612e-05,1.5624703168869019,0.3081004321575165,-0.3098761737346649,-0.2440790981054306,354.3709716796875,290.0917663574219,227.258056640625,-0.0718691274523735,-0.07490186393260956,1.4217724800109863,0.0,0.0,0.0,0,0
1786183695.2840605,6.002970813002321,APPROACH,BSPLINE,/home/eunseop/nrs_imitation/checkpoints/bspline/polishing/single_cam/20260808_0153,317.45416259765625,297.80047607421875,203.7222900390625,2.596567355794832e-05,-8.352842269232497e-05,1.5624223947525024,0.37892845273017883,-0.26797059178352356,-0.6144221425056458,354.3709716796875,290.0917663574219,227.258056640625,-0.0718691274523735,-0.07490186393260956,1.4217724800109863,0.0,0.0,0.0,0,0
1786183695.29211,6.0110205600067275,APPROACH,BSPLINE,/home/eunseop/nrs_imitation/checkpoints/bspline/polishing/single_cam/20260808_0153,317.41815185546875,297.79266357421875,203.7014923095703,5.237923323875293e-05,-2.4574476356065134e-06,1.562434434890747,0.12651193141937256,-0.3253873586654663,-0.5873843431472778,354.3709716796875,290.0917663574219,227.258056640625,-0.0718691274523735,-0.07490186393260956,1.4217724800109863,0.0,0.0,0.0,0,0
1786183695.300188,6.019098710996332,APPROACH,BSPLINE,/home/eunseop/nrs_imitation/checkpoints/bspline/polishing/single_cam/20260808_0153,317.43560791015625,297.7948913574219,203.71197509765625,2.774603672150988e-06,-2.159986615879461e-05,1.5624463558197021,0.2124565988779068,-0.24235837161540985,-0.028259489685297012,354.3709716796875,290.0917663574219,227.258056640625,-0.0718691274523735,-0.07490186393260956,1.4217724800109863,0.0,0.0,0.0,0,0
1786183695.3080885,6.026999171997886,APPROACH,BSPLINE,/home/eunseop/nrs_imitation/checkpoints/bspline/polishing/single_cam/20260808_0153,317.4298400878906,297.8412170410156,203.72564697265625,7.594410271849483e-05,-6.537584704346955e-05,1.5624583959579468,0.32290226221084595,0.1066654846072197,-0.4663757383823395,354.3709716796875,290.0917663574219,227.258056640625,-0.0718691274523735,-0.07490186393260956,1.4217724800109863,0.0,0.0,0.0,0,0
1786183695.3160443,6.034954678005306,APPROACH,BSPLINE,/home/eunseop/nrs_imitation/checkpoints/bspline/polishing/single_cam/20260808_0153,317.4544677734375,297.8240966796875,203.714599609375,-3.334654650188895e-07,-5.100969792692922e-05,1.5624343156814575,0.2689141631126404,-0.3550199270248413,-0.31188929080963135,354.3709716796875,290.0917663574219,227.258056640625,-0.0718691274523735,-0.07490186393260956,1.4217724800109863,0.0,0.0,0.0,0,0
1786183695.3241382,6.043048699008068,APPROACH,BSPLINE,/home/eunseop/nrs_imitation/checkpoints/bspline/polishing/single_cam/20260808_0153,317.4329528808594,297.8243408203125,203.71664428710938,3.230838410672732e-05,-2.466216938046273e-05,1.5624823570251465,0.1923646479845047,0.25709694623947144,0.3071165680885315,354.3709716796875,290.0917663574219,227.258056640625,-0.0718691274523735,-0.07490186393260956,1.4217724800109863,0.0,0.0,0.0,0,0
1786183695.3321457,6.051056245007203,APPROACH,BSPLINE,/home/eunseop/nrs_imitation/checkpoints/bspline/polishing/single_cam/20260808_0153,317.44439697265625,297.81396484375,203.71914672851562,1.650495505600702e-05,-5.826136111863889e-05,1.5624463558197021,0.27135831117630005,-0.36949414014816284,-0.4023548662662506,354.3709716796875,290.0917663574219,227.258056640625,-0.0718691274523735,-0.07490186393260956,1.4217724800109863,0.0,0.0,0.0,0,0
1786183695.3400486,6.058959011003026,APPROACH,BSPLINE,/home/eunseop/nrs_imitation/checkpoints/bspline/polishing/single_cam/20260808_0153,317.438720703125,297.76678466796875,203.687744140625,-3.2989039027597755e-05,3.6185665521770716e-05,1.562434434890747,0.12393368035554886,-0.46392109990119934,0.13601504266262054,354.3709716796875,290.0917663574219,227.258056640625,-0.0718691274523735,-0.07490186393260956,1.4217724800109863,0.0,0.0,0.0,0,0
1786183695.3481143,6.067024838004727,APPROACH,BSPLINE,/home/eunseop/nrs_imitation/checkpoints/bspline/polishing/single_cam/20260808_0153,317.4547119140625,297.82464599609375,203.7400665283203,2.76835635304451e-05,-0.0001258190459338948,1.5624463558197021,0.2829069495201111,0.07922901958227158,0.5456346869468689,354.3709716796875,290.0917663574219,227.258056640625,-0.0718691274523735,-0.07490186393260956,1.4217724800109863,0.0,0.0,0.0,0,0
1786183695.3562076,6.075118028005818,APPROACH,BSPLINE,/home/eunseop/nrs_imitation/checkpoints/bspline/polishing/single_cam/20260808_0153,317.4365234375,297.80902099609375,203.72256469726562,4.1399958718102425e-05,-4.8937548854155466e-05,1.5624223947525024,0.17212213575839996,-0.6275814175605774,-0.4939376711845398,354.3709716796875,290.0917663574219,227.258056640625,-0.0718691274523735,-0.07490186393260956,1.4217724800109863,0.0,0.0,0.0,0,0
1786183695.364183,6.083093581997673,APPROACH,BSPLINE,/home/eunseop/nrs_imitation/checkpoints/bspline/polishing/single_cam/20260808_0153,317.424072265625,297.8050842285156,203.70425415039062,3.676110281958245e-05,-3.655302862171084e-05,1.5625063180923462,0.18059399724006653,-0.20245465636253357,0.24122093617916107,354.3709716796875,290.0917663574219,227.258056640625,-0.0718691274523735,-0.07490186393260956,1.4217724800109863,0.0,0.0,0.0,0,0
1786183695.372199,6.091109764995053,APPROACH,BSPLINE,/home/eunseop/nrs_imitation/checkpoints/bspline/polishing/single_cam/20260808_0153,317.4405517578125,297.8177185058594,203.7189178466797,5.1047918532276526e-05,-7.47000303817913e-05,1.562434434890747,0.07483385503292084,-0.33970674872398376,-0.2225731760263443,354.3709716796875,290.0917663574219,227.258056640625,-0.0718691274523735,-0.07490186393260956,1.4217724800109863,0.0,0.0,0.0,0,0
1786183695.3818657,6.100776235994999,APPROACH,BSPLINE,/home/eunseop/nrs_imitation/checkpoints/bspline/polishing/single_cam/20260808_0153,317.4262390136719,297.8100280761719,203.7028045654297,4.4632237404584885e-05,-1.9482009520288557e-05,1.5624703168869019,0.2230454981327057,0.07922626286745071,0.343044251203537,354.3709716796875,290.0917663574219,227.258056640625,-0.0718691274523735,-0.07490186393260956,1.4217724800109863,0.0,0.0,0.0,0,0
1786183695.388208,6.107118304003961,APPROACH,BSPLINE,/home/eunseop/nrs_imitation/checkpoints/bspline/polishing/single_cam/20260808_0153,317.4312744140625,297.8089294433594,203.70057678222656,1.1827888783955132e-06,2.0737594240927137e-05,1.5624823570251465,0.15553434193134308,0.15128673613071442,0.31903424859046936,354.3709716796875,290.0917663574219,227.258056640625,-0.0718691274523735,-0.07490186393260956,1.4217724800109863,0.0,0.0,0.0,0,0
1786183695.3961618,6.115072237997083,APPROACH,BSPLINE,/home/eunseop/nrs_imitation/checkpoints/bspline/polishing/single_cam/20260808_0153,317.42010498046875,297.8313903808594,203.7008056640625,4.94573287141975e-05,-3.236174597986974e-05,1.5624823570251465,-0.04512496292591095,-0.16666531562805176,-0.09674777090549469,354.3709716796875,290.0917663574219,227.258056640625,-0.0718691274523735,-0.07490186393260956,1.4217724800109863,0.0,0.0,0.0,0,0
1786183695.4041634,6.123073832000955,APPROACH,BSPLINE,/home/eunseop/nrs_imitation/checkpoints/bspline/polishing/single_cam/20260808_0153,317.42315673828125,297.8030700683594,203.68844604492188,1.8206668755738065e-05,1.299079849559348e-05,1.562434434890747,0.5057522058486938,-0.33591344952583313,-0.08091381937265396,354.3709716796875,290.0917663574219,227.258056640625,-0.0718691274523735,-0.07490186393260956,1.4217724800109863,0.0,0.0,0.0,0,0
1786183695.4120812,6.130991496000206,APPROACH,BSPLINE,/home/eunseop/nrs_imitation/checkpoints/bspline/polishing/single_cam/20260808_0153,317.44378662109375,297.8363037109375,203.75497436523438,6.941617175471038e-05,-0.00012374822108540684,1.5624703168869019,0.4443831145763397,-0.12088151276111603,-0.15659134089946747,354.3709716796875,290.0917663574219,227.258056640625,-0.0718691274523735,-0.07490186393260956,1.4217724800109863,0.0,0.0,0.0,0,0
1786183695.4200985,6.139009260994499,APPROACH,BSPLINE,/home/eunseop/nrs_imitation/checkpoints/bspline/polishing/single_cam/20260808_0153,317.4246520996094,297.84130859375,203.72901916503906,6.337333616102114e-05,-6.951958494028077e-05,1.5625063180923462,0.3417106568813324,-0.4076680839061737,0.16389623284339905,354.3709716796875,290.0917663574219,227.258056640625,-0.0718691274523735,-0.07490186393260956,1.4217724800109863,0.0,0.0,0.0,0,0
1786183695.4280522,6.146962483006064,APPROACH,BSPLINE,/home/eunseop/nrs_imitation/checkpoints/bspline/polishing/single_cam/20260808_0153,317.4259948730469,297.82025146484375,203.7163848876953,7.228729828057112e-06,-3.349002872710116e-05,1.562482237815857,0.38188835978507996,-0.5678755640983582,-0.11697863787412643,354.3709716796875,290.0917663574219,227.258056640625,-0.0718691274523735,-0.07490186393260956,1.4217724800109863,0.0,0.0,0.0,0,0
1786183695.4360733,6.154983575004735,APPROACH,BSPLINE,/home/eunseop/nrs_imitation/checkpoints/bspline/polishing/single_cam/20260808_0153,317.4591979980469,297.8229064941406,203.7371826171875,1.8220125639345497e-05,-0.00010055228631244972,1.562434434890747,0.3642837703227997,-0.5343730449676514,0.2523342967033386,354.3709716796875,290.0917663574219,227.258056640625,-0.0718691274523735,-0.07490186393260956,1.4217724800109863,0.0,0.0,0.0,0,0
1786183695.4440432,6.1629535389947705,APPROACH,BSPLINE,/home/eunseop/nrs_imitation/checkpoints/bspline/polishing/single_cam/20260808_0153,317.44140625,297.8074645996094,203.72091674804688,2.132795452780556e-05,-7.11431639501825e-05,1.5624823570251465,0.35410478711128235,-0.13791964948177338,-0.2018657624721527,354.3709716796875,290.0917663574219,227.258056640625,-0.0718691274523735,-0.07490186393260956,1.4217724800109863,0.0,0.0,0.0,0,0
1786183695.452062,6.170972366002388,APPROACH,BSPLINE,/home/eunseop/nrs_imitation/checkpoints/bspline/polishing/single_cam/20260808_0153,317.42864990234375,297.8265075683594,203.71434020996094,3.676185951917432e-05,-3.6552031815517694e-05,1.5624823570251465,0.4063919186592102,-0.22447851300239563,0.20972780883312225,354.3709716796875,290.0917663574219,227.258056640625,-0.0718691274523735,-0.07490186393260956,1.4217724800109863,0.0,0.0,0.0,0,0
1786183695.4601178,6.179028184997151,APPROACH,BSPLINE,/home/eunseop/nrs_imitation/checkpoints/bspline/polishing/single_cam/20260808_0153,317.43023681640625,297.8299255371094,203.714111328125,4.640981933334842e-05,-6.231498991837725e-05,1.5625063180923462,0.2741294801235199,-0.24795128405094147,-0.061397895216941833,354.3709716796875,290.0917663574219,227.258056640625,-0.0718691274523735,-0.07490186393260956,1.4217724800109863,0.0,0.0,0.0,0,0
1786183695.4682338,6.187144598996383,APPROACH,BSPLINE,/home/eunseop/nrs_imitation/checkpoints/bspline/polishing/single_cam/20260808_0153,317.4379577636719,297.823486328125,203.7372589111328,4.311556040192954e-05,-9.12293980945833e-05,1.5624823570251465,0.24675701558589935,-0.11990427225828171,0.12584851682186127,354.3709716796875,290.0917663574219,227.258056640625,-0.0718691274523735,-0.07490186393260956,1.4217724800109863,0.0,0.0,0.0,0,0
1786183695.4761946,6.195105214996147,APPROACH,BSPLINE,/home/eunseop/nrs_imitation/checkpoints/bspline/polishing/single_cam/20260808_0153,317.42388916015625,297.7928771972656,203.7108154296875,9.971174677048111e-07,2.123299600498285e-05,1.5624704360961914,0.39306822419166565,-0.08474776893854141,-0.2714911699295044,354.3709716796875,290.0917663574219,227.258056640625,-0.0718691274523735,-0.07490186393260956,1.4217724800109863,0.0,0.0,0.0,0,0
1786183695.4841723,6.203082884007017,APPROACH,BSPLINE,/home/eunseop/nrs_imitation/checkpoints/bspline/polishing/single_cam/20260808_0153,317.427734375,297.81298828125,203.7163848876953,3.212312003597617e-05,-2.4166043658624403e-05,1.5624463558197021,0.23337134718894958,-0.058779895305633545,0.31823262572288513,354.3709716796875,290.0917663574219,227.258056640625,-0.0718691274523735,-0.07490186393260956,1.4217724800109863,0.0,0.0,0.0,0,0
1786183695.4921618,6.211072304999107,APPROACH,BSPLINE,/home/eunseop/nrs_imitation/checkpoints/bspline/polishing/single_cam/20260808_0153,317.420166015625,297.8315734863281,203.73106384277344,5.873483314644545e-05,-5.7133427617372945e-05,1.5624943971633911,0.2265259027481079,-0.14469555020332336,0.2654792368412018,354.3709716796875,290.0917663574219,227.258056640625,-0.0718691274523735,-0.07490186393260956,1.4217724800109863,0.0,0.0,0.0,0,0
1786183695.5001516,6.219062147007207,APPROACH,BSPLINE,/home/eunseop/nrs_imitation/checkpoints/bspline/polishing/single_cam/20260808_0153,317.44195556640625,297.80902099609375,203.70169067382812,1.5284051187336445e-05,-1.6914791558519937e-05,1.5624223947525024,0.1108875572681427,-0.49991363286972046,-0.19587618112564087,354.3709716796875,290.0917663574219,227.258056640625,-0.0718691274523735,-0.07490186393260956,1.4217724800109863,0.0,0.0,0.0,0,0
1786183695.5081532,6.227063571001054,APPROACH,BSPLINE,/home/eunseop/nrs_imitation/checkpoints/bspline/polishing/single_cam/20260808_0153,317.4416198730469,297.8084411621094,203.71527099609375,2.7669448172673583e-05,-1.2276878806005698e-05,1.5624463558197021,0.10386582463979721,-0.0051451693288981915,0.3611791431903839,354.3709716796875,290.0917663574219,227.258056640625,-0.0718691274523735,-0.07490186393260956,1.4217724800109863,0.0,0.0,0.0,0,0
1786183695.516153,6.235063703003107,APPROACH,BSPLINE,/home/eunseop/nrs_imitation/checkpoints/bspline/polishing/single_cam/20260808_0153,317.4185485839844,297.8049011230469,203.71197509765625,4.0179391362471506e-05,-7.591473604406929e-06,1.5624823570251465,-0.01855616457760334,0.0313350148499012,0.1434057205915451,354.3709716796875,290.0917663574219,227.258056640625,-0.0718691274523735,-0.07490186393260956,1.4217724800109863,0.0,0.0,0.0,0,0
1786183695.5241747,6.243085114998394,APPROACH,BSPLINE,/home/eunseop/nrs_imitation/checkpoints/bspline/polishing/single_cam/20260808_0153,317.4276428222656,297.8248291015625,203.72372436523438,8.058222010731697e-05,-7.776183338137344e-05,1.5624463558197021,0.16223102807998657,-0.19402293860912323,0.9327622056007385,354.3709716796875,290.0917663574219,227.258056640625,-0.0718691274523735,-0.07490186393260956,1.4217724800109863,0.0,0.0,0.0,0,0
1786183695.5320466,6.250956960997428,APPROACH,BSPLINE,/home/eunseop/nrs_imitation/checkpoints/bspline/polishing/single_cam/20260808_0153,317.4540710449219,297.8117370605469,203.7372589111328,1.8220125639345497e-05,-0.00010055228631244972,1.562434434890747,0.2050342857837677,-0.38718801736831665,0.30806007981300354,354.3709716796875,290.0917663574219,227.258056640625,-0.0718691274523735,-0.07490186393260956,1.4217724800109863,0.0,0.0,0.0,0,0
1786183695.540189,6.2590993649937445,APPROACH,BSPLINE,/home/eunseop/nrs_imitation/checkpoints/bspline/polishing/single_cam/20260808_0153,317.44976806640625,297.81390380859375,203.73983764648438,4.304484264139319e-06,-6.339554965961725e-05,1.5624583959579468,0.24521780014038086,-0.34932205080986023,-0.35330426692962646,354.3709716796875,290.0917663574219,227.258056640625,-0.0718691274523735,-0.07490186393260956,1.4217724800109863,0.0,0.0,0.0,0,0
1786183695.548059,6.266969207004877,APPROACH,BSPLINE,/home/eunseop/nrs_imitation/checkpoints/bspline/polishing/single_cam/20260808_0153,317.4490051269531,297.8358459472656,203.7572784423828,5.257686279946938e-05,-0.00011649691441562027,1.5624823570251465,0.20123764872550964,-0.5077005624771118,0.1326664388179779,354.3709716796875,290.0917663574219,227.258056640625,-0.0718691274523735,-0.07490186393260956,1.4217724800109863,0.0,0.0,0.0,0,0
1786183695.5561013,6.275011910998728,APPROACH,BSPLINE,/home/eunseop/nrs_imitation/checkpoints/bspline/polishing/single_cam/20260808_0153,317.4490051269531,297.8358459472656,203.7572784423828,5.257686279946938e-05,-0.00011649691441562027,1.5624823570251465,0.22612813115119934,-0.3730698823928833,0.13042154908180237,354.3709716796875,290.0917663574219,227.258056640625,-0.0718691274523735,-0.07490186393260956,1.4217724800109863,0.0,0.0,0.0,0,0
1786183695.5640433,6.282953600995825,APPROACH,BSPLINE,/home/eunseop/nrs_imitation/checkpoints/bspline/polishing/single_cam/20260808_0153,317.44866943359375,297.8114929199219,203.71267700195312,4.304858975956449e-06,-6.339541869238019e-05,1.5624463558197021,0.3707592487335205,-0.03433382883667946,0.287645161151886,354.3709716796875,290.0917663574219,227.258056640625,-0.0718691274523735,-0.07490186393260956,1.4217724800109863,0.0,0.0,0.0,0,0
1786183695.5722125,6.2911230659956345,APPROACH,BSPLINE,/home/eunseop/nrs_imitation/checkpoints/bspline/polishing/single_cam/20260808_0153,317.4313659667969,297.7982177734375,203.710205078125,4.774064655066468e-05,9.927593055181205e-06,1.5624103546142578,0.08802511543035507,-0.19530875980854034,-0.08172183483839035,354.3709716796875,290.0917663574219,227.258056640625,-0.0718691274523735,-0.07490186393260956,1.4217724800109863,0.0,0.0,0.0,0,0
1786183695.5802064,6.29911671600712,APPROACH,BSPLINE,/home/eunseop/nrs_imitation/checkpoints/bspline/polishing/single_cam/20260808_0153,317.4456787109375,297.8167724609375,203.73013305664062,3.042032585653942e-05,-9.54186252783984e-05,1.5624583959579468,0.22519844770431519,-0.3913767337799072,-0.12188038229942322,354.3709716796875,290.0917663574219,227.258056640625,-0.0718691274523735,-0.07490186393260956,1.4217724800109863,0.0,0.0,0.0,0,0
1786183695.5880573,6.306967722004629,APPROACH,BSPLINE,/home/eunseop/nrs_imitation/checkpoints/bspline/polishing/single_cam/20260808_0153,317.4549560546875,297.8140869140625,203.74551391601562,2.4745604605413973e-05,-4.218222602503374e-05,1.5624343156814575,0.2072349488735199,-0.20939800143241882,0.3866417109966278,354.3709716796875,290.0917663574219,227.258056640625,-0.0718691274523735,-0.07490186393260956,1.4217724800109863,0.0,0.0,0.0,0,0
1786183695.5961142,6.315024591996917,APPROACH,BSPLINE,/home/eunseop/nrs_imitation/checkpoints/bspline/polishing/single_cam/20260808_0153,317.43463134765625,297.7935485839844,203.6946258544922,3.9993370592128485e-05,-7.096456556610065e-06,1.5624103546142578,0.43894973397254944,0.2544139623641968,0.09083016216754913,354.3709716796875,290.0917663574219,227.258056640625,-0.0718691274523735,-0.07490186393260956,1.4217724800109863,0.0,0.0,0.0,0,0
1786183695.6040952,6.323005697995541,APPROACH,BSPLINE,/home/eunseop/nrs_imitation/checkpoints/bspline/polishing/single_cam/20260808_0153,317.4463195800781,297.8417663574219,203.75160217285156,6.960171594982967e-05,-0.0001242436410393566,1.5624703168869019,0.18069903552532196,-0.3498837649822235,-0.16234704852104187,354.3709716796875,290.0917663574219,227.258056640625,-0.0718691274523735,-0.07490186393260956,1.4217724800109863,0.0,0.0,0.0,0,0
1786183695.6121323,6.331042780002463,APPROACH,BSPLINE,/home/eunseop/nrs_imitation/checkpoints/bspline/polishing/single_cam/20260808_0153,317.4415588378906,297.8194274902344,203.70953369140625,7.227904006867902e-06,-3.349009057274088e-05,1.5624583959579468,0.49395594000816345,-0.24773932993412018,-0.01850328966975212,354.3709716796875,290.0917663574219,227.258056640625,-0.0718691274523735,-0.07490186393260956,1.4217724800109863,0.0,0.0,0.0,0,0
1786183695.6201646,6.339075173003948,APPROACH,BSPLINE,/home/eunseop/nrs_imitation/checkpoints/bspline/polishing/single_cam/20260808_0153,317.4561462402344,297.81591796875,203.72283935546875,-8.205061021726578e-06,-6.808050238760188e-05,1.5624583959579468,0.3323354125022888,-0.11620097607374191,-0.15536262094974518,354.3709716796875,290.0917663574219,227.258056640625,-0.0718691274523735,-0.07490186393260956,1.4217724800109863,0.0,0.0,0.0,0,0
1786183695.628155,6.347065426001791,APPROACH,BSPLINE,/home/eunseop/nrs_imitation/checkpoints/bspline/polishing/single_cam/20260808_0153,317.4159240722656,297.8110046386719,203.72462463378906,6.16567995166406e-05,-2.722851058933884e-05,1.5624704360961914,0.13659054040908813,-0.1663132756948471,-0.23488034307956696,354.3709716796875,290.0917663574219,227.258056640625,-0.0718691274523735,-0.07490186393260956,1.4217724800109863,0.0,0.0,0.0,0,0
1786183695.6361554,6.355065818002913,APPROACH,BSPLINE,/home/eunseop/nrs_imitation/checkpoints/bspline/polishing/single_cam/20260808_0153,317.4446105957031,297.8143005371094,203.72206115722656,-9.611760106054135e-06,-2.6238523787469603e-05,1.5625183582305908,0.2635264992713928,-0.34983107447624207,0.218167245388031,354.3709716796875,290.0917663574219,227.258056640625,-0.0718691274523735,-0.07490186393260956,1.4217724800109863,0.0,0.0,0.0,0,0
1786183695.644152,6.3630622630007565,APPROACH,BSPLINE,/home/eunseop/nrs_imitation/checkpoints/bspline/polishing/single_cam/20260808_0153,317.4562683105469,297.8166809082031,203.73580932617188,2.596621743577998e-05,-8.352840086445212e-05,1.562434434890747,0.1945929378271103,-0.6231278777122498,-0.4206642210483551,354.3709716796875,290.0917663574219,227.258056640625,-0.0718691274523735,-0.07490186393260956,1.4217724800109863,0.0,0.0,0.0,0,0
1786183695.6529782,6.371888466004748,APPROACH,BSPLINE,/home/eunseop/nrs_imitation/checkpoints/bspline/polishing/single_cam/20260808_0153,317.4560241699219,297.78125,203.71815490722656,-3.3468552373960847e-07,-5.1009355956921354e-05,1.562386393547058,0.25262904167175293,-0.26183655858039856,0.030260466039180756,354.3709716796875,290.0917663574219,227.258056640625,-0.0718691274523735,-0.07490186393260956,1.4217724800109863,0.0,0.0,0.0,0,0
1786183695.660086,6.378996400002507,APPROACH,BSPLINE,/home/eunseop/nrs_imitation/checkpoints/bspline/polishing/single_cam/20260808_0153,317.4446105957031,297.8260498046875,203.7267608642578,3.060649396502413e-05,-9.59140234044753e-05,1.5624704360961914,0.29444679617881775,-0.1630644053220749,0.03613319620490074,354.3709716796875,290.0917663574219,227.258056640625,-0.0718691274523735,-0.07490186393260956,1.4217724800109863,0.0,0.0,0.0,0,0
1786183695.6680596,6.386969940998824,APPROACH,BSPLINE,/home/eunseop/nrs_imitation/checkpoints/bspline/polishing/single_cam/20260808_0153,317.4356689453125,297.8304748535156,203.73580932617188,6.337145896395668e-05,-6.952088006073609e-05,1.5624823570251465,0.34928959608078003,-0.27076277136802673,0.2789117991924286,354.3709716796875,290.0917663574219,227.258056640625,-0.0718691274523735,-0.07490186393260956,1.4217724800109863,0.0,0.0,0.0,0,0
1786183695.6770458,6.395956230000593,APPROACH,BSPLINE,/home/eunseop/nrs_imitation/checkpoints/bspline/polishing/single_cam/20260808_0153,317.438720703125,297.8127746582031,203.6931915283203,-2.694451904972084e-05,-1.804302337404806e-05,1.5624823570251465,-0.04915161058306694,-0.6507912874221802,0.026107506826519966,354.3709716796875,290.0917663574219,227.258056640625,-0.0718691274523735,-0.07490186393260956,1.4217724800109863,0.0,0.0,0.0,0,0
1786183695.6842456,6.403155888998299,APPROACH,BSPLINE,/home/eunseop/nrs_imitation/checkpoints/bspline/polishing/single_cam/20260808_0153,317.4400939941406,297.80517578125,203.7344970703125,4.622338019544259e-05,-6.181913340697065e-05,1.5624223947525024,0.28599247336387634,-0.08591913431882858,0.12707984447479248,354.3709716796875,290.0917663574219,227.258056640625,-0.0718691274523735,-0.07490186393260956,1.4217724800109863,0.0,0.0,0.0,0,0
1786183695.6920636,6.410973792008008,APPROACH,BSPLINE,/home/eunseop/nrs_imitation/checkpoints/bspline/polishing/single_cam/20260808_0153,317.4355773925781,297.80670166015625,203.7099151611328,1.9922446881537326e-05,-2.930082155216951e-05,1.5624703168869019,0.19249792397022247,-0.12463291734457016,0.26673009991645813,354.3709716796875,290.0917663574219,227.258056640625,-0.0718691274523735,-0.07490186393260956,1.4217724800109863,0.0,0.0,0.0,0,0
1786183695.7004533,6.419363609995344,APPROACH,BSPLINE,/home/eunseop/nrs_imitation/checkpoints/bspline/polishing/single_cam/20260808_0153,317.4432373046875,297.82305908203125,203.71571350097656,1.6505331586813554e-05,-5.826135748066008e-05,1.5624583959579468,0.2061646431684494,-0.10266667604446411,-0.11454230546951294,354.3709716796875,290.0917663574219,227.258056640625,-0.0718691274523735,-0.07490186393260956,1.4217724800109863,0.0,0.0,0.0,0,0
1786183695.708125,6.427035733999219,APPROACH,BSPLINE,/home/eunseop/nrs_imitation/checkpoints/bspline/polishing/single_cam/20260808_0153,317.4439697265625,297.80194091796875,203.7412872314453,4.622292908607051e-05,-6.181930802995339e-05,1.5624103546142578,0.2641335427761078,-0.4469698667526245,-0.5160819292068481,354.3709716796875,290.0917663574219,227.258056640625,-0.0718691274523735,-0.07490186393260956,1.4217724800109863,0.0,0.0,0.0,0,0
1786183695.7160988,6.435009313994669,APPROACH,BSPLINE,/home/eunseop/nrs_imitation/checkpoints/bspline/polishing/single_cam/20260808_0153,317.44561767578125,297.8165283203125,203.72625732421875,4.304873073124327e-06,-6.3395629695151e-05,1.5624704360961914,0.3242998421192169,-0.541447103023529,-0.4419478476047516,354.3709716796875,290.0917663574219,227.258056640625,-0.0718691274523735,-0.07490186393260956,1.4217724800109863,0.0,0.0,0.0,0,0
1786183695.7240984,6.443009024995263,APPROACH,BSPLINE,/home/eunseop/nrs_imitation/checkpoints/bspline/polishing/single_cam/20260808_0153,317.433349609375,297.81304931640625,203.70510864257812,2.774997028609505e-06,-2.1599851606879383e-05,1.5624582767486572,0.34993085265159607,-0.061513591557741165,0.28582265973091125,354.3709716796875,290.0917663574219,227.258056640625,-0.0718691274523735,-0.07490186393260956,1.4217724800109863,0.0,0.0,0.0,0,0
1786183695.7321095,6.451019997999538,APPROACH,BSPLINE,/home/eunseop/nrs_imitation/checkpoints/bspline/polishing/single_cam/20260808_0153,317.44610595703125,297.82958984375,203.73526000976562,4.793788684764877e-05,-0.00010411158291390166,1.5624942779541016,0.4972892701625824,-0.0030139959417283535,0.7349987030029297,354.3709716796875,290.0917663574219,227.258056640625,-0.0718691274523735,-0.07490186393260956,1.4217724800109863,0.0,0.0,0.0,0,0
1786183695.7402372,6.459148074005498,APPROACH,BSPLINE,/home/eunseop/nrs_imitation/checkpoints/bspline/polishing/single_cam/20260808_0153,317.444580078125,297.8031311035156,203.72256469726562,2.901316838688217e-05,-5.357703776098788e-05,1.5624463558197021,0.2058088630437851,-0.41433900594711304,-0.07838873565196991,354.3709716796875,290.0917663574219,227.258056640625,-0.0718691274523735,-0.07490186393260956,1.4217724800109863,0.0,0.0,0.0,0,0
1786183695.7480526,6.466962870996213,APPROACH,BSPLINE,/home/eunseop/nrs_imitation/checkpoints/bspline/polishing/single_cam/20260808_0153,317.41510009765625,297.8089294433594,203.68844604492188,3.071631726925261e-05,1.7675934941507876e-05,1.5624703168869019,0.21490009129047394,-0.33575254678726196,0.1248062327504158,354.3709716796875,290.0917663574219,227.258056640625,-0.0718691274523735,-0.07490186393260956,1.4217724800109863,0.0,0.0,0.0,0,0
1786183695.7560964,6.475006727006985,APPROACH,BSPLINE,/home/eunseop/nrs_imitation/checkpoints/bspline/polishing/single_cam/20260808_0153,317.4457702636719,297.80584716796875,203.7239532470703,4.603710112860426e-05,-6.132425914984196e-05,1.5624223947525024,0.13036896288394928,-0.27184268832206726,0.21815219521522522,354.3709716796875,290.0917663574219,227.258056640625,-0.0718691274523735,-0.07490186393260956,1.4217724800109863,0.0,0.0,0.0,0,0
1786183695.7640448,6.482955200001015,APPROACH,BSPLINE,/home/eunseop/nrs_imitation/checkpoints/bspline/polishing/single_cam/20260808_0153,317.4325866699219,297.846435546875,203.72564697265625,3.866495899274014e-05,-7.933806773507968e-05,1.5624942779541016,0.2626851797103882,-0.2701049745082855,-0.5228718519210815,354.3709716796875,290.0917663574219,227.258056640625,-0.0718691274523735,-0.07490186393260956,1.4217724800109863,0.0,0.0,0.0,0,0
1786183695.7729514,6.49186171600013,APPROACH,BSPLINE,/home/eunseop/nrs_imitation/checkpoints/bspline/polishing/single_cam/20260808_0153,317.4207458496094,297.79779052734375,203.69187927246094,1.82070980372373e-05,1.2990446521143895e-05,1.5624823570251465,0.34720247983932495,-0.3492525815963745,0.14120079576969147,354.3709716796875,290.0917663574219,227.258056640625,-0.0718691274523735,-0.07490186393260956,1.4217724800109863,0.0,0.0,0.0,0,0
1786183695.7800786,6.498988977007684,APPROACH,BSPLINE,/home/eunseop/nrs_imitation/checkpoints/bspline/polishing/single_cam/20260808_0153,317.4293212890625,297.8514404296875,203.745361328125,7.26517173461616e-05,-9.428983321413398e-05,1.5624823570251465,0.15355966985225677,-0.07198084145784378,-0.020063091069459915,354.3709716796875,290.0917663574219,227.258056640625,-0.0718691274523735,-0.07490186393260956,1.4217724800109863,0.0,0.0,0.0,0,0
1786183695.7880654,6.506975833006436,APPROACH,BSPLINE,/home/eunseop/nrs_imitation/checkpoints/bspline/polishing/single_cam/20260808_0153,317.4326171875,297.8005065917969,203.7085418701172,2.766965189948678e-05,-1.2276173947611824e-05,1.5624223947525024,0.3287132680416107,-0.4090782403945923,-0.3671884834766388,354.3709716796875,290.0917663574219,227.258056640625,-0.0718691274523735,-0.07490186393260956,1.4217724800109863,0.0,0.0,0.0,0,0
1786183695.7960732,6.514983710003435,APPROACH,BSPLINE,/home/eunseop/nrs_imitation/checkpoints/bspline/polishing/single_cam/20260808_0153,317.4314270019531,297.8205261230469,203.7113037109375,1.2053020327584818e-05,-4.637100937543437e-05,1.5624703168869019,0.00042828565347008407,-0.20997804403305054,0.29333701729774475,354.3709716796875,290.0917663574219,227.258056640625,-0.0718691274523735,-0.07490186393260956,1.4217724800109863,0.0,0.0,0.0,0,0
1786183695.804114,6.523037003003992,APPROACH,BSPLINE,/home/eunseop/nrs_imitation/checkpoints/bspline/polishing/single_cam/20260808_0153,317.4421691894531,297.8443908691406,203.72608947753906,6.477788701886311e-05,-0.00011136284592794254,1.5624943971633911,0.15321162343025208,-0.07286138087511063,0.1487850695848465,354.3709716796875,290.0917663574219,227.258056640625,-0.0718691274523735,-0.07490186393260956,1.4217724800109863,0.0,0.0,0.0,0,0
1786183695.8123252,6.531235795002431,APPROACH,BSPLINE,/home/eunseop/nrs_imitation/checkpoints/bspline/polishing/single_cam/20260808_0153,317.46258544921875,297.8180847167969,203.73580932617188,-1.1313620234432165e-05,-9.74904396571219e-05,1.5624583959579468,0.2188272625207901,-0.27994704246520996,-0.1114257276058197,354.3709716796875,290.0917663574219,227.258056640625,-0.0718691274523735,-0.07490186393260956,1.4217724800109863,0.0,0.0,0.0,0,0
1786183695.8200483,6.5389587259996915,APPROACH,BSPLINE,/home/eunseop/nrs_imitation/checkpoints/bspline/polishing/single_cam/20260808_0153,317.46258544921875,297.8180847167969,203.73580932617188,-1.1313620234432165e-05,-9.74904396571219e-05,1.5624583959579468,0.2052551507949829,-0.3832240700721741,-0.2297147661447525,354.3709716796875,290.0917663574219,227.258056640625,-0.0718691274523735,-0.07490186393260956,1.4217724800109863,0.0,0.0,0.0,0,0
1786183695.828126,6.5470365270011825,APPROACH,BSPLINE,/home/eunseop/nrs_imitation/checkpoints/bspline/polishing/single_cam/20260808_0153,317.451416015625,297.80548095703125,203.7273712158203,-1.6136173144332133e-05,-8.460947719868273e-05,1.5624463558197021,0.037855204194784164,-0.6338326930999756,0.07759872078895569,354.3709716796875,290.0917663574219,227.258056640625,-0.0718691274523735,-0.07490186393260956,1.4217724800109863,0.0,0.0,0.0,0,0
1786183695.8361511,6.555061506005586,APPROACH,BSPLINE,/home/eunseop/nrs_imitation/checkpoints/bspline/polishing/single_cam/20260808_0153,317.4302062988281,297.84173583984375,203.74200439453125,7.265147723956034e-05,-9.428952762391418e-05,1.5624582767486572,0.2739955186843872,-0.5363652110099792,-0.19938483834266663,354.3709716796875,290.0917663574219,227.258056640625,-0.0718691274523735,-0.07490186393260956,1.4217724800109863,0.0,0.0,0.0,0,0
1786183695.8441117,6.563022012007423,APPROACH,BSPLINE,/home/eunseop/nrs_imitation/checkpoints/bspline/polishing/single_cam/20260808_0153,317.450927734375,297.8045349121094,203.72256469726562,-8.3914410424768e-06,-6.758519157301635e-05,1.5624823570251465,0.4465334117412567,-0.1504504531621933,-0.23689691722393036,354.3709716796875,290.0917663574219,227.258056640625,-0.0718691274523735,-0.07490186393260956,1.4217724800109863,0.0,0.0,0.0,0,0
1786183695.8521395,6.571050077007385,APPROACH,BSPLINE,/home/eunseop/nrs_imitation/checkpoints/bspline/polishing/single_cam/20260808_0153,317.458984375,297.8219299316406,203.73580932617188,-1.1313051800243556e-05,-9.749067248776555e-05,1.5624704360961914,0.3794245719909668,-0.1697872430086136,-0.19043312966823578,354.3709716796875,290.0917663574219,227.258056640625,-0.0718691274523735,-0.07490186393260956,1.4217724800109863,0.0,0.0,0.0,0,0
1786183695.8601542,6.579064516001381,APPROACH,BSPLINE,/home/eunseop/nrs_imitation/checkpoints/bspline/polishing/single_cam/20260808_0153,317.43695068359375,297.8101501464844,203.69688415527344,3.554072100087069e-05,4.793591870111413e-06,1.5624463558197021,0.49602413177490234,-0.5918406844139099,-0.6768054962158203,354.3709716796875,290.0917663574219,227.258056640625,-0.0718691274523735,-0.07490186393260956,1.4217724800109863,0.0,0.0,0.0,0,0
1786183695.8680642,6.586974666002789,APPROACH,BSPLINE,/home/eunseop/nrs_imitation/checkpoints/bspline/polishing/single_cam/20260808_0153,317.4459533691406,297.8409729003906,203.7447509765625,6.941806350369006e-05,-0.0001237463584402576,1.5624343156814575,0.25520920753479004,-0.31709450483322144,-0.7013603448867798,354.3709716796875,290.0917663574219,227.258056640625,-0.0718691274523735,-0.07490186393260956,1.4217724800109863,0.0,0.0,0.0,0,0
1786183695.8761954,6.595105828004307,APPROACH,BSPLINE,/home/eunseop/nrs_imitation/checkpoints/bspline/polishing/single_cam/20260808_0153,317.437255859375,297.7979431152344,203.72323608398438,-1.76672783709364e-05,-4.281404471839778e-05,1.5624823570251465,0.23732659220695496,-0.2352302521467209,-0.8037814497947693,354.3709716796875,290.0917663574219,227.258056640625,-0.0718691274523735,-0.07490186393260956,1.4217724800109863,0.0,0.0,0.0,0,0
1786183695.884061,6.6029716019984335,APPROACH,BSPLINE,/home/eunseop/nrs_imitation/checkpoints/bspline/polishing/single_cam/20260808_0153,317.4508972167969,297.8163757324219,203.72052001953125,8.756198440096341e-06,-7.528633432229981e-05,1.5624942779541016,0.3703204095363617,-0.46083733439445496,-0.39311304688453674,354.3709716796875,290.0917663574219,227.258056640625,-0.0718691274523735,-0.07490186393260956,1.4217724800109863,0.0,0.0,0.0,0,0
1786183695.892239,6.611149705000571,APPROACH,BSPLINE,/home/eunseop/nrs_imitation/checkpoints/bspline/polishing/single_cam/20260808_0153,317.44305419921875,297.82293701171875,203.71803283691406,2.4561153622926213e-05,-4.168634404777549e-05,1.5624583959579468,0.2481136918067932,-0.2730381488800049,-0.1420120894908905,354.3709716796875,290.0917663574219,227.258056640625,-0.0718691274523735,-0.07490186393260956,1.4217724800109863,0.0,0.0,0.0,0,0
1786183695.9001741,6.619084542006021,APPROACH,BSPLINE,/home/eunseop/nrs_imitation/checkpoints/bspline/polishing/single_cam/20260808_0153,317.44268798828125,297.8226318359375,203.75933837890625,7.283248851308599e-05,-9.478844731347635e-05,1.5624583959579468,0.2283775955438614,-0.22148427367210388,0.13645422458648682,354.3709716796875,290.0917663574219,227.258056640625,-0.0718691274523735,-0.07490186393260956,1.4217724800109863,0.0,0.0,0.0,0,0
1786183695.9080431,6.626953622006113,APPROACH,BSPLINE,/home/eunseop/nrs_imitation/checkpoints/bspline/polishing/single_cam/20260808_0153,317.4176330566406,297.8149719238281,203.7099151611328,6.971311086090282e-05,-1.0654057405190542e-05,1.5624703168869019,0.13594582676887512,-0.006172879599034786,-0.2097730189561844,354.3709716796875,290.0917663574219,227.258056640625,-0.0718691274523735,-0.07490186393260956,1.4217724800109863,0.0,0.0,0.0,0,0
1786183695.9161253,6.635035761006293,APPROACH,BSPLINE,/home/eunseop/nrs_imitation/checkpoints/bspline/polishing/single_cam/20260808_0153,317.43951416015625,297.8269958496094,203.73382568359375,5.5500677262898535e-05,-8.659100421937183e-05,1.5624703168869019,0.2889550030231476,-0.4844519793987274,-0.31947678327560425,354.3709716796875,290.0917663574219,227.258056640625,-0.0718691274523735,-0.07490186393260956,1.4217724800109863,0.0,0.0,0.0,0,0
1786183695.9241633,6.643073825005558,APPROACH,BSPLINE,/home/eunseop/nrs_imitation/checkpoints/bspline/polishing/single_cam/20260808_0153,317.4297180175781,297.8165588378906,203.7259979248047,4.120847734156996e-06,-6.290030432865024e-05,1.5624942779541016,0.2530345916748047,-0.13374797999858856,-0.4807239770889282,354.3709716796875,290.0917663574219,227.258056640625,-0.0718691274523735,-0.07490186393260956,1.4217724800109863,0.0,0.0,0.0,0,0
1786183695.9340968,6.653007176995743,APPROACH,BSPLINE,/home/eunseop/nrs_imitation/checkpoints/bspline/polishing/single_cam/20260808_0153,317.42510986328125,297.80731201171875,203.71334838867188,3.2308573281625286e-05,-2.4661701900186017e-05,1.5624583959579468,0.36689645051956177,-0.30295827984809875,0.33963844180107117,354.3709716796875,290.0917663574219,227.258056640625,-0.0718691274523735,-0.07490186393260956,1.4217724800109863,0.0,0.0,0.0,0,0
1786183695.9401138,6.6590242340025725,APPROACH,BSPLINE,/home/eunseop/nrs_imitation/checkpoints/bspline/polishing/single_cam/20260808_0153,317.4258117675781,297.8319396972656,203.71664428710938,3.230887887184508e-05,-2.4661629140609875e-05,1.5624943971633911,0.11494583636522293,-0.10453669726848602,0.18178483843803406,354.3709716796875,290.0917663574219,227.258056640625,-0.0718691274523735,-0.07490186393260956,1.4217724800109863,0.0,0.0,0.0,0,0
1786183695.9480984,6.667008885007817,APPROACH,BSPLINE,/home/eunseop/nrs_imitation/checkpoints/bspline/polishing/single_cam/20260808_0153,317.4242248535156,297.8167419433594,203.69601440429688,1.973752114281524e-05,-2.8805177862523124e-05,1.5625063180923462,0.5075526237487793,-0.2507583200931549,-0.22907474637031555,354.3709716796875,290.0917663574219,227.258056640625,-0.0718691274523735,-0.07490186393260956,1.4217724800109863,0.0,0.0,0.0,0,0
1786183695.956152,6.6750625999993645,APPROACH,BSPLINE,/home/eunseop/nrs_imitation/checkpoints/bspline/polishing/single_cam/20260808_0153,317.437744140625,297.8231201171875,203.73924255371094,5.086290184408426e-05,-7.420442125294358e-05,1.5624463558197021,0.12726664543151855,-0.49424484372138977,-0.08402390778064728,354.3709716796875,290.0917663574219,227.258056640625,-0.0718691274523735,-0.07490186393260956,1.4217724800109863,0.0,0.0,0.0,0,0
1786183695.964089,6.682999170006951,APPROACH,BSPLINE,/home/eunseop/nrs_imitation/checkpoints/bspline/polishing/single_cam/20260808_0153,317.45111083984375,297.8052978515625,203.70814514160156,-9.797231541597284e-06,-2.57429219345795e-05,1.5624704360961914,-0.0848691463470459,-0.17212466895580292,-0.015226366929709911,354.3709716796875,290.0917663574219,227.258056640625,-0.0718691274523735,-0.07490186393260956,1.4217724800109863,0.0,0.0,0.0,0,0
1786183695.9722064,6.691116835994762,APPROACH,BSPLINE,/home/eunseop/nrs_imitation/checkpoints/bspline/polishing/single_cam/20260808_0153,317.4263610839844,297.8331604003906,203.730224609375,3.23087842843961e-05,-2.466186197125353e-05,1.5625063180923462,0.32664427161216736,-0.4899168312549591,0.4284747838973999,354.3709716796875,290.0917663574219,227.258056640625,-0.0718691274523735,-0.07490186393260956,1.4217724800109863,0.0,0.0,0.0,0,0
1786183695.9801934,6.699103823004407,APPROACH,BSPLINE,/home/eunseop/nrs_imitation/checkpoints/bspline/polishing/single_cam/20260808_0153,317.4256286621094,297.8203125,203.72488403320312,4.9456324632046744e-05,-3.236363045289181e-05,1.5625063180923462,0.002729749772697687,-0.4089468717575073,0.15498559176921844,354.3709716796875,290.0917663574219,227.258056640625,-0.0718691274523735,-0.07490186393260956,1.4217724800109863,0.0,0.0,0.0,0,0
1786183695.9880643,6.706974726999761,APPROACH,BSPLINE,/home/eunseop/nrs_imitation/checkpoints/bspline/polishing/single_cam/20260808_0153,317.41595458984375,297.8225402832031,203.70677185058594,4.7740599256940186e-05,9.929376574291382e-06,1.5624582767486572,0.45373979210853577,-0.3759274184703827,-0.306669145822525,354.3709716796875,290.0917663574219,227.258056640625,-0.0718691274523735,-0.07490186393260956,1.4217724800109863,0.0,0.0,0.0,0,0
1786183695.9962065,6.715116991006653,APPROACH,BSPLINE,/home/eunseop/nrs_imitation/checkpoints/bspline/polishing/single_cam/20260808_0153,317.42626953125,297.7981872558594,203.71678161621094,3.230846778023988e-05,-2.466162186465226e-05,1.5624343156814575,0.2837105393409729,-0.13056200742721558,-0.4484982192516327,354.3709716796875,290.0917663574219,227.258056640625,-0.0718691274523735,-0.07490186393260956,1.4217724800109863,0.0,0.0,0.0,0,0
1786183696.0041556,6.723066235004808,APPROACH,BSPLINE,/home/eunseop/nrs_imitation/checkpoints/bspline/polishing/single_cam/20260808_0153,317.4580383300781,297.8087463378906,203.72052001953125,8.756142051424831e-06,-7.528584683313966e-05,1.5624463558197021,0.3101813495159149,-0.2922443747520447,-0.4663800299167633,354.3709716796875,290.0917663574219,227.258056640625,-0.0718691274523735,-0.07490186393260956,1.4217724800109863,0.0,0.0,0.0,0,0
1786183696.0121996,6.731110181004624,APPROACH,BSPLINE,/home/eunseop/nrs_imitation/checkpoints/bspline/polishing/single_cam/20260808_0153,317.4284973144531,297.80340576171875,203.7037353515625,3.5540750104701146e-05,4.793813786818646e-06,1.5624583959579468,0.4857836067676544,-0.37766340374946594,-0.005782782100141048,354.3709716796875,290.0917663574219,227.258056640625,-0.0718691274523735,-0.07490186393260956,1.4217724800109863,0.0,0.0,0.0,0,0
1786183696.020088,6.738998579006875,APPROACH,BSPLINE,/home/eunseop/nrs_imitation/checkpoints/bspline/polishing/single_cam/20260808_0153,317.4371643066406,297.79864501953125,203.70370483398438,3.383783405297436e-05,-6.64578183204867e-05,1.5624464750289917,0.40643903613090515,-0.24049510061740875,0.400659441947937,354.3709716796875,290.0917663574219,227.258056640625,-0.0718691274523735,-0.07490186393260956,1.4217724800109863,0.0,0.0,0.0,0,0
1786183696.0282087,6.747119150997605,APPROACH,BSPLINE,/home/eunseop/nrs_imitation/checkpoints/bspline/polishing/single_cam/20260808_0153,317.4371643066406,297.79864501953125,203.70370483398438,3.383783405297436e-05,-6.64578183204867e-05,1.5624464750289917,0.2994714379310608,-0.243901789188385,-0.6605415344238281,354.3709716796875,290.0917663574219,227.258056640625,-0.0718691274523735,-0.07490186393260956,1.4217724800109863,0.0,0.0,0.0,0,0
1786183696.036089,6.754999262993806,APPROACH,BSPLINE,/home/eunseop/nrs_imitation/checkpoints/bspline/polishing/single_cam/20260808_0153,317.4269714355469,297.81134033203125,203.7259979248047,4.140000237384811e-05,-4.893819641438313e-05,1.5624823570251465,0.08119253069162369,-0.41735923290252686,-0.27188724279403687,354.3709716796875,290.0917663574219,227.258056640625,-0.0718691274523735,-0.07490186393260956,1.4217724800109863,0.0,0.0,0.0,0,0
1786183696.0440981,6.763008522000746,APPROACH,BSPLINE,/home/eunseop/nrs_imitation/checkpoints/bspline/polishing/single_cam/20260808_0153,317.4269714355469,297.81134033203125,203.7259979248047,4.140000237384811e-05,-4.893819641438313e-05,1.5624823570251465,0.247410386800766,-0.3869839012622833,-0.10321265459060669,354.3709716796875,290.0917663574219,227.258056640625,-0.0718691274523735,-0.07490186393260956,1.4217724800109863,0.0,0.0,0.0,0,0
1786183696.052083,6.770993284008,APPROACH,BSPLINE,/home/eunseop/nrs_imitation/checkpoints/bspline/polishing/single_cam/20260808_0153,317.442626953125,297.7865295410156,203.68707275390625,-3.62219761882443e-05,6.728831522195833e-06,1.5624463558197021,0.35943347215652466,-0.01760735549032688,0.4171338379383087,354.3709716796875,290.0917663574219,227.258056640625,-0.0718691274523735,-0.07490186393260956,1.4217724800109863,0.0,0.0,0.0,0,0
1786183696.0600882,6.778998485999182,APPROACH,BSPLINE,/home/eunseop/nrs_imitation/checkpoints/bspline/polishing/single_cam/20260808_0153,317.46221923828125,297.8178405761719,203.73526000976562,2.304221379745286e-05,-0.00011343396181473508,1.5624463558197021,0.32782411575317383,-0.056325968354940414,0.2363603115081787,354.3709716796875,290.0917663574219,227.258056640625,-0.0718691274523735,-0.07490186393260956,1.4217724800109863,0.0,0.0,0.0,0,0
1786183696.068049,6.786959361998015,APPROACH,BSPLINE,/home/eunseop/nrs_imitation/checkpoints/bspline/polishing/single_cam/20260808_0153,317.4281005859375,297.8138122558594,203.71157836914062,2.7484235033625737e-05,-1.1781196008087136e-05,1.5624943971633911,-0.0211725402623415,-0.22453619539737701,0.5387840270996094,354.3709716796875,290.0917663574219,227.258056640625,-0.0718691274523735,-0.07490186393260956,1.4217724800109863,0.0,0.0,0.0,0,0
1786183696.076106,6.795016482996289,APPROACH,BSPLINE,/home/eunseop/nrs_imitation/checkpoints/bspline/polishing/single_cam/20260808_0153,317.4326171875,297.8119812011719,203.7273712158203,4.60390183434356e-05,-6.132297858130187e-05,1.5624343156814575,-0.031696271151304245,0.09188498556613922,6.211817435541889e-06,354.3709716796875,290.0917663574219,227.258056640625,-0.0718691274523735,-0.07490186393260956,1.4217724800109863,0.0,0.0,0.0,0,0
1786183696.084155,6.803065689004143,APPROACH,BSPLINE,/home/eunseop/nrs_imitation/checkpoints/bspline/polishing/single_cam/20260808_0153,317.46966552734375,297.83349609375,203.76065063476562,2.786007371469168e-06,-0.0001351434038951993,1.5624823570251465,0.3733028173446655,-0.4728456139564514,-0.14806008338928223,354.3709716796875,290.0917663574219,227.258056640625,-0.0718691274523735,-0.07490186393260956,1.4217724800109863,0.0,0.0,0.0,0,0
1786183696.0920708,6.810981337999692,APPROACH,BSPLINE,/home/eunseop/nrs_imitation/checkpoints/bspline/polishing/single_cam/20260808_0153,317.44830322265625,297.7991943359375,203.7163848876953,-5.158880867384141e-06,-3.812871364061721e-05,1.5624704360961914,0.4992821514606476,-0.23863238096237183,-0.1559390127658844,354.3709716796875,290.0917663574219,227.258056640625,-0.0718691274523735,-0.07490186393260956,1.4217724800109863,0.0,0.0,0.0,0,0
1786183696.1000485,6.81895908700244,APPROACH,BSPLINE,/home/eunseop/nrs_imitation/checkpoints/bspline/polishing/single_cam/20260808_0153,317.44793701171875,297.7980651855469,203.71731567382812,-2.675916584848892e-05,-1.8537875803303905e-05,1.5624463558197021,0.3601732850074768,-0.3308533728122711,0.20067116618156433,354.3709716796875,290.0917663574219,227.258056640625,-0.0718691274523735,-0.07490186393260956,1.4217724800109863,0.0,0.0,0.0,0,0
1786183696.1080365,6.8269470460072625,APPROACH,BSPLINE,/home/eunseop/nrs_imitation/checkpoints/bspline/polishing/single_cam/20260808_0153,317.43072509765625,297.7958679199219,203.7009735107422,-1.1141329196107108e-05,1.5557106962660328e-05,1.5624704360961914,0.40144747495651245,-0.19465740025043488,0.2619752883911133,354.3709716796875,290.0917663574219,227.258056640625,-0.0718691274523735,-0.07490186393260956,1.4217724800109863,0.0,0.0,0.0,0,0
1786183696.1160967,6.835007301997393,APPROACH,BSPLINE,/home/eunseop/nrs_imitation/checkpoints/bspline/polishing/single_cam/20260808_0153,317.42437744140625,297.8406982421875,203.72195434570312,6.337364175124094e-05,-6.951909745112062e-05,1.5624943971633911,0.29365110397338867,-0.6576103568077087,0.1293569803237915,354.3709716796875,290.0917663574219,227.258056640625,-0.0718691274523735,-0.07490186393260956,1.4217724800109863,0.0,0.0,0.0,0,0
1786183696.1241155,6.843026100003044,APPROACH,BSPLINE,/home/eunseop/nrs_imitation/checkpoints/bspline/polishing/single_cam/20260808_0153,317.42266845703125,297.8364562988281,203.73304748535156,2.9201577490312047e-05,-5.4071599151939154e-05,1.5625183582305908,0.2982260286808014,-0.19839002192020416,0.31831496953964233,354.3709716796875,290.0917663574219,227.258056640625,-0.0718691274523735,-0.07490186393260956,1.4217724800109863,0.0,0.0,0.0,0,0
1786183696.1322122,6.851122805994237,APPROACH,BSPLINE,/home/eunseop/nrs_imitation/checkpoints/bspline/polishing/single_cam/20260808_0153,317.44415283203125,297.8129577636719,203.7296905517578,-8.204691766877659e-06,-6.808088073739782e-05,1.5624942779541016,0.3147161304950714,-0.06340675801038742,0.46047356724739075,354.3709716796875,290.0917663574219,227.258056640625,-0.0718691274523735,-0.07490186393260956,1.4217724800109863,0.0,0.0,0.0,0,0
1786183696.1401637,6.859073914005421,APPROACH,BSPLINE,/home/eunseop/nrs_imitation/checkpoints/bspline/polishing/single_cam/20260808_0153,317.4367980957031,297.82110595703125,203.7234344482422,3.2308085792465135e-05,-2.4662558644195087e-05,1.5624823570251465,0.010992567986249924,-0.46352696418762207,-0.2862836420536041,354.3709716796875,290.0917663574219,227.258056640625,-0.0718691274523735,-0.07490186393260956,1.4217724800109863,0.0,0.0,0.0,0,0
1786183696.1482282,6.867138519999571,APPROACH,BSPLINE,/home/eunseop/nrs_imitation/checkpoints/bspline/polishing/single_cam/20260808_0153,317.432373046875,297.82281494140625,203.7239532470703,3.3653981518000364e-05,-6.596179446205497e-05,1.5624703168869019,0.31290555000305176,-0.4358006417751312,-0.21684493124485016,354.3709716796875,290.0917663574219,227.258056640625,-0.0718691274523735,-0.07490186393260956,1.4217724800109863,0.0,0.0,0.0,0,0
1786183696.156045,6.874955460007186,APPROACH,BSPLINE,/home/eunseop/nrs_imitation/checkpoints/bspline/polishing/single_cam/20260808_0153,317.4544677734375,297.8125915527344,203.72052001953125,8.757482646615244e-06,-7.52855630707927e-05,1.562434434890747,0.13169479370117188,-0.0667525976896286,0.06532305479049683,354.3709716796875,290.0917663574219,227.258056640625,-0.0718691274523735,-0.07490186393260956,1.4217724800109863,0.0,0.0,0.0,0,0
1786183696.1642044,6.883114776996081,APPROACH,BSPLINE,/home/eunseop/nrs_imitation/checkpoints/bspline/polishing/single_cam/20260808_0153,317.446533203125,297.81915283203125,203.74542236328125,6.013828533468768e-05,-9.897661948343739e-05,1.562434434890747,0.432736337184906,-0.21293693780899048,0.37341800332069397,354.3709716796875,290.0917663574219,227.258056640625,-0.0718691274523735,-0.07490186393260956,1.4217724800109863,0.0,0.0,0.0,0,0
1786183696.1721356,6.891046717995778,APPROACH,BSPLINE,/home/eunseop/nrs_imitation/checkpoints/bspline/polishing/single_cam/20260808_0153,317.4613952636719,297.8157653808594,203.72901916503906,1.070404437086836e-06,-9.285204578191042e-05,1.5624704360961914,0.15179210901260376,-0.3778153657913208,-0.21739238500595093,354.3709716796875,290.0917663574219,227.258056640625,-0.0718691274523735,-0.07490186393260956,1.4217724800109863,0.0,0.0,0.0,0,0
1786183696.1801608,6.899071285995888,APPROACH,BSPLINE,/home/eunseop/nrs_imitation/checkpoints/bspline/polishing/single_cam/20260808_0153,317.4364929199219,297.8199157714844,203.7406768798828,3.060659582843073e-05,-9.591433627065271e-05,1.5624942779541016,0.32707834243774414,-0.24246764183044434,0.08649894595146179,354.3709716796875,290.0917663574219,227.258056640625,-0.0718691274523735,-0.07490186393260956,1.4217724800109863,0.0,0.0,0.0,0,0
1786183696.1880717,6.906982066997443,APPROACH,BSPLINE,/home/eunseop/nrs_imitation/checkpoints/bspline/polishing/single_cam/20260808_0153,317.43402099609375,297.80255126953125,203.73036193847656,-1.7481208487879485e-05,-4.3309682951075956e-05,1.5624823570251465,0.31800609827041626,-0.46338605880737305,-0.024493593722581863,354.3709716796875,290.0917663574219,227.258056640625,-0.0718691274523735,-0.07490186393260956,1.4217724800109863,0.0,0.0,0.0,0,0
1786183696.1961048,6.915015032005613,APPROACH,BSPLINE,/home/eunseop/nrs_imitation/checkpoints/bspline/polishing/single_cam/20260808_0153,317.44403076171875,297.7895812988281,203.68646240234375,-2.6945168428937905e-05,-1.8042052033706568e-05,1.5624823570251465,0.5889084339141846,-0.22298477590084076,-0.12609298527240753,354.3709716796875,290.0917663574219,227.258056640625,-0.0718691274523735,-0.07490186393260956,1.4217724800109863,0.0,0.0,0.0,0,0
1786183696.2040515,6.922961741001927,APPROACH,BSPLINE,/home/eunseop/nrs_imitation/checkpoints/bspline/polishing/single_cam/20260808_0153,317.4450988769531,297.827392578125,203.7194061279297,2.9199718483141623e-05,-5.40720320714172e-05,1.5624583959579468,0.28421467542648315,-0.27588286995887756,-0.13756752014160156,354.3709716796875,290.0917663574219,227.258056640625,-0.0718691274523735,-0.07490186393260956,1.4217724800109863,0.0,0.0,0.0,0,0
1786183696.2121077,6.931018261006102,APPROACH,BSPLINE,/home/eunseop/nrs_imitation/checkpoints/bspline/polishing/single_cam/20260808_0153,317.4544677734375,297.8125915527344,203.72052001953125,8.756609531701542e-06,-7.528591231675819e-05,1.5624583959579468,0.25997310876846313,-0.2409902811050415,-0.3445122241973877,354.3709716796875,290.0917663574219,227.258056640625,-0.0718691274523735,-0.07490186393260956,1.4217724800109863,0.0,0.0,0.0,0,0
1786183696.2200491,6.938959439998143,APPROACH,BSPLINE,/home/eunseop/nrs_imitation/checkpoints/bspline/polishing/single_cam/20260808_0153,317.41943359375,297.7949523925781,203.68087768554688,4.290432570996927e-06,5.014746420783922e-05,1.5624463558197021,0.1696728616952896,-0.48202988505363464,-0.2800118029117584,354.3709716796875,290.0917663574219,227.258056640625,-0.0718691274523735,-0.07490186393260956,1.4217724800109863,0.0,0.0,0.0,0,0
1786183696.228094,6.94700463800109,APPROACH,BSPLINE,/home/eunseop/nrs_imitation/checkpoints/bspline/polishing/single_cam/20260808_0153,317.4383544921875,297.8243103027344,203.72052001953125,3.3653192076599225e-05,-6.596220191568136e-05,1.5624704360961914,0.042720332741737366,-0.18190988898277283,-0.50325608253479,354.3709716796875,290.0917663574219,227.258056640625,-0.0718691274523735,-0.07490186393260956,1.4217724800109863,0.0,0.0,0.0,0,0
1786183696.2361422,6.955052600998897,APPROACH,BSPLINE,/home/eunseop/nrs_imitation/checkpoints/bspline/polishing/single_cam/20260808_0153,317.4692077636719,297.8210144042969,203.74139404296875,7.241498224175302e-06,-0.00014703243505209684,1.5624223947525024,0.23233722150325775,-0.15088027715682983,0.11167220771312714,354.3709716796875,290.0917663574219,227.258056640625,-0.0718691274523735,-0.07490186393260956,1.4217724800109863,0.0,0.0,0.0,0,0
1786183696.2442288,6.963139397994382,APPROACH,BSPLINE,/home/eunseop/nrs_imitation/checkpoints/bspline/polishing/single_cam/20260808_0153,317.4449462890625,297.8036804199219,203.72091674804688,2.1329065930331126e-05,-7.114219624781981e-05,1.5624223947525024,0.4021144211292267,-0.2178693413734436,0.5263490676879883,354.3709716796875,290.0917663574219,227.258056640625,-0.0718691274523735,-0.07490186393260956,1.4217724800109863,0.0,0.0,0.0,0,0
1786183696.252074,6.97098440300033,APPROACH,BSPLINE,/home/eunseop/nrs_imitation/checkpoints/bspline/polishing/single_cam/20260808_0153,317.4647521972656,297.8233337402344,203.7501678466797,2.7495016183820553e-05,-0.00012532428081613034,1.5624463558197021,0.1984696239233017,-0.19294734299182892,-0.19566679000854492,354.3709716796875,290.0917663574219,227.258056640625,-0.0718691274523735,-0.07490186393260956,1.4217724800109863,0.0,0.0,0.0,0,0
1786183696.2600765,6.978986778995022,APPROACH,BSPLINE,/home/eunseop/nrs_imitation/checkpoints/bspline/polishing/single_cam/20260808_0153,317.44097900390625,297.80694580078125,203.7274627685547,1.0645424481481314e-05,-4.529262696451042e-06,1.562434434890747,0.05171934515237808,0.003084109863266349,0.35852372646331787,354.3709716796875,290.0917663574219,227.258056640625,-0.0718691274523735,-0.07490186393260956,1.4217724800109863,0.0,0.0,0.0,0,0
1786183696.2680538,6.986964247000287,APPROACH,BSPLINE,/home/eunseop/nrs_imitation/checkpoints/bspline/polishing/single_cam/20260808_0153,317.42340087890625,297.81549072265625,203.70510864257812,4.0179391362471506e-05,-7.591473604406929e-06,1.5624823570251465,0.19080859422683716,-0.19880393147468567,-0.004700669087469578,354.3709716796875,290.0917663574219,227.258056640625,-0.0718691274523735,-0.07490186393260956,1.4217724800109863,0.0,0.0,0.0,0,0
1786183696.2760816,6.994992061998346,APPROACH,BSPLINE,/home/eunseop/nrs_imitation/checkpoints/bspline/polishing/single_cam/20260808_0153,317.426025390625,297.809326171875,203.71722412109375,4.603916750056669e-05,-6.132317503215745e-05,1.5624583959579468,0.10505212098360062,-0.16377747058868408,0.5208075046539307,354.3709716796875,290.0917663574219,227.258056640625,-0.0718691274523735,-0.07490186393260956,1.4217724800109863,0.0,0.0,0.0,0,0
1786183696.2840688,7.002979198994581,APPROACH,BSPLINE,/home/eunseop/nrs_imitation/checkpoints/bspline/polishing/single_cam/20260808_0153,317.422119140625,297.8126525878906,203.69412231445312,2.626364766911138e-05,2.9565713703050278e-05,1.5624823570251465,0.23460859060287476,-0.2175295352935791,0.20194874703884125,354.3709716796875,290.0917663574219,227.258056640625,-0.0718691274523735,-0.07490186393260956,1.4217724800109863,0.0,0.0,0.0,0,0
1786183696.2920394,7.010949843999697,APPROACH,BSPLINE,/home/eunseop/nrs_imitation/checkpoints/bspline/polishing/single_cam/20260808_0153,317.4391174316406,297.81414794921875,203.71295166015625,7.227904006867902e-06,-3.349009057274088e-05,1.5624583959579468,0.1376427859067917,-0.2536253035068512,-0.00674137519672513,354.3709716796875,290.0917663574219,227.258056640625,-0.0718691274523735,-0.07490186393260956,1.4217724800109863,0.0,0.0,0.0,0,0
1786183696.300095,7.019005491994903,APPROACH,BSPLINE,/home/eunseop/nrs_imitation/checkpoints/bspline/polishing/single_cam/20260808_0153,317.4353332519531,297.77105712890625,203.66453552246094,-4.226509190630168e-05,6.095832941355184e-05,1.5624943971633911,0.25647208094596863,-0.5429052710533142,0.07758862525224686,354.3709716796875,290.0917663574219,227.258056640625,-0.0718691274523735,-0.07490186393260956,1.4217724800109863,0.0,0.0,0.0,0,0
1786183696.3081503,7.027060738997534,APPROACH,BSPLINE,/home/eunseop/nrs_imitation/checkpoints/bspline/polishing/single_cam/20260808_0153,317.4313049316406,297.832763671875,203.72421264648438,7.111920422175899e-05,-5.249564128462225e-05,1.5624583959579468,0.14147840440273285,-0.28627559542655945,-0.20320162177085876,354.3709716796875,290.0917663574219,227.258056640625,-0.0718691274523735,-0.07490186393260956,1.4217724800109863,0.0,0.0,0.0,0,0
1786183696.3160782,7.034988561994396,APPROACH,BSPLINE,/home/eunseop/nrs_imitation/checkpoints/bspline/polishing/single_cam/20260808_0153,317.4313049316406,297.832763671875,203.72421264648438,7.111920422175899e-05,-5.249564128462225e-05,1.5624583959579468,-0.053992196917533875,-0.5198713541030884,-0.4082570970058441,354.3709716796875,290.0917663574219,227.258056640625,-0.0718691274523735,-0.07490186393260956,1.4217724800109863,0.0,0.0,0.0,0,0
1786183696.3242207,7.0431310669955565,APPROACH,BSPLINE,/home/eunseop/nrs_imitation/checkpoints/bspline/polishing/single_cam/20260808_0153,317.4506530761719,297.82745361328125,203.73779296875,8.942203749029431e-06,-7.578184158774093e-05,1.5625063180923462,0.13737905025482178,-0.432108610868454,-0.5634152293205261,354.3709716796875,290.0917663574219,227.258056640625,-0.0718691274523735,-0.07490186393260956,1.4217724800109863,0.0,0.0,0.0,0,0
1786183696.332161,7.051071584006422,APPROACH,BSPLINE,/home/eunseop/nrs_imitation/checkpoints/bspline/polishing/single_cam/20260808_0153,317.4582214355469,297.8088684082031,203.73013305664062,5.525700998987304e-06,-0.00010474159353179857,1.5624223947525024,0.20027995109558105,-0.2524550259113312,0.4298862814903259,354.3709716796875,290.0917663574219,227.258056640625,-0.0718691274523735,-0.07490186393260956,1.4217724800109863,0.0,0.0,0.0,0,0
1786183696.3400753,7.058985680996557,APPROACH,BSPLINE,/home/eunseop/nrs_imitation/checkpoints/bspline/polishing/single_cam/20260808_0153,317.45977783203125,297.82379150390625,203.74200439453125,1.0350580851081759e-05,-0.00011762274516513571,1.5624343156814575,0.01717083342373371,-0.09761467576026917,-0.14765773713588715,354.3709716796875,290.0917663574219,227.258056640625,-0.0718691274523735,-0.07490186393260956,1.4217724800109863,0.0,0.0,0.0,0,0
1786183696.3481646,7.067075123995892,APPROACH,BSPLINE,/home/eunseop/nrs_imitation/checkpoints/bspline/polishing/single_cam/20260808_0153,317.4278564453125,297.81280517578125,203.7221221923828,2.7747562398872105e-06,-2.160002441087272e-05,1.5625063180923462,0.38684630393981934,-0.29727983474731445,-0.03585417568683624,354.3709716796875,290.0917663574219,227.258056640625,-0.0718691274523735,-0.07490186393260956,1.4217724800109863,0.0,0.0,0.0,0,0
1786183696.3561547,7.075065116005135,APPROACH,BSPLINE,/home/eunseop/nrs_imitation/checkpoints/bspline/polishing/single_cam/20260808_0153,317.4374084472656,297.8222961425781,203.71664428710938,1.9923227227991447e-05,-2.9300081223482266e-05,1.562434434890747,0.3468988239765167,-0.6272796988487244,-0.5582408905029297,354.3709716796875,290.0917663574219,227.258056640625,-0.0718691274523735,-0.07490186393260956,1.4217724800109863,0.0,0.0,0.0,0,0
1786183696.3641496,7.083060018005199,APPROACH,BSPLINE,/home/eunseop/nrs_imitation/checkpoints/bspline/polishing/single_cam/20260808_0153,317.42730712890625,297.823974609375,203.71914672851562,5.3910469432594255e-05,-4.425127190188505e-05,1.5624228715896606,0.22570377588272095,-0.19938133656978607,-0.17567764222621918,354.3709716796875,290.0917663574219,227.258056640625,-0.0718691274523735,-0.07490186393260956,1.4217724800109863,0.0,0.0,0.0,0,0
1786183696.372151,7.091061201994307,APPROACH,BSPLINE,/home/eunseop/nrs_imitation/checkpoints/bspline/polishing/single_cam/20260808_0153,317.4342956542969,297.80389404296875,203.6989288330078,6.006836883898359e-06,7.856434422137681e-06,1.5624463558197021,0.1152445375919342,-0.08832438290119171,-0.10377386212348938,354.3709716796875,290.0917663574219,227.258056640625,-0.0718691274523735,-0.07490186393260956,1.4217724800109863,0.0,0.0,0.0,0,0
1786183696.3801546,7.099064969996107,APPROACH,BSPLINE,/home/eunseop/nrs_imitation/checkpoints/bspline/polishing/single_cam/20260808_0153,317.41650390625,297.812255859375,203.7085418701172,5.2565050282282755e-05,-2.952574732262292e-06,1.5624704360961914,0.22853343188762665,-0.29288041591644287,0.1800975352525711,354.3709716796875,290.0917663574219,227.258056640625,-0.0718691274523735,-0.07490186393260956,1.4217724800109863,0.0,0.0,0.0,0,0
1786183696.388141,7.1070512650039745,APPROACH,BSPLINE,/home/eunseop/nrs_imitation/checkpoints/bspline/polishing/single_cam/20260808_0153,317.4322204589844,297.8115234375,203.7113037109375,4.945623004459776e-05,-3.236272095819004e-05,1.562434434890747,0.33923789858818054,-0.11978688836097717,0.049291662871837616,354.3709716796875,290.0917663574219,227.258056640625,-0.0718691274523735,-0.07490186393260956,1.4217724800109863,0.0,0.0,0.0,0,0
1786183696.3961592,7.115069791994756,APPROACH,BSPLINE,/home/eunseop/nrs_imitation/checkpoints/bspline/polishing/single_cam/20260808_0153,317.4284973144531,297.80340576171875,203.7037353515625,3.554049180820584e-05,4.794429969479097e-06,1.5624223947525024,0.25770291686058044,-0.39276695251464844,0.4128277897834778,354.3709716796875,290.0917663574219,227.258056640625,-0.0718691274523735,-0.07490186393260956,1.4217724800109863,0.0,0.0,0.0,0,0
1786183696.4041915,7.123101905002841,APPROACH,BSPLINE,/home/eunseop/nrs_imitation/checkpoints/bspline/polishing/single_cam/20260808_0153,317.43109130859375,297.8205871582031,203.70787048339844,4.945650289300829e-05,-3.2362477213609964e-05,1.5624463558197021,0.16620923578739166,-0.528968870639801,-0.46625298261642456,354.3709716796875,290.0917663574219,227.258056640625,-0.0718691274523735,-0.07490186393260956,1.4217724800109863,0.0,0.0,0.0,0,0
1786183696.4121928,7.131103370003984,APPROACH,BSPLINE,/home/eunseop/nrs_imitation/checkpoints/bspline/polishing/single_cam/20260808_0153,317.43804931640625,297.8002014160156,203.70132446289062,-2.0604102246579714e-05,4.082376472069882e-05,1.5624463558197021,0.21111156046390533,-0.18801450729370117,0.24285511672496796,354.3709716796875,290.0917663574219,227.258056640625,-0.0718691274523735,-0.07490186393260956,1.4217724800109863,0.0,0.0,0.0,0,0
1786183696.4201956,7.139106225993601,APPROACH,BSPLINE,/home/eunseop/nrs_imitation/checkpoints/bspline/polishing/single_cam/20260808_0153,317.4219970703125,297.81243896484375,203.70082092285156,4.9271340685663745e-05,-3.186646063113585e-05,1.5624463558197021,0.531974196434021,-0.09021785110235214,0.199598491191864,354.3709716796875,290.0917663574219,227.258056640625,-0.0718691274523735,-0.07490186393260956,1.4217724800109863,0.0,0.0,0.0,0,0
1786183696.428211,7.147121357003925,APPROACH,BSPLINE,/home/eunseop/nrs_imitation/checkpoints/bspline/polishing/single_cam/20260808_0153,317.4508972167969,297.81634521484375,203.73245239257812,1.3582122846855782e-05,-8.816670015221462e-05,1.5624463558197021,0.2490479201078415,-0.47000694274902344,-0.1223340854048729,354.3709716796875,290.0917663574219,227.258056640625,-0.0718691274523735,-0.07490186393260956,1.4217724800109863,0.0,0.0,0.0,0,0
1786183696.4361694,7.155079919000855,APPROACH,BSPLINE,/home/eunseop/nrs_imitation/checkpoints/bspline/polishing/single_cam/20260808_0153,317.4332580566406,297.8016662597656,203.6898193359375,1.0459909390192479e-05,-4.033919594803592e-06,1.5624703168869019,0.4247664213180542,-0.3512503504753113,-0.063372403383255,354.3709716796875,290.0917663574219,227.258056640625,-0.0718691274523735,-0.07490186393260956,1.4217724800109863,0.0,0.0,0.0,0,0
1786183696.4441242,7.163034673998482,APPROACH,BSPLINE,/home/eunseop/nrs_imitation/checkpoints/bspline/polishing/single_cam/20260808_0153,317.43768310546875,297.84613037109375,203.76406860351562,6.49653302389197e-05,-0.00011185692710569128,1.5624823570251465,0.25685012340545654,-0.27830272912979126,-0.40419772267341614,354.3709716796875,290.0917663574219,227.258056640625,-0.0718691274523735,-0.07490186393260956,1.4217724800109863,0.0,0.0,0.0,0,0
1786183696.4527872,7.171697633995791,APPROACH,BSPLINE,/home/eunseop/nrs_imitation/checkpoints/bspline/polishing/single_cam/20260808_0153,317.4455261230469,297.7815856933594,203.7008819580078,-5.205287152421079e-07,-5.051433981861919e-05,1.5624463558197021,0.22416694462299347,-0.2616567015647888,-0.3544941842556,354.3709716796875,290.0917663574219,227.258056640625,-0.0718691274523735,-0.07490186393260956,1.4217724800109863,0.0,0.0,0.0,0,0
1786183696.4601295,7.179039937007474,APPROACH,BSPLINE,/home/eunseop/nrs_imitation/checkpoints/bspline/polishing/single_cam/20260808_0153,317.4469299316406,297.83087158203125,203.7194061279297,4.306007213017438e-06,-6.339544779621065e-05,1.5624582767486572,0.09730695188045502,-0.4746304154396057,-0.062147799879312515,354.3709716796875,290.0917663574219,227.258056640625,-0.0718691274523735,-0.07490186393260956,1.4217724800109863,0.0,0.0,0.0,0,0
1786183696.4682357,7.187146312004188,APPROACH,BSPLINE,/home/eunseop/nrs_imitation/checkpoints/bspline/polishing/single_cam/20260808_0153,317.45257568359375,297.82000732421875,203.7316131591797,-3.3408070976292947e-07,-5.100986163597554e-05,1.5624583959579468,0.046571213752031326,0.02473241463303566,-0.09958580881357193,354.3709716796875,290.0917663574219,227.258056640625,-0.0718691274523735,-0.07490186393260956,1.4217724800109863,0.0,0.0,0.0,0,0
1786183696.476162,7.195072602000437,APPROACH,BSPLINE,/home/eunseop/nrs_imitation/checkpoints/bspline/polishing/single_cam/20260808_0153,317.4467468261719,297.79547119140625,203.6898193359375,-2.6945168428937905e-05,-1.8042052033706568e-05,1.5624823570251465,0.31122761964797974,-0.15847018361091614,0.503031849861145,354.3709716796875,290.0917663574219,227.258056640625,-0.0718691274523735,-0.07490186393260956,1.4217724800109863,0.0,0.0,0.0,0,0
1786183696.484166,7.203076531004626,APPROACH,BSPLINE,/home/eunseop/nrs_imitation/checkpoints/bspline/polishing/single_cam/20260808_0153,317.4252624511719,297.8074035644531,203.72296142578125,2.920129190897569e-05,-5.4071071645012125e-05,1.5624463558197021,0.28889188170433044,-0.13576386868953705,-0.028109313920140266,354.3709716796875,290.0917663574219,227.258056640625,-0.0718691274523735,-0.07490186393260956,1.4217724800109863,0.0,0.0,0.0,0,0
1786183696.4921384,7.211048869998194,APPROACH,BSPLINE,/home/eunseop/nrs_imitation/checkpoints/bspline/polishing/single_cam/20260808_0153,317.4397888183594,297.7928771972656,203.7085418701172,2.7669357223203406e-05,-1.2276839697733521e-05,1.5624223947525024,0.21868200600147247,0.1882728487253189,0.30874621868133545,354.3709716796875,290.0917663574219,227.258056640625,-0.0718691274523735,-0.07490186393260956,1.4217724800109863,0.0,0.0,0.0,0,0
1786183696.5001507,7.219061213996611,APPROACH,BSPLINE,/home/eunseop/nrs_imitation/checkpoints/bspline/polishing/single_cam/20260808_0153,317.4547119140625,297.8132629394531,203.71803283691406,1.2051788871758617e-05,-4.637084566638805e-05,1.5623984336853027,0.1333211064338684,-0.26619696617126465,0.19481207430362701,354.3709716796875,290.0917663574219,227.258056640625,-0.0718691274523735,-0.07490186393260956,1.4217724800109863,0.0,0.0,0.0,0,0
1786183696.50815,7.227060595003422,APPROACH,BSPLINE,/home/eunseop/nrs_imitation/checkpoints/bspline/polishing/single_cam/20260808_0153,317.44549560546875,297.81671142578125,203.72052001953125,3.3651955163804814e-05,-6.596269668079913e-05,1.5624583959579468,0.1359643191099167,-0.07247945666313171,0.08037379384040833,354.3709716796875,290.0917663574219,227.258056640625,-0.0718691274523735,-0.07490186393260956,1.4217724800109863,0.0,0.0,0.0,0,0
1786183696.516194,7.235104691004381,APPROACH,BSPLINE,/home/eunseop/nrs_imitation/checkpoints/bspline/polishing/single_cam/20260808_0153,317.41827392578125,297.82757568359375,203.72686767578125,5.720388071495108e-05,-1.533720023871865e-05,1.5624582767486572,0.24617604911327362,-0.19795167446136475,0.16073790192604065,354.3709716796875,290.0917663574219,227.258056640625,-0.0718691274523735,-0.07490186393260956,1.4217724800109863,0.0,0.0,0.0,0,0
1786183696.5241601,7.243070816999534,APPROACH,BSPLINE,/home/eunseop/nrs_imitation/checkpoints/bspline/polishing/single_cam/20260808_0153,317.4457702636719,297.80584716796875,203.7239532470703,4.6036810090299696e-05,-6.132463022368029e-05,1.5624343156814575,0.060948219150304794,-0.22498683631420135,0.16674530506134033,354.3709716796875,290.0917663574219,227.258056640625,-0.0718691274523735,-0.07490186393260956,1.4217724800109863,0.0,0.0,0.0,0,0
1786183696.532215,7.251125442999182,APPROACH,BSPLINE,/home/eunseop/nrs_imitation/checkpoints/bspline/polishing/single_cam/20260808_0153,317.4559326171875,297.8273010253906,203.7439727783203,1.821960904635489e-05,-0.0001005528902169317,1.5624703168869019,0.4175207018852234,-0.41412582993507385,-0.0740543082356453,354.3709716796875,290.0917663574219,227.258056640625,-0.0718691274523735,-0.07490186393260956,1.4217724800109863,0.0,0.0,0.0,0,0
1786183696.5402367,7.259147436998319,APPROACH,BSPLINE,/home/eunseop/nrs_imitation/checkpoints/bspline/polishing/single_cam/20260808_0153,317.467041015625,297.80487060546875,203.74122619628906,-3.566947043509572e-06,-8.046551374718547e-05,1.5623983144760132,0.16567730903625488,-0.4225964844226837,0.15409033000469208,354.3709716796875,290.0917663574219,227.258056640625,-0.0718691274523735,-0.07490186393260956,1.4217724800109863,0.0,0.0,0.0,0,0
1786183696.548123,7.267033370007994,APPROACH,BSPLINE,/home/eunseop/nrs_imitation/checkpoints/bspline/polishing/single_cam/20260808_0153,317.4258117675781,297.8093566894531,203.6864013671875,4.774054468725808e-05,9.928471627063118e-06,1.5624223947525024,0.33082592487335205,-0.04266386106610298,0.2787553668022156,354.3709716796875,290.0917663574219,227.258056640625,-0.0718691274523735,-0.07490186393260956,1.4217724800109863,0.0,0.0,0.0,0,0
1786183696.5561712,7.275081914005568,APPROACH,BSPLINE,/home/eunseop/nrs_imitation/checkpoints/bspline/polishing/single_cam/20260808_0153,317.440673828125,297.7946472167969,203.7085418701172,1.528369466541335e-05,-1.691521356406156e-05,1.5624463558197021,0.16051656007766724,-0.32085075974464417,-0.13915115594863892,354.3709716796875,290.0917663574219,227.258056640625,-0.0718691274523735,-0.07490186393260956,1.4217724800109863,0.0,0.0,0.0,0,0
1786183696.5640643,7.282974760004436,APPROACH,BSPLINE,/home/eunseop/nrs_imitation/checkpoints/bspline/polishing/single_cam/20260808_0153,317.4198303222656,297.8425598144531,203.73382568359375,8.039878593990579e-05,-7.726473268121481e-05,1.5624703168869019,0.24980314075946808,-0.564888596534729,-0.3980027139186859,354.3709716796875,290.0917663574219,227.258056640625,-0.0718691274523735,-0.07490186393260956,1.4217724800109863,0.0,0.0,0.0,0,0
1786183696.572067,7.2909775269945385,APPROACH,BSPLINE,/home/eunseop/nrs_imitation/checkpoints/bspline/polishing/single_cam/20260808_0153,317.44610595703125,297.7945556640625,203.72433471679688,2.132742702087853e-05,-7.114293839549646e-05,1.5624463558197021,0.3851841986179352,-0.299686461687088,-0.03335238993167877,354.3709716796875,290.0917663574219,227.258056640625,-0.0718691274523735,-0.07490186393260956,1.4217724800109863,0.0,0.0,0.0,0,0
1786183696.5802011,7.29911176499445,APPROACH,BSPLINE,/home/eunseop/nrs_imitation/checkpoints/bspline/polishing/single_cam/20260808_0153,317.4352111816406,297.7944030761719,203.713623046875,1.0459882105351426e-05,-4.033836830785731e-06,1.562434434890747,0.3142547905445099,-0.12734685838222504,-0.01767309196293354,354.3709716796875,290.0917663574219,227.258056640625,-0.0718691274523735,-0.07490186393260956,1.4217724800109863,0.0,0.0,0.0,0,0
1786183696.5880396,7.306950058002258,APPROACH,BSPLINE,/home/eunseop/nrs_imitation/checkpoints/bspline/polishing/single_cam/20260808_0153,317.4280090332031,297.8377380371094,203.72564697265625,0.00010083788220072165,-5.605444312095642e-05,1.5624583959579468,0.20393019914627075,0.011212317273020744,0.35320380330085754,354.3709716796875,290.0917663574219,227.258056640625,-0.0718691274523735,-0.07490186393260956,1.4217724800109863,0.0,0.0,0.0,0,0
1786183696.5962067,7.315117189005832,APPROACH,BSPLINE,/home/eunseop/nrs_imitation/checkpoints/bspline/polishing/single_cam/20260808_0153,317.43341064453125,297.7906188964844,203.70484924316406,2.748399128904566e-05,-1.178089587483555e-05,1.5624103546142578,0.2893950939178467,-0.48973342776298523,-0.6016085147857666,354.3709716796875,290.0917663574219,227.258056640625,-0.0718691274523735,-0.07490186393260956,1.4217724800109863,0.0,0.0,0.0,0,0
1786183696.604054,7.322964298000443,APPROACH,BSPLINE,/home/eunseop/nrs_imitation/checkpoints/bspline/polishing/single_cam/20260808_0153,317.4320068359375,297.7984313964844,203.6961669921875,-2.816584128595423e-05,2.3304011847358197e-05,1.5624823570251465,0.3396454453468323,-0.4036657214164734,0.07247315347194672,354.3709716796875,290.0917663574219,227.258056640625,-0.0718691274523735,-0.07490186393260956,1.4217724800109863,0.0,0.0,0.0,0,0
1786183696.6122236,7.331134224004927,APPROACH,BSPLINE,/home/eunseop/nrs_imitation/checkpoints/bspline/polishing/single_cam/20260808_0153,317.4189147949219,297.80572509765625,203.70716857910156,3.554037903086282e-05,4.7952735258149914e-06,1.5624228715896606,0.27803835272789,-0.18313388526439667,0.1399621069431305,354.3709716796875,290.0917663574219,227.258056640625,-0.0718691274523735,-0.07490186393260956,1.4217724800109863,0.0,0.0,0.0,0,0
1786183696.6200929,7.339003265005886,APPROACH,BSPLINE,/home/eunseop/nrs_imitation/checkpoints/bspline/polishing/single_cam/20260808_0153,317.4505310058594,297.8040771484375,203.7064971923828,-4.972386705048848e-06,-3.862401354126632e-05,1.5624223947525024,0.3639312982559204,-0.06833181530237198,-0.11033959686756134,354.3709716796875,290.0917663574219,227.258056640625,-0.0718691274523735,-0.07490186393260956,1.4217724800109863,0.0,0.0,0.0,0,0
1786183696.62808,7.346990182006266,APPROACH,BSPLINE,/home/eunseop/nrs_imitation/checkpoints/bspline/polishing/single_cam/20260808_0153,317.4389343261719,297.80194091796875,203.7085418701172,-9.611068890080787e-06,-2.623858381411992e-05,1.5624704360961914,0.20183151960372925,-0.32103174924850464,0.017834119498729706,354.3709716796875,290.0917663574219,227.258056640625,-0.0718691274523735,-0.07490186393260956,1.4217724800109863,0.0,0.0,0.0,0,0
1786183696.636094,7.355004570999881,APPROACH,BSPLINE,/home/eunseop/nrs_imitation/checkpoints/bspline/polishing/single_cam/20260808_0153,317.449462890625,297.837158203125,203.75640869140625,7.424067007377744e-05,-0.00013662826677318662,1.562434434890747,0.45824509859085083,-0.3302309513092041,-0.250271737575531,354.3709716796875,290.0917663574219,227.258056640625,-0.0718691274523735,-0.07490186393260956,1.4217724800109863,0.0,0.0,0.0,0,0
1786183696.6440864,7.362996597003075,APPROACH,BSPLINE,/home/eunseop/nrs_imitation/checkpoints/bspline/polishing/single_cam/20260808_0153,317.44659423828125,297.8182373046875,203.72625732421875,-8.20342575025279e-06,-6.808069883845747e-05,1.5624582767486572,0.2534215450286865,-0.1780957579612732,0.17084427177906036,354.3709716796875,290.0917663574219,227.258056640625,-0.0718691274523735,-0.07490186393260956,1.4217724800109863,0.0,0.0,0.0,0,0
1786183696.6520517,7.370962212007726,APPROACH,BSPLINE,/home/eunseop/nrs_imitation/checkpoints/bspline/polishing/single_cam/20260808_0153,317.4320373535156,297.8229064941406,203.72052001953125,7.093284511938691e-05,-5.2001571020809934e-05,1.5624704360961914,-0.013488923199474812,-0.7083057761192322,-0.44008752703666687,354.3709716796875,290.0917663574219,227.258056640625,-0.0718691274523735,-0.07490186393260956,1.4217724800109863,0.0,0.0,0.0,0,0
1786183696.6600702,7.378980559005868,APPROACH,BSPLINE,/home/eunseop/nrs_imitation/checkpoints/bspline/polishing/single_cam/20260808_0153,317.4297180175781,297.80572509765625,203.70562744140625,4.139986413065344e-05,-4.893803998129442e-05,1.5624583959579468,0.04296460002660751,-0.3071402311325073,-0.27075397968292236,354.3709716796875,290.0917663574219,227.258056640625,-0.0718691274523735,-0.07490186393260956,1.4217724800109863,0.0,0.0,0.0,0,0
1786183696.6680758,7.386986280995188,APPROACH,BSPLINE,/home/eunseop/nrs_imitation/checkpoints/bspline/polishing/single_cam/20260808_0153,317.4358825683594,297.84259033203125,203.74343872070312,7.747461495455354e-05,-0.00010717145778471604,1.5624583959579468,0.47282370924949646,-0.29213494062423706,-0.35835403203964233,354.3709716796875,290.0917663574219,227.258056640625,-0.0718691274523735,-0.07490186393260956,1.4217724800109863,0.0,0.0,0.0,0,0
1786183696.6761642,7.3950744419998955,APPROACH,BSPLINE,/home/eunseop/nrs_imitation/checkpoints/bspline/polishing/single_cam/20260808_0153,317.4369812011719,297.7986145019531,203.7028045654297,4.4631622586166486e-05,-1.9483019059407525e-05,1.5624463558197021,0.3436106741428375,-0.32055407762527466,-0.2575978636741638,354.3709716796875,290.0917663574219,227.258056640625,-0.0718691274523735,-0.07490186393260956,1.4217724800109863,0.0,0.0,0.0,0,0
1786183696.684209,7.403119598995545,APPROACH,BSPLINE,/home/eunseop/nrs_imitation/checkpoints/bspline/polishing/single_cam/20260808_0153,317.44549560546875,297.8049011230469,203.72256469726562,1.650490412430372e-05,-5.826117194374092e-05,1.5624223947525024,0.2352624237537384,-0.08142214268445969,-0.2883717715740204,354.3709716796875,290.0917663574219,227.258056640625,-0.0718691274523735,-0.07490186393260956,1.4217724800109863,0.0,0.0,0.0,0,0
1786183696.6922033,7.411113669004408,APPROACH,BSPLINE,/home/eunseop/nrs_imitation/checkpoints/bspline/polishing/single_cam/20260808_0153,317.4494934082031,297.8371887207031,203.7447509765625,6.94172122166492e-05,-0.00012374657671898603,1.5624223947525024,0.21323716640472412,-0.2124432474374771,0.29083165526390076,354.3709716796875,290.0917663574219,227.258056640625,-0.0718691274523735,-0.07490186393260956,1.4217724800109863,0.0,0.0,0.0,0,0
1786183696.7000465,7.418957111003692,APPROACH,BSPLINE,/home/eunseop/nrs_imitation/checkpoints/bspline/polishing/single_cam/20260808_0153,317.43878173828125,297.8247375488281,203.73304748535156,4.306395567255095e-06,-6.339552055578679e-05,1.5624703168869019,0.058768097311258316,0.003623689291998744,0.7331334948539734,354.3709716796875,290.0917663574219,227.258056640625,-0.0718691274523735,-0.07490186393260956,1.4217724800109863,0.0,0.0,0.0,0,0
1786183696.708045,7.426955418995931,APPROACH,BSPLINE,/home/eunseop/nrs_imitation/checkpoints/bspline/polishing/single_cam/20260808_0153,317.4542236328125,297.81158447265625,203.71914672851562,-2.077542376355268e-05,-7.222389103844762e-05,1.5624583959579468,0.22983494400978088,-0.16249936819076538,-0.4613824188709259,354.3709716796875,290.0917663574219,227.258056640625,-0.0718691274523735,-0.07490186393260956,1.4217724800109863,0.0,0.0,0.0,0,0
1786183696.7160318,7.434942196006887,APPROACH,BSPLINE,/home/eunseop/nrs_imitation/checkpoints/bspline/polishing/single_cam/20260808_0153,317.44451904296875,297.82586669921875,203.7435302734375,1.6875444998731837e-05,-5.925280129304156e-05,1.5624943971633911,0.41743364930152893,-0.25037693977355957,-0.34349334239959717,354.3709716796875,290.0917663574219,227.258056640625,-0.0718691274523735,-0.07490186393260956,1.4217724800109863,0.0,0.0,0.0,0,0
1786183696.724105,7.443015416996786,APPROACH,BSPLINE,/home/eunseop/nrs_imitation/checkpoints/bspline/polishing/single_cam/20260808_0153,317.42791748046875,297.8139343261719,203.7296905517578,6.647990085184574e-05,-4.01116740249563e-05,1.5624823570251465,0.48303449153900146,-0.3489872217178345,-0.817312479019165,354.3709716796875,290.0917663574219,227.258056640625,-0.0718691274523735,-0.07490186393260956,1.4217724800109863,0.0,0.0,0.0,0,0
1786183696.732154,7.451064471999416,APPROACH,BSPLINE,/home/eunseop/nrs_imitation/checkpoints/bspline/polishing/single_cam/20260808_0153,317.43609619140625,297.8194580078125,203.71267700195312,2.9200369681348093e-05,-5.407168282545172e-05,1.5624583959579468,0.06533513963222504,-0.4183546006679535,-0.3015759289264679,354.3709716796875,290.0917663574219,227.258056640625,-0.0718691274523735,-0.07490186393260956,1.4217724800109863,0.0,0.0,0.0,0,0
1786183696.74015,7.459060395995039,APPROACH,BSPLINE,/home/eunseop/nrs_imitation/checkpoints/bspline/polishing/single_cam/20260808_0153,317.4317932128906,297.8100891113281,203.72119140625,2.4375898647122085e-05,-4.119083678233437e-05,1.5624704360961914,0.04313782602548599,-0.6109455823898315,-0.6579909920692444,354.3709716796875,290.0917663574219,227.258056640625,-0.0718691274523735,-0.07490186393260956,1.4217724800109863,0.0,0.0,0.0,0,0
1786183696.750038,7.4689483209949685,APPROACH,BSPLINE,/home/eunseop/nrs_imitation/checkpoints/bspline/polishing/single_cam/20260808_0153,317.4483947753906,297.7879333496094,203.701416015625,2.588298457339988e-06,-2.1104533516336232e-05,1.5624463558197021,0.31014928221702576,-0.18713580071926117,-0.28183263540267944,354.3709716796875,290.0917663574219,227.258056640625,-0.0718691274523735,-0.07490186393260956,1.4217724800109863,0.0,0.0,0.0,0,0
1786183696.7560909,7.475001176004298,APPROACH,BSPLINE,/home/eunseop/nrs_imitation/checkpoints/bspline/polishing/single_cam/20260808_0153,317.4425048828125,297.8334655761719,203.7439727783203,5.5501102906418964e-05,-8.659053855808452e-05,1.5624583959579468,0.11769446730613708,-0.2172718197107315,-0.0034277336671948433,354.3709716796875,290.0917663574219,227.258056640625,-0.0718691274523735,-0.07490186393260956,1.4217724800109863,0.0,0.0,0.0,0,0
1786183696.7642038,7.483114203001605,APPROACH,BSPLINE,/home/eunseop/nrs_imitation/checkpoints/bspline/polishing/single_cam/20260808_0153,317.4338684082031,297.82635498046875,203.72052001953125,4.603916750056669e-05,-6.132317503215745e-05,1.5624583959579468,0.1932121366262436,-0.29708728194236755,-0.211725652217865,354.3709716796875,290.0917663574219,227.258056640625,-0.0718691274523735,-0.07490186393260956,1.4217724800109863,0.0,0.0,0.0,0,0
1786183696.773383,7.4922933820053,APPROACH,BSPLINE,/home/eunseop/nrs_imitation/checkpoints/bspline/polishing/single_cam/20260808_0153,317.4357604980469,297.8070983886719,203.7163848876953,1.9736766262212768e-05,-2.8805558031308465e-05,1.5624823570251465,0.3733792304992676,-0.34691891074180603,-0.4790699779987335,354.3709716796875,290.0917663574219,227.258056640625,-0.0718691274523735,-0.07490186393260956,1.4217724800109863,0.0,0.0,0.0,0,0
1786183696.7800486,7.498959018994356,APPROACH,BSPLINE,/home/eunseop/nrs_imitation/checkpoints/bspline/polishing/single_cam/20260808_0153,317.43133544921875,297.8323669433594,203.72962951660156,4.1586365114199e-05,-4.943280146108009e-05,1.5624703168869019,0.32728394865989685,-0.172481507062912,0.01189436111599207,354.3709716796875,290.0917663574219,227.258056640625,-0.0718691274523735,-0.07490186393260956,1.4217724800109863,0.0,0.0,0.0,0,0
1786183696.7880447,7.506955072996789,APPROACH,BSPLINE,/home/eunseop/nrs_imitation/checkpoints/bspline/polishing/single_cam/20260808_0153,317.44696044921875,297.8313903808594,203.7559051513672,4.7939520300133154e-05,-0.00010411021503387019,1.5624583959579468,0.1457122415304184,0.06415057182312012,0.4406646490097046,354.3709716796875,290.0917663574219,227.258056640625,-0.0718691274523735,-0.07490186393260956,1.4217724800109863,0.0,0.0,0.0,0,0
1786183696.796166,7.515076447001775,APPROACH,BSPLINE,/home/eunseop/nrs_imitation/checkpoints/bspline/polishing/single_cam/20260808_0153,317.4482116699219,297.8222351074219,203.7267608642578,3.060639573959634e-05,-9.591371053829789e-05,1.5624463558197021,0.24313156306743622,-0.01281498558819294,-0.009191935881972313,354.3709716796875,290.0917663574219,227.258056640625,-0.0718691274523735,-0.07490186393260956,1.4217724800109863,0.0,0.0,0.0,0,0
1786183696.804152,7.523062631997163,APPROACH,BSPLINE,/home/eunseop/nrs_imitation/checkpoints/bspline/polishing/single_cam/20260808_0153,317.4424743652344,297.8214111328125,203.7372589111328,3.060702147195116e-05,-9.591368143446743e-05,1.5624583959579468,0.26519453525543213,-0.2670736610889435,-0.632828950881958,354.3709716796875,290.0917663574219,227.258056640625,-0.0718691274523735,-0.07490186393260956,1.4217724800109863,0.0,0.0,0.0,0,0
1786183696.8120902,7.5310006649961,APPROACH,BSPLINE,/home/eunseop/nrs_imitation/checkpoints/bspline/polishing/single_cam/20260808_0153,317.4443664550781,297.8021545410156,203.72119140625,-5.193183483243047e-07,-5.051435437053442e-05,1.5624463558197021,0.18095849454402924,0.03495732694864273,0.36597877740859985,354.3709716796875,290.0917663574219,227.258056640625,-0.0718691274523735,-0.07490186393260956,1.4217724800109863,0.0,0.0,0.0,0,0
1786183696.8200471,7.538957473007031,APPROACH,BSPLINE,/home/eunseop/nrs_imitation/checkpoints/bspline/polishing/single_cam/20260808_0153,317.45672607421875,297.8406066894531,203.7654571533203,3.2323860068572685e-05,-0.00013820429740007967,1.5624463558197021,0.15227097272872925,-0.2849220931529999,-0.29703575372695923,354.3709716796875,290.0917663574219,227.258056640625,-0.0718691274523735,-0.07490186393260956,1.4217724800109863,0.0,0.0,0.0,0,0
1786183696.8281095,7.547020013997098,APPROACH,BSPLINE,/home/eunseop/nrs_imitation/checkpoints/bspline/polishing/single_cam/20260808_0153,317.4108581542969,297.82305908203125,203.7259979248047,6.629627023357898e-05,-3.961306356359273e-05,1.5624823570251465,0.25658074021339417,-0.2835501730442047,-0.12435758858919144,354.3709716796875,290.0917663574219,227.258056640625,-0.0718691274523735,-0.07490186393260956,1.4217724800109863,0.0,0.0,0.0,0,0
1786183696.8361068,7.555017271006363,APPROACH,BSPLINE,/home/eunseop/nrs_imitation/checkpoints/bspline/polishing/single_cam/20260808_0153,317.4361877441406,297.8196105957031,203.74266052246094,3.84761588065885e-05,-7.884438673499972e-05,1.5625063180923462,-0.0670398622751236,-0.2923758625984192,-0.30894649028778076,354.3709716796875,290.0917663574219,227.258056640625,-0.0718691274523735,-0.07490186393260956,1.4217724800109863,0.0,0.0,0.0,0,0
1786183696.8441563,7.563066675997106,APPROACH,BSPLINE,/home/eunseop/nrs_imitation/checkpoints/bspline/polishing/single_cam/20260808_0153,317.4513244628906,297.8406677246094,203.7447509765625,4.452316716196947e-05,-0.00013307058543432504,1.5624583959579468,0.07043372094631195,0.06187664344906807,0.21391528844833374,354.3709716796875,290.0917663574219,227.258056640625,-0.0718691274523735,-0.07490186393260956,1.4217724800109863,0.0,0.0,0.0,0,0
1786183696.8521855,7.571096094005043,APPROACH,BSPLINE,/home/eunseop/nrs_imitation/checkpoints/bspline/polishing/single_cam/20260808_0153,317.453369140625,297.83331298828125,203.75308227539062,1.3767713426204864e-05,-8.866241842042655e-05,1.5624704360961914,-0.07071422785520554,-0.6492062211036682,-0.7657217979431152,354.3709716796875,290.0917663574219,227.258056640625,-0.0718691274523735,-0.07490186393260956,1.4217724800109863,0.0,0.0,0.0,0,0
1786183696.8601093,7.579019800003152,APPROACH,BSPLINE,/home/eunseop/nrs_imitation/checkpoints/bspline/polishing/single_cam/20260808_0153,317.42047119140625,297.7974548339844,203.69386291503906,2.607779788377229e-05,3.006115002790466e-05,1.5624463558197021,0.3510366678237915,-0.1915147602558136,0.26534873247146606,354.3709716796875,290.0917663574219,227.258056640625,-0.0718691274523735,-0.07490186393260956,1.4217724800109863,0.0,0.0,0.0,0,0
1786183696.8680823,7.586992619006196,APPROACH,BSPLINE,/home/eunseop/nrs_imitation/checkpoints/bspline/polishing/single_cam/20260808_0153,317.4292297363281,297.8162536621094,203.7041778564453,3.676173946587369e-05,-3.655190812423825e-05,1.5624583959579468,0.07739008218050003,-0.11259251087903976,-0.03797420859336853,354.3709716796875,290.0917663574219,227.258056640625,-0.0718691274523735,-0.07490186393260956,1.4217724800109863,0.0,0.0,0.0,0,0
1786183696.876074,7.594984575000126,APPROACH,BSPLINE,/home/eunseop/nrs_imitation/checkpoints/bspline/polishing/single_cam/20260808_0153,317.4447326660156,297.802978515625,203.7163848876953,-5.158188287168741e-06,-3.8128742744447663e-05,1.5624583959579468,0.4340818524360657,-0.34694063663482666,0.017306137830018997,354.3709716796875,290.0917663574219,227.258056640625,-0.0718691274523735,-0.07490186393260956,1.4217724800109863,0.0,0.0,0.0,0,0
1786183696.8841422,7.603052475998993,APPROACH,BSPLINE,/home/eunseop/nrs_imitation/checkpoints/bspline/polishing/single_cam/20260808_0153,317.4393005371094,297.8260192871094,203.73245239257812,2.5967932742787525e-05,-8.352861186722293e-05,1.5624942779541016,0.4632897973060608,-0.8886218667030334,-0.16008782386779785,354.3709716796875,290.0917663574219,227.258056640625,-0.0718691274523735,-0.07490186393260956,1.4217724800109863,0.0,0.0,0.0,0,0
1786183696.8921175,7.611027991006267,APPROACH,BSPLINE,/home/eunseop/nrs_imitation/checkpoints/bspline/polishing/single_cam/20260808_0153,317.45001220703125,297.8266906738281,203.73916625976562,5.08614830323495e-05,-7.420521433232352e-05,1.562434434890747,0.47367072105407715,-0.3672676086425781,0.04292038455605507,354.3709716796875,290.0917663574219,227.258056640625,-0.0718691274523735,-0.07490186393260956,1.4217724800109863,0.0,0.0,0.0,0,0
1786183696.9000554,7.6189657539944164,APPROACH,BSPLINE,/home/eunseop/nrs_imitation/checkpoints/bspline/polishing/single_cam/20260808_0153,317.45538330078125,297.802490234375,203.72256469726562,-2.0778159523615614e-05,-7.222360727610067e-05,1.5625063180923462,0.45753562450408936,-0.5664600133895874,-0.37199047207832336,354.3709716796875,290.0917663574219,227.258056640625,-0.0718691274523735,-0.07490186393260956,1.4217724800109863,0.0,0.0,0.0,0,0
1786183696.9080424,7.626952890001121,APPROACH,BSPLINE,/home/eunseop/nrs_imitation/checkpoints/bspline/polishing/single_cam/20260808_0153,317.4563903808594,297.8280334472656,203.73045349121094,5.896201855648542e-06,-0.00010573333565844223,1.5624823570251465,0.2808496952056885,-0.34866395592689514,0.13717207312583923,354.3709716796875,290.0917663574219,227.258056640625,-0.0718691274523735,-0.07490186393260956,1.4217724800109863,0.0,0.0,0.0,0,0
1786183696.9161088,7.635019338995335,APPROACH,BSPLINE,/home/eunseop/nrs_imitation/checkpoints/bspline/polishing/single_cam/20260808_0153,317.4286804199219,297.803466796875,203.71334838867188,3.230827860534191e-05,-2.4662091163918376e-05,1.5624583959579468,0.1622306853532791,-0.33733659982681274,-0.06806038320064545,354.3709716796875,290.0917663574219,227.258056640625,-0.0718691274523735,-0.07490186393260956,1.4217724800109863,0.0,0.0,0.0,0,0
1786183696.9242246,7.643135202000849,APPROACH,BSPLINE,/home/eunseop/nrs_imitation/checkpoints/bspline/polishing/single_cam/20260808_0153,317.4330139160156,297.8360290527344,203.73580932617188,5.086432065581903e-05,-7.420362089760602e-05,1.5624582767486572,0.3599521219730377,-0.10638570040464401,0.1739158034324646,354.3709716796875,290.0917663574219,227.258056640625,-0.0718691274523735,-0.07490186393260956,1.4217724800109863,0.0,0.0,0.0,0,0
1786183696.9321122,7.651022567995824,APPROACH,BSPLINE,/home/eunseop/nrs_imitation/checkpoints/bspline/polishing/single_cam/20260808_0153,317.423583984375,297.8034973144531,203.7009735107422,-1.114155111281434e-05,1.5557025108137168e-05,1.5624943971633911,0.22022487223148346,-0.41213399171829224,-0.3698856234550476,354.3709716796875,290.0917663574219,227.258056640625,-0.0718691274523735,-0.07490186393260956,1.4217724800109863,0.0,0.0,0.0,0,0
1786183696.9401257,7.659036195997032,APPROACH,BSPLINE,/home/eunseop/nrs_imitation/checkpoints/bspline/polishing/single_cam/20260808_0153,317.4259338378906,297.8556213378906,203.7338104248047,6.819822738179937e-05,-8.240045281127095e-05,1.5625182390213013,0.24032536149024963,-0.3614029288291931,-0.27115297317504883,354.3709716796875,290.0917663574219,227.258056640625,-0.0718691274523735,-0.07490186393260956,1.4217724800109863,0.0,0.0,0.0,0,0
1786183696.9480345,7.666944882003008,APPROACH,BSPLINE,/home/eunseop/nrs_imitation/checkpoints/bspline/polishing/single_cam/20260808_0153,317.42974853515625,297.817138671875,203.72091674804688,3.383953662705608e-05,-6.645722169196233e-05,1.5624703168869019,0.17659114301204681,-0.8748685717582703,-0.6424432396888733,354.3709716796875,290.0917663574219,227.258056640625,-0.0718691274523735,-0.07490186393260956,1.4217724800109863,0.0,0.0,0.0,0,0
1786183696.9562016,7.675112173994421,APPROACH,BSPLINE,/home/eunseop/nrs_imitation/checkpoints/bspline/polishing/single_cam/20260808_0153,317.4421081542969,297.80938720703125,203.72007751464844,1.9922381397918798e-05,-2.9300726964720525e-05,1.5624464750289917,0.3126026391983032,-0.3572065532207489,-0.5565445423126221,354.3709716796875,290.0917663574219,227.258056640625,-0.0718691274523735,-0.07490186393260956,1.4217724800109863,0.0,0.0,0.0,0,0
1786183696.9641128,7.683023064993904,APPROACH,BSPLINE,/home/eunseop/nrs_imitation/checkpoints/bspline/polishing/single_cam/20260808_0153,317.4539794921875,297.788330078125,203.6989288330078,-1.8888275008066557e-05,-1.466757794332807e-06,1.5624223947525024,0.17453445494174957,-0.10145271569490433,-0.17911191284656525,354.3709716796875,290.0917663574219,227.258056640625,-0.0718691274523735,-0.07490186393260956,1.4217724800109863,0.0,0.0,0.0,0,0
1786183696.9720757,7.690986115005217,APPROACH,BSPLINE,/home/eunseop/nrs_imitation/checkpoints/bspline/polishing/single_cam/20260808_0153,317.4407958984375,297.8177795410156,203.71914672851562,1.6505331586813554e-05,-5.826135748066008e-05,1.5624583959579468,0.07656373083591461,-0.2749001085758209,-0.5603733062744141,354.3709716796875,290.0917663574219,227.258056640625,-0.0718691274523735,-0.07490186393260956,1.4217724800109863,0.0,0.0,0.0,0,0
1786183696.9800494,7.698959706001915,APPROACH,BSPLINE,/home/eunseop/nrs_imitation/checkpoints/bspline/polishing/single_cam/20260808_0153,317.4447326660156,297.8150634765625,203.73013305664062,4.2930685594910756e-05,-9.07325666048564e-05,1.5624104738235474,-0.004563232883810997,-0.11651875823736191,0.14521199464797974,354.3709716796875,290.0917663574219,227.258056640625,-0.0718691274523735,-0.07490186393260956,1.4217724800109863,0.0,0.0,0.0,0,0
1786183696.9881768,7.707087392001995,APPROACH,BSPLINE,/home/eunseop/nrs_imitation/checkpoints/bspline/polishing/single_cam/20260808_0153,317.4493713378906,297.82464599609375,203.73382568359375,1.822138983698096e-05,-0.00010055239545181394,1.5624583959579468,0.459231436252594,-0.47043436765670776,-0.045398153364658356,354.3709716796875,290.0917663574219,227.258056640625,-0.0718691274523735,-0.07490186393260956,1.4217724800109863,0.0,0.0,0.0,0,0
1786183696.9961765,7.715086953001446,APPROACH,BSPLINE,/home/eunseop/nrs_imitation/checkpoints/bspline/polishing/single_cam/20260808_0153,317.4515075683594,297.80633544921875,203.71914672851562,1.6504525774507783e-05,-5.8261175581719726e-05,1.5624103546142578,0.2982432246208191,-0.501430869102478,-0.17768046259880066,354.3709716796875,290.0917663574219,227.258056640625,-0.0718691274523735,-0.07490186393260956,1.4217724800109863,0.0,0.0,0.0,0,0
1786183697.0040407,7.722951133997412,APPROACH,BSPLINE,/home/eunseop/nrs_imitation/checkpoints/bspline/polishing/single_cam/20260808_0153,317.452392578125,297.80810546875,203.71914672851562,4.118560354982037e-06,-6.290004239417613e-05,1.5624464750289917,0.21737371385097504,0.009139272384345531,-0.37879154086112976,354.3709716796875,290.0917663574219,227.258056640625,-0.0718691274523735,-0.07490186393260956,1.4217724800109863,0.0,0.0,0.0,0,0
1786183697.0121963,7.731106944003841,APPROACH,BSPLINE,/home/eunseop/nrs_imitation/checkpoints/bspline/polishing/single_cam/20260808_0153,317.4354248046875,297.8294982910156,203.73443603515625,3.383884904906154e-05,-6.645784014835954e-05,1.5624942779541016,0.11428537964820862,-0.17349281907081604,-0.19325780868530273,354.3709716796875,290.0917663574219,227.258056640625,-0.0718691274523735,-0.07490186393260956,1.4217724800109863,0.0,0.0,0.0,0,0
1786183697.0206375,7.739547738994588,APPROACH,BSPLINE,/home/eunseop/nrs_imitation/checkpoints/bspline/polishing/single_cam/20260808_0153,317.42510986328125,297.8075866699219,203.710205078125,3.53549730789382e-05,5.290073659125483e-06,1.5624343156814575,0.12322907894849777,-0.3478657603263855,-0.04614338278770447,354.3709716796875,290.0917663574219,227.258056640625,-0.0718691274523735,-0.07490186393260956,1.4217724800109863,0.0,0.0,0.0,0,0
1786183697.0281658,7.747076287996606,APPROACH,BSPLINE,/home/eunseop/nrs_imitation/checkpoints/bspline/polishing/single_cam/20260808_0153,317.42510986328125,297.8075866699219,203.710205078125,3.53549730789382e-05,5.290073659125483e-06,1.5624343156814575,0.26071274280548096,-0.3852534294128418,-0.06253252178430557,354.3709716796875,290.0917663574219,227.258056640625,-0.0718691274523735,-0.07490186393260956,1.4217724800109863,0.0,0.0,0.0,0,0
1786183697.03616,7.755070508006611,APPROACH,BSPLINE,/home/eunseop/nrs_imitation/checkpoints/bspline/polishing/single_cam/20260808_0153,317.41949462890625,297.8187561035156,203.70677185058594,4.774071931024082e-05,9.928804502123967e-06,1.5624583959579468,0.027698388323187828,-0.31845927238464355,-0.021911080926656723,354.3709716796875,290.0917663574219,227.258056640625,-0.0718691274523735,-0.07490186393260956,1.4217724800109863,0.0,0.0,0.0,0,0
1786183697.0441663,7.763076802002615,APPROACH,BSPLINE,/home/eunseop/nrs_imitation/checkpoints/bspline/polishing/single_cam/20260808_0153,317.4292297363281,297.8167724609375,203.728759765625,7.557225035270676e-05,-6.438513082684949e-05,1.5624223947525024,0.3109865188598633,-0.056169621646404266,0.496418297290802,354.3709716796875,290.0917663574219,227.258056640625,-0.0718691274523735,-0.07490186393260956,1.4217724800109863,0.0,0.0,0.0,0,0
1786183697.0521624,7.771072724994156,APPROACH,BSPLINE,/home/eunseop/nrs_imitation/checkpoints/bspline/polishing/single_cam/20260808_0153,317.4292297363281,297.8167724609375,203.728759765625,7.557225035270676e-05,-6.438513082684949e-05,1.5624223947525024,0.33415985107421875,-0.30143460631370544,0.13585002720355988,354.3709716796875,290.0917663574219,227.258056640625,-0.0718691274523735,-0.07490186393260956,1.4217724800109863,0.0,0.0,0.0,0,0
1786183697.060052,7.778962316006073,APPROACH,BSPLINE,/home/eunseop/nrs_imitation/checkpoints/bspline/polishing/single_cam/20260808_0153,317.4162292480469,297.79986572265625,203.69187927246094,3.071668470511213e-05,1.7675412891549058e-05,1.5624823570251465,0.37739476561546326,-0.1656937301158905,-0.03816656395792961,354.3709716796875,290.0917663574219,227.258056640625,-0.0718691274523735,-0.07490186393260956,1.4217724800109863,0.0,0.0,0.0,0,0
1786183697.0680242,7.786934303003363,APPROACH,BSPLINE,/home/eunseop/nrs_imitation/checkpoints/bspline/polishing/single_cam/20260808_0153,317.445068359375,297.8267822265625,203.73641967773438,4.305632501200307e-06,-6.339557148749009e-05,1.5624703168869019,0.20860235393047333,-0.2732456624507904,-0.16417831182479858,354.3709716796875,290.0917663574219,227.258056640625,-0.0718691274523735,-0.07490186393260956,1.4217724800109863,0.0,0.0,0.0,0,0
1786183697.076076,7.7949864550028,APPROACH,BSPLINE,/home/eunseop/nrs_imitation/checkpoints/bspline/polishing/single_cam/20260808_0153,317.4281005859375,297.8252868652344,203.71267700195312,4.158522278885357e-05,-4.94344494654797e-05,1.562530279159546,0.32521936297416687,-0.09008877724409103,0.19632582366466522,354.3709716796875,290.0917663574219,227.258056640625,-0.0718691274523735,-0.07490186393260956,1.4217724800109863,0.0,0.0,0.0,0,0
1786183697.0841506,7.803061069003888,APPROACH,BSPLINE,/home/eunseop/nrs_imitation/checkpoints/bspline/polishing/single_cam/20260808_0153,317.4376525878906,297.8464660644531,203.73802185058594,8.211391104850918e-05,-0.0001195564036606811,1.5624463558197021,0.2603384852409363,-0.2768501341342926,-0.14236612617969513,354.3709716796875,290.0917663574219,227.258056640625,-0.0718691274523735,-0.07490186393260956,1.4217724800109863,0.0,0.0,0.0,0,0
1786183697.092075,7.810985364994849,APPROACH,BSPLINE,/home/eunseop/nrs_imitation/checkpoints/bspline/polishing/single_cam/20260808_0153,317.4241027832031,297.8164978027344,203.7195281982422,2.9200282369856723e-05,-5.4072297643870115e-05,1.5625183582305908,0.29374265670776367,-0.17461982369422913,0.03181225806474686,354.3709716796875,290.0917663574219,227.258056640625,-0.0718691274523735,-0.07490186393260956,1.4217724800109863,0.0,0.0,0.0,0,0
1786183697.1001847,7.8190950069983955,APPROACH,BSPLINE,/home/eunseop/nrs_imitation/checkpoints/bspline/polishing/single_cam/20260808_0153,317.4367980957031,297.82110595703125,203.7234344482422,3.2308373192790896e-05,-2.466185651428532e-05,1.5624463558197021,0.2442871779203415,-0.4350734353065491,-0.11879576742649078,354.3709716796875,290.0917663574219,227.258056640625,-0.0718691274523735,-0.07490186393260956,1.4217724800109863,0.0,0.0,0.0,0,0
1786183697.1081686,7.827079427996068,APPROACH,BSPLINE,/home/eunseop/nrs_imitation/checkpoints/bspline/polishing/single_cam/20260808_0153,317.44482421875,297.791748046875,203.701416015625,2.588308234408032e-06,-2.1104602637933567e-05,1.5624703168869019,0.2629585862159729,-0.44365325570106506,-0.450289249420166,354.3709716796875,290.0917663574219,227.258056640625,-0.0718691274523735,-0.07490186393260956,1.4217724800109863,0.0,0.0,0.0,0,0
1786183697.1160445,7.83495497200056,APPROACH,BSPLINE,/home/eunseop/nrs_imitation/checkpoints/bspline/polishing/single_cam/20260808_0153,317.4344787597656,297.8281555175781,203.72901916503906,7.575779454782605e-05,-6.488055078079924e-05,1.5624223947525024,0.5002001523971558,-0.3770497739315033,-0.1550464779138565,354.3709716796875,290.0917663574219,227.258056640625,-0.0718691274523735,-0.07490186393260956,1.4217724800109863,0.0,0.0,0.0,0,0
1786183697.1242237,7.843134256007033,APPROACH,BSPLINE,/home/eunseop/nrs_imitation/checkpoints/bspline/polishing/single_cam/20260808_0153,317.4651794433594,297.83587646484375,203.73458862304688,3.231898881494999e-05,-0.00013820591266267002,1.5624704360961914,0.12546104192733765,-0.06972053647041321,0.277601420879364,354.3709716796875,290.0917663574219,227.258056640625,-0.0718691274523735,-0.07490186393260956,1.4217724800109863,0.0,0.0,0.0,0,0
1786183697.132166,7.851076446997467,APPROACH,BSPLINE,/home/eunseop/nrs_imitation/checkpoints/bspline/polishing/single_cam/20260808_0153,317.4465026855469,297.8189392089844,203.72962951660156,2.9199074560892768e-05,-5.407238131738268e-05,1.5624583959579468,0.1295529007911682,-0.3761823773384094,0.007055297028273344,354.3709716796875,290.0917663574219,227.258056640625,-0.0718691274523735,-0.07490186393260956,1.4217724800109863,0.0,0.0,0.0,0,0
1786183697.1401653,7.8590758469945285,APPROACH,BSPLINE,/home/eunseop/nrs_imitation/checkpoints/bspline/polishing/single_cam/20260808_0153,317.43328857421875,297.8133544921875,203.72091674804688,3.383839793968946e-05,-6.645793473580852e-05,1.5624823570251465,0.2939944565296173,-0.09433700889348984,0.10931718349456787,354.3709716796875,290.0917663574219,227.258056640625,-0.0718691274523735,-0.07490186393260956,1.4217724800109863,0.0,0.0,0.0,0,0
1786183697.1480587,7.866969024005812,APPROACH,BSPLINE,/home/eunseop/nrs_imitation/checkpoints/bspline/polishing/single_cam/20260808_0153,317.4298095703125,297.8409118652344,203.74681091308594,7.728879427304491e-05,-0.0001066770200850442,1.5624942779541016,0.23914338648319244,-0.39121392369270325,-0.37099388241767883,354.3709716796875,290.0917663574219,227.258056640625,-0.0718691274523735,-0.07490186393260956,1.4217724800109863,0.0,0.0,0.0,0,0
1786183697.1560743,7.874984726004186,APPROACH,BSPLINE,/home/eunseop/nrs_imitation/checkpoints/bspline/polishing/single_cam/20260808_0153,317.4571533203125,297.8184509277344,203.73580932617188,1.3580563063442241e-05,-8.816708577796817e-05,1.5624583959579468,0.11280535161495209,-0.24905148148536682,-0.43958359956741333,354.3709716796875,290.0917663574219,227.258056640625,-0.0718691274523735,-0.07490186393260956,1.4217724800109863,0.0,0.0,0.0,0,0
1786183697.1640563,7.88296679299674,APPROACH,BSPLINE,/home/eunseop/nrs_imitation/checkpoints/bspline/polishing/single_cam/20260808_0153,317.44476318359375,297.7794189453125,203.67889404296875,-5.324624726199545e-05,1.4476870092039462e-05,1.5624823570251465,0.280316025018692,-0.2809712588787079,0.1547475904226303,354.3709716796875,290.0917663574219,227.258056640625,-0.0718691274523735,-0.07490186393260956,1.4217724800109863,0.0,0.0,0.0,0,0
1786183697.1720972,7.891007893005735,APPROACH,BSPLINE,/home/eunseop/nrs_imitation/checkpoints/bspline/polishing/single_cam/20260808_0153,317.4520263671875,297.819091796875,203.73382568359375,3.0605773645220324e-05,-9.591373964212835e-05,1.562434434890747,0.3063219487667084,-0.4210312068462372,-0.27466335892677307,354.3709716796875,290.0917663574219,227.258056640625,-0.0718691274523735,-0.07490186393260956,1.4217724800109863,0.0,0.0,0.0,0,0
1786183697.1811001,7.900013439008035,APPROACH,BSPLINE,/home/eunseop/nrs_imitation/checkpoints/bspline/polishing/single_cam/20260808_0153,317.4456787109375,297.828857421875,203.74879455566406,6.0138980188639835e-05,-9.89764230325818e-05,1.5624464750289917,0.1308141052722931,-0.05948597192764282,0.1289847493171692,354.3709716796875,290.0917663574219,227.258056640625,-0.0718691274523735,-0.07490186393260956,1.4217724800109863,0.0,0.0,0.0,0,0
1786183697.1880925,7.907002755993744,APPROACH,BSPLINE,/home/eunseop/nrs_imitation/checkpoints/bspline/polishing/single_cam/20260808_0153,317.44140625,297.8074645996094,203.72091674804688,2.1328738512238488e-05,-7.114267646102235e-05,1.5624583959579468,0.3360024690628052,-0.6219696998596191,-0.4421822130680084,354.3709716796875,290.0917663574219,227.258056640625,-0.0718691274523735,-0.07490186393260956,1.4217724800109863,0.0,0.0,0.0,0,0
1786183697.1960316,7.914941719995113,APPROACH,BSPLINE,/home/eunseop/nrs_imitation/checkpoints/bspline/polishing/single_cam/20260808_0153,317.4502868652344,297.82666015625,203.73770141601562,3.195198223693296e-05,-0.00013721386494580656,1.5624583959579468,0.3311915397644043,-0.22823156416416168,0.30584779381752014,354.3709716796875,290.0917663574219,227.258056640625,-0.0718691274523735,-0.07490186393260956,1.4217724800109863,0.0,0.0,0.0,0,0
1786183697.2054179,7.924328285997035,APPROACH,BSPLINE,/home/eunseop/nrs_imitation/checkpoints/bspline/polishing/single_cam/20260808_0153,317.42724609375,297.8008117675781,203.7085418701172,5.256460644886829e-05,-2.9528639515774557e-06,1.5624103546142578,0.3047942519187927,-0.03004293702542782,0.6376835703849792,354.3709716796875,290.0917663574219,227.258056640625,-0.0718691274523735,-0.07490186393260956,1.4217724800109863,0.0,0.0,0.0,0,0
1786183697.2120352,7.930945410000277,APPROACH,BSPLINE,/home/eunseop/nrs_imitation/checkpoints/bspline/polishing/single_cam/20260808_0153,317.4329528808594,297.8246154785156,203.72052001953125,5.8547244407236576e-05,-5.664010677719489e-05,1.5624942779541016,0.314808189868927,-0.2400728166103363,0.006307889707386494,354.3709716796875,290.0917663574219,227.258056640625,-0.0718691274523735,-0.07490186393260956,1.4217724800109863,0.0,0.0,0.0,0,0
1786183697.2201762,7.939086782003869,APPROACH,BSPLINE,/home/eunseop/nrs_imitation/checkpoints/bspline/polishing/single_cam/20260808_0153,317.4393615722656,297.8265380859375,203.72962951660156,2.9200369681348093e-05,-5.407168282545172e-05,1.5624583959579468,0.2861148416996002,-0.3788363039493561,-0.3257788121700287,354.3709716796875,290.0917663574219,227.258056640625,-0.0718691274523735,-0.07490186393260956,1.4217724800109863,0.0,0.0,0.0,0,0
1786183697.228119,7.9470294839993585,APPROACH,BSPLINE,/home/eunseop/nrs_imitation/checkpoints/bspline/polishing/single_cam/20260808_0153,317.4306640625,297.81915283203125,203.7296905517578,2.9200185963418335e-05,-5.4072123020887375e-05,1.5624942779541016,0.3038184344768524,-0.3162936270236969,-0.3407638967037201,354.3709716796875,290.0917663574219,227.258056640625,-0.0718691274523735,-0.07490186393260956,1.4217724800109863,0.0,0.0,0.0,0,0
1786183697.2360725,7.954982905997895,APPROACH,BSPLINE,/home/eunseop/nrs_imitation/checkpoints/bspline/polishing/single_cam/20260808_0153,317.4311218261719,297.8092956542969,203.7344970703125,7.111834565876052e-05,-5.249632158665918e-05,1.562434434890747,0.38884249329566956,-0.31251728534698486,0.1205623596906662,354.3709716796875,290.0917663574219,227.258056640625,-0.0718691274523735,-0.07490186393260956,1.4217724800109863,0.0,0.0,0.0,0,0
1786183697.244156,7.96306644800643,APPROACH,BSPLINE,/home/eunseop/nrs_imitation/checkpoints/bspline/polishing/single_cam/20260808_0153,317.4410095214844,297.8187561035156,203.73245239257812,5.086093005957082e-05,-7.420630572596565e-05,1.5624823570251465,0.10757721960544586,-0.11361093074083328,-0.02860555425286293,354.3709716796875,290.0917663574219,227.258056640625,-0.0718691274523735,-0.07490186393260956,1.4217724800109863,0.0,0.0,0.0,0,0
1786183697.2522345,7.9711450900067575,APPROACH,BSPLINE,/home/eunseop/nrs_imitation/checkpoints/bspline/polishing/single_cam/20260808_0153,317.4263916015625,297.8098449707031,203.7085418701172,1.5284276742022485e-05,-1.691483885224443e-05,1.5624823570251465,0.2778107225894928,-0.37606891989707947,-0.25097978115081787,354.3709716796875,290.0917663574219,227.258056640625,-0.0718691274523735,-0.07490186393260956,1.4217724800109863,0.0,0.0,0.0,0,0
1786183697.2600322,7.97894259399618,APPROACH,BSPLINE,/home/eunseop/nrs_imitation/checkpoints/bspline/polishing/single_cam/20260808_0153,317.4512634277344,297.8292541503906,203.74139404296875,5.7029577874345705e-05,-0.00012838684779126197,1.5624583959579468,0.2205134779214859,-0.280435174703598,0.019990799948573112,354.3709716796875,290.0917663574219,227.258056640625,-0.0718691274523735,-0.07490186393260956,1.4217724800109863,0.0,0.0,0.0,0,0
1786183697.2681544,7.987064799002837,APPROACH,BSPLINE,/home/eunseop/nrs_imitation/checkpoints/bspline/polishing/single_cam/20260808_0153,317.4513854980469,297.817626953125,203.7315673828125,3.52431416104082e-05,-0.00010830016253748909,1.5624583959579468,0.1983068734407425,-0.29663315415382385,-0.482181191444397,354.3709716796875,290.0917663574219,227.258056640625,-0.0718691274523735,-0.07490186393260956,1.4217724800109863,0.0,0.0,0.0,0,0
1786183697.2761462,7.995056594998459,APPROACH,BSPLINE,/home/eunseop/nrs_imitation/checkpoints/bspline/polishing/single_cam/20260808_0153,317.4592590332031,297.822509765625,203.7425994873047,-1.1314256880723406e-05,-9.74908543867059e-05,1.5624943971633911,0.1473395824432373,-0.4261665940284729,-0.45229148864746094,354.3709716796875,290.0917663574219,227.258056640625,-0.0718691274523735,-0.07490186393260956,1.4217724800109863,0.0,0.0,0.0,0,0
1786183697.2841778,8.003088076002314,APPROACH,BSPLINE,/home/eunseop/nrs_imitation/checkpoints/bspline/polishing/single_cam/20260808_0153,317.44171142578125,297.796875,203.70082092285156,2.43746235355502e-05,-4.119150253245607e-05,1.5624583959579468,0.1247917115688324,-0.3329066336154938,-0.2928088903427124,354.3709716796875,290.0917663574219,227.258056640625,-0.0718691274523735,-0.07490186393260956,1.4217724800109863,0.0,0.0,0.0,0,0
1786183697.2921546,8.011065002996475,APPROACH,BSPLINE,/home/eunseop/nrs_imitation/checkpoints/bspline/polishing/single_cam/20260808_0153,317.41943359375,297.8299560546875,203.728759765625,6.318809028016403e-05,-6.902367022121325e-05,1.5624943971633911,0.24937206506729126,-0.2633347511291504,-0.030161891132593155,354.3709716796875,290.0917663574219,227.258056640625,-0.0718691274523735,-0.07490186393260956,1.4217724800109863,0.0,0.0,0.0,0,0
1786183697.3001494,8.019059985002968,APPROACH,BSPLINE,/home/eunseop/nrs_imitation/checkpoints/bspline/polishing/single_cam/20260808_0153,317.4405212402344,297.8174133300781,203.73304748535156,2.919889084296301e-05,-5.4072821512818336e-05,1.5624942779541016,0.06251507252454758,-0.34258759021759033,-0.0522560216486454,354.3709716796875,290.0917663574219,227.258056640625,-0.0718691274523735,-0.07490186393260956,1.4217724800109863,0.0,0.0,0.0,0,0
1786183697.3081467,8.027057180996053,APPROACH,BSPLINE,/home/eunseop/nrs_imitation/checkpoints/bspline/polishing/single_cam/20260808_0153,317.44830322265625,297.7991943359375,203.7163848876953,-5.158407020644518e-06,-3.8128651794977486e-05,1.5624464750289917,0.16639018058776855,0.014820663258433342,0.04196668416261673,354.3709716796875,290.0917663574219,227.258056640625,-0.0718691274523735,-0.07490186393260956,1.4217724800109863,0.0,0.0,0.0,0,0
1786183697.3176324,8.036542996997014,APPROACH,BSPLINE,/home/eunseop/nrs_imitation/checkpoints/bspline/polishing/single_cam/20260808_0153,317.4335632324219,297.81341552734375,203.6912078857422,-9.796678568818606e-06,-2.5743323931237683e-05,1.5625183582305908,0.1475493311882019,-0.30120429396629333,-0.07795208692550659,354.3709716796875,290.0917663574219,227.258056640625,-0.0718691274523735,-0.07490186393260956,1.4217724800109863,0.0,0.0,0.0,0,0
1786183697.324225,8.043135523999808,APPROACH,BSPLINE,/home/eunseop/nrs_imitation/checkpoints/bspline/polishing/single_cam/20260808_0153,317.4522705078125,297.8079833984375,203.72145080566406,1.20504973892821e-05,-4.637158417608589e-05,1.5624583959579468,0.26089751720428467,-0.018356647342443466,0.4598957598209381,354.3709716796875,290.0917663574219,227.258056640625,-0.0718691274523735,-0.07490186393260956,1.4217724800109863,0.0,0.0,0.0,0,0
1786183697.3321228,8.051033409996307,APPROACH,BSPLINE,/home/eunseop/nrs_imitation/checkpoints/bspline/polishing/single_cam/20260808_0153,317.4382019042969,297.8121032714844,203.7041778564453,1.1866617569467053e-05,-4.587572402670048e-05,1.5624583959579468,0.25848332047462463,-0.21827901899814606,-0.060103315860033035,354.3709716796875,290.0917663574219,227.258056640625,-0.0718691274523735,-0.07490186393260956,1.4217724800109863,0.0,0.0,0.0,0,0
1786183697.3419337,8.060844278006698,APPROACH,BSPLINE,/home/eunseop/nrs_imitation/checkpoints/bspline/polishing/single_cam/20260808_0153,317.441162109375,297.81884765625,203.7420654296875,4.775289198732935e-05,-0.0001036156972986646,1.5624823570251465,0.20005427300930023,-0.1606573611497879,0.2254791557788849,354.3709716796875,290.0917663574219,227.258056640625,-0.0718691274523735,-0.07490186393260956,1.4217724800109863,0.0,0.0,0.0,0,0
1786183697.3481786,8.067089960997691,APPROACH,BSPLINE,/home/eunseop/nrs_imitation/checkpoints/bspline/polishing/single_cam/20260808_0153,317.4227600097656,297.79046630859375,203.69529724121094,5.821250852022786e-06,8.351908036274835e-06,1.5624583959579468,0.16562704741954803,-0.3746991753578186,0.7115821242332458,354.3709716796875,290.0917663574219,227.258056640625,-0.0718691274523735,-0.07490186393260956,1.4217724800109863,0.0,0.0,0.0,0,0
1786183697.3560572,8.074967367996578,APPROACH,BSPLINE,/home/eunseop/nrs_imitation/checkpoints/bspline/polishing/single_cam/20260808_0153,317.4353942871094,297.81805419921875,203.73106384277344,4.622397318598814e-05,-6.181915523484349e-05,1.5624583959579468,0.15918473899364471,-0.17714470624923706,0.0785640999674797,354.3709716796875,290.0917663574219,227.258056640625,-0.0718691274523735,-0.07490186393260956,1.4217724800109863,0.0,0.0,0.0,0,0
1786183697.3640683,8.082978812002693,APPROACH,BSPLINE,/home/eunseop/nrs_imitation/checkpoints/bspline/polishing/single_cam/20260808_0153,317.42791748046875,297.81341552734375,203.6931915283203,2.2845557396067306e-05,6.051260470485431e-07,1.5624463558197021,0.22443877160549164,-0.24147860705852509,-0.14354458451271057,354.3709716796875,290.0917663574219,227.258056640625,-0.0718691274523735,-0.07490186393260956,1.4217724800109863,0.0,0.0,0.0,0,0
1786183697.3722064,8.091116957002669,APPROACH,BSPLINE,/home/eunseop/nrs_imitation/checkpoints/bspline/polishing/single_cam/20260808_0153,317.4432373046875,297.8114929199219,203.73846435546875,1.2052383681293577e-05,-4.6370852942345664e-05,1.5624223947525024,-0.0454389862716198,-0.6503169536590576,-0.3513234555721283,354.3709716796875,290.0917663574219,227.258056640625,-0.0718691274523735,-0.07490186393260956,1.4217724800109863,0.0,0.0,0.0,0,0
1786183697.3801718,8.099082322994946,APPROACH,BSPLINE,/home/eunseop/nrs_imitation/checkpoints/bspline/polishing/single_cam/20260808_0153,317.46319580078125,297.80810546875,203.70449829101562,-1.2659071217058226e-05,-5.6189921451732516e-05,1.5624463558197021,0.39055854082107544,-0.6129738688468933,0.0748012438416481,354.3709716796875,290.0917663574219,227.258056640625,-0.0718691274523735,-0.07490186393260956,1.4217724800109863,0.0,0.0,0.0,0,0
1786183697.3881001,8.107010485997307,APPROACH,BSPLINE,/home/eunseop/nrs_imitation/checkpoints/bspline/polishing/single_cam/20260808_0153,317.4309387207031,297.7971496582031,203.70623779296875,4.4631990022026e-05,-1.9481582057778724e-05,1.5624103546142578,0.18005166947841644,-0.11487966775894165,0.20887623727321625,354.3709716796875,290.0917663574219,227.258056640625,-0.0718691274523735,-0.07490186393260956,1.4217724800109863,0.0,0.0,0.0,0,0
1786183697.3960383,8.114948839996941,APPROACH,BSPLINE,/home/eunseop/nrs_imitation/checkpoints/bspline/polishing/single_cam/20260808_0153,317.4413757324219,297.79541015625,203.70716857910156,-2.6759562388178892e-05,-1.8537675714469515e-05,1.5624943971633911,-0.019598569720983505,-0.16356757283210754,0.5142716765403748,354.3709716796875,290.0917663574219,227.258056640625,-0.0718691274523735,-0.07490186393260956,1.4217724800109863,0.0,0.0,0.0,0,0
1786183697.404087,8.1229974040034,APPROACH,BSPLINE,/home/eunseop/nrs_imitation/checkpoints/bspline/polishing/single_cam/20260808_0153,317.4410095214844,297.8187561035156,203.72052001953125,4.6037697757128626e-05,-6.132428097771481e-05,1.5624583959579468,0.07097536325454712,-0.259218692779541,-0.1072242334485054,354.3709716796875,290.0917663574219,227.258056640625,-0.0718691274523735,-0.07490186393260956,1.4217724800109863,0.0,0.0,0.0,0,0
1786183697.4121573,8.131067719994462,APPROACH,BSPLINE,/home/eunseop/nrs_imitation/checkpoints/bspline/polishing/single_cam/20260808_0153,317.4488525390625,297.800048828125,203.7331085205078,-8.205061021726578e-06,-6.808050238760188e-05,1.5624583959579468,0.4232678711414337,-0.18213121592998505,0.38336849212646484,354.3709716796875,290.0917663574219,227.258056640625,-0.0718691274523735,-0.07490186393260956,1.4217724800109863,0.0,0.0,0.0,0,0
1786183697.4200327,8.138943123005447,APPROACH,BSPLINE,/home/eunseop/nrs_imitation/checkpoints/bspline/polishing/single_cam/20260808_0153,317.44866943359375,297.8117980957031,203.72145080566406,1.2050795703544281e-05,-4.6371587814064696e-05,1.5624704360961914,0.11661093682050705,-0.384054958820343,0.31066539883613586,354.3709716796875,290.0917663574219,227.258056640625,-0.0718691274523735,-0.07490186393260956,1.4217724800109863,0.0,0.0,0.0,0,0
1786183697.4280958,8.147006205006619,APPROACH,BSPLINE,/home/eunseop/nrs_imitation/checkpoints/bspline/polishing/single_cam/20260808_0153,317.4372863769531,297.8106384277344,203.72488403320312,3.694672341225669e-05,-3.704765549628064e-05,1.562434434890747,0.06540212035179138,-0.09539227932691574,0.5483526587486267,354.3709716796875,290.0917663574219,227.258056640625,-0.0718691274523735,-0.07490186393260956,1.4217724800109863,0.0,0.0,0.0,0,0
1786183697.4362438,8.15515432000393,APPROACH,BSPLINE,/home/eunseop/nrs_imitation/checkpoints/bspline/polishing/single_cam/20260808_0153,317.4032897949219,297.7713928222656,203.66091918945312,-5.171806606085738e-06,7.541460945503786e-05,1.5624942779541016,0.2533763349056244,-0.6840397119522095,0.0629347562789917,354.3709716796875,290.0917663574219,227.258056640625,-0.0718691274523735,-0.07490186393260956,1.4217724800109863,0.0,0.0,0.0,0,0
1786183697.4441166,8.163026927999454,APPROACH,BSPLINE,/home/eunseop/nrs_imitation/checkpoints/bspline/polishing/single_cam/20260808_0153,317.419677734375,297.83062744140625,203.72625732421875,6.648160342592746e-05,-4.010835618828423e-05,1.5624582767486572,0.3508244454860687,-0.28753408789634705,-0.17096282541751862,354.3709716796875,290.0917663574219,227.258056640625,-0.0718691274523735,-0.07490186393260956,1.4217724800109863,0.0,0.0,0.0,0,0
1786183697.45273,8.171640123007819,APPROACH,BSPLINE,/home/eunseop/nrs_imitation/checkpoints/bspline/polishing/single_cam/20260808_0153,317.45208740234375,297.7839660644531,203.70716857910156,-2.6759609681903385e-05,-1.8537233700044453e-05,1.5624463558197021,0.14857587218284607,-0.2899399995803833,0.09423480927944183,354.3709716796875,290.0917663574219,227.258056640625,-0.0718691274523735,-0.07490186393260956,1.4217724800109863,0.0,0.0,0.0,0,0
1786183697.4600782,8.178988547006156,APPROACH,BSPLINE,/home/eunseop/nrs_imitation/checkpoints/bspline/polishing/single_cam/20260808_0153,317.42083740234375,297.79827880859375,203.69607543945312,4.4632324716076255e-05,-1.9481412891764194e-05,1.5624463558197021,0.07319994270801544,0.20285747945308685,0.4581744074821472,354.3709716796875,290.0917663574219,227.258056640625,-0.0718691274523735,-0.07490186393260956,1.4217724800109863,0.0,0.0,0.0,0,0
1786183697.4680662,8.186976626006071,APPROACH,BSPLINE,/home/eunseop/nrs_imitation/checkpoints/bspline/polishing/single_cam/20260808_0153,317.4393310546875,297.81536865234375,203.73013305664062,6.782428681617603e-05,-8.141016587615013e-05,1.5624223947525024,0.04134131222963333,-0.13821987807750702,-0.030802736058831215,354.3709716796875,290.0917663574219,227.258056640625,-0.0718691274523735,-0.07490186393260956,1.4217724800109863,0.0,0.0,0.0,0,0
1786183697.4760575,8.194967891002307,APPROACH,BSPLINE,/home/eunseop/nrs_imitation/checkpoints/bspline/polishing/single_cam/20260808_0153,317.448486328125,297.81109619140625,203.7239532470703,8.758384865359403e-06,-7.52854612073861e-05,1.5624343156814575,0.3964422047138214,0.03335556387901306,-0.25717487931251526,354.3709716796875,290.0917663574219,227.258056640625,-0.0718691274523735,-0.07490186393260956,1.4217724800109863,0.0,0.0,0.0,0,0
1786183697.4840362,8.202946531004272,APPROACH,BSPLINE,/home/eunseop/nrs_imitation/checkpoints/bspline/polishing/single_cam/20260808_0153,317.4374694824219,297.8225402832031,203.72052001953125,4.603842899086885e-05,-6.132372800493613e-05,1.5624583959579468,0.49753689765930176,-0.24223104119300842,-0.0742967277765274,354.3709716796875,290.0917663574219,227.258056640625,-0.0718691274523735,-0.07490186393260956,1.4217724800109863,0.0,0.0,0.0,0,0
1786183697.4921591,8.211069678000058,APPROACH,BSPLINE,/home/eunseop/nrs_imitation/checkpoints/bspline/polishing/single_cam/20260808_0153,317.42437744140625,297.8056945800781,203.70401000976562,1.3568344911618624e-05,2.5376215489814058e-05,1.5624704360961914,0.09474343806505203,-0.14464212954044342,0.04125039279460907,354.3709716796875,290.0917663574219,227.258056640625,-0.0718691274523735,-0.07490186393260956,1.4217724800109863,0.0,0.0,0.0,0,0
1786183697.500045,8.218955531003303,APPROACH,BSPLINE,/home/eunseop/nrs_imitation/checkpoints/bspline/polishing/single_cam/20260808_0153,317.4445495605469,297.814697265625,203.71664428710938,1.9922381397918798e-05,-2.9300726964720525e-05,1.5624464750289917,0.2010311782360077,-0.2339380532503128,-0.5525186657905579,354.3709716796875,290.0917663574219,227.258056640625,-0.0718691274523735,-0.07490186393260956,1.4217724800109863,0.0,0.0,0.0,0,0
1786183697.5082018,8.227112161999685,APPROACH,BSPLINE,/home/eunseop/nrs_imitation/checkpoints/bspline/polishing/single_cam/20260808_0153,317.4389343261719,297.80194091796875,203.6966094970703,-1.4435468983720057e-05,-1.3357345778786112e-05,1.5624943971633911,0.1895931214094162,-0.28184428811073303,-0.018221357837319374,354.3709716796875,290.0917663574219,227.258056640625,-0.0718691274523735,-0.07490186393260956,1.4217724800109863,0.0,0.0,0.0,0,0
1786183697.5161474,8.235057950005285,APPROACH,BSPLINE,/home/eunseop/nrs_imitation/checkpoints/bspline/polishing/single_cam/20260808_0153,317.42938232421875,297.8160705566406,203.7099151611328,7.413500497932546e-06,-3.398573971935548e-05,1.5625063180923462,0.15344098210334778,-0.1026240661740303,0.2100396305322647,354.3709716796875,290.0917663574219,227.258056640625,-0.0718691274523735,-0.07490186393260956,1.4217724800109863,0.0,0.0,0.0,0,0
1786183697.5241625,8.243073000994627,APPROACH,BSPLINE,/home/eunseop/nrs_imitation/checkpoints/bspline/polishing/single_cam/20260808_0153,317.43182373046875,297.8218994140625,203.71914672851562,4.1400682675885037e-05,-4.8937214160105214e-05,1.5624463558197021,0.41033369302749634,-0.1978628933429718,-0.3807816803455353,354.3709716796875,290.0917663574219,227.258056640625,-0.0718691274523735,-0.07490186393260956,1.4217724800109863,0.0,0.0,0.0,0,0
1786183697.5321574,8.2510678020044,APPROACH,BSPLINE,/home/eunseop/nrs_imitation/checkpoints/bspline/polishing/single_cam/20260808_0153,317.43115234375,297.809326171875,203.72256469726562,6.62945385556668e-05,-3.961472611990757e-05,1.5624223947525024,0.2720661163330078,-0.14902245998382568,-0.4389972686767578,354.3709716796875,290.0917663574219,227.258056640625,-0.0718691274523735,-0.07490186393260956,1.4217724800109863,0.0,0.0,0.0,0,0
1786183697.543185,8.26209528700565,APPROACH,BSPLINE,/home/eunseop/nrs_imitation/checkpoints/bspline/polishing/single_cam/20260808_0153,317.4339904785156,297.81536865234375,203.7056121826172,5.40949622518383e-05,-4.4747968786396086e-05,1.5624223947525024,0.3337249457836151,-0.3228912651538849,-0.36329764127731323,354.3709716796875,290.0917663574219,227.258056640625,-0.0718691274523735,-0.07490186393260956,1.4217724800109863,0.0,0.0,0.0,0,0
1786183697.548038,8.266948215998127,APPROACH,BSPLINE,/home/eunseop/nrs_imitation/checkpoints/bspline/polishing/single_cam/20260808_0153,317.42999267578125,297.80633544921875,203.71241760253906,4.139964221394621e-05,-4.893836739938706e-05,1.5624703168869019,0.09785185009241104,-0.20152229070663452,0.13629689812660217,354.3709716796875,290.0917663574219,227.258056640625,-0.0718691274523735,-0.07490186393260956,1.4217724800109863,0.0,0.0,0.0,0,0
1786183697.5560842,8.274994566003443,APPROACH,BSPLINE,/home/eunseop/nrs_imitation/checkpoints/bspline/polishing/single_cam/20260808_0153,317.4453430175781,297.8047790527344,203.71295166015625,1.9736216927412897e-05,-2.8805865440517664e-05,1.5624703168869019,0.2630167007446289,-0.22088347375392914,0.40527307987213135,354.3709716796875,290.0917663574219,227.258056640625,-0.0718691274523735,-0.07490186393260956,1.4217724800109863,0.0,0.0,0.0,0,0
1786183697.564001,8.28291150899895,APPROACH,BSPLINE,/home/eunseop/nrs_imitation/checkpoints/bspline/polishing/single_cam/20260808_0153,317.4378662109375,297.7885437011719,203.71678161621094,1.992217221413739e-05,-2.9300799724296667e-05,1.562434434890747,0.19531404972076416,-0.40824177861213684,-0.11235851049423218,354.3709716796875,290.0917663574219,227.258056640625,-0.0718691274523735,-0.07490186393260956,1.4217724800109863,0.0,0.0,0.0,0,0
1786183697.5720813,8.290991884001414,APPROACH,BSPLINE,/home/eunseop/nrs_imitation/checkpoints/bspline/polishing/single_cam/20260808_0153,317.4428405761719,297.8222351074219,203.73245239257812,2.5967392502934672e-05,-8.352863369509578e-05,1.5624823570251465,0.29743096232414246,0.10584738850593567,0.394318550825119,354.3709716796875,290.0917663574219,227.258056640625,-0.0718691274523735,-0.07490186393260956,1.4217724800109863,0.0,0.0,0.0,0,0
1786183697.5801165,8.29902699199738,APPROACH,BSPLINE,/home/eunseop/nrs_imitation/checkpoints/bspline/polishing/single_cam/20260808_0153,317.44183349609375,297.82000732421875,203.72824096679688,1.2051649719069246e-05,-4.637144593289122e-05,1.5624823570251465,0.5374951958656311,-0.15536372363567352,0.1034879982471466,354.3709716796875,290.0917663574219,227.258056640625,-0.0718691274523735,-0.07490186393260956,1.4217724800109863,0.0,0.0,0.0,0,0
1786183697.5880635,8.306973742000991,APPROACH,BSPLINE,/home/eunseop/nrs_imitation/checkpoints/bspline/polishing/single_cam/20260808_0153,317.4404296875,297.81695556640625,203.7239532470703,2.114326889568474e-05,-7.064747478580102e-05,1.5624823570251465,0.24657464027404785,-0.6236823201179504,-0.4150858223438263,354.3709716796875,290.0917663574219,227.258056640625,-0.0718691274523735,-0.07490186393260956,1.4217724800109863,0.0,0.0,0.0,0,0
1786183697.5961244,8.315034729996114,APPROACH,BSPLINE,/home/eunseop/nrs_imitation/checkpoints/bspline/polishing/single_cam/20260808_0153,317.42413330078125,297.8049621582031,203.7184295654297,1.5098727089934982e-05,-1.6419411622337066e-05,1.5624823570251465,0.06276702880859375,-0.3480117917060852,0.5450156927108765,354.3709716796875,290.0917663574219,227.258056640625,-0.0718691274523735,-0.07490186393260956,1.4217724800109863,0.0,0.0,0.0,0,0
1786183697.6040573,8.322967713000253,APPROACH,BSPLINE,/home/eunseop/nrs_imitation/checkpoints/bspline/polishing/single_cam/20260808_0153,317.44793701171875,297.83306884765625,203.73526000976562,2.3045720809022896e-05,-0.00011343382357154042,1.5624823570251465,0.14543962478637695,-0.33488187193870544,-0.2249748855829239,354.3709716796875,290.0917663574219,227.258056640625,-0.0718691274523735,-0.07490186393260956,1.4217724800109863,0.0,0.0,0.0,0,0
1786183697.6121051,8.331015766001656,APPROACH,BSPLINE,/home/eunseop/nrs_imitation/checkpoints/bspline/polishing/single_cam/20260808_0153,317.4479675292969,297.82159423828125,203.73443603515625,8.943519787862897e-06,-7.578131044283509e-05,1.5624704360961914,0.3007827699184418,-0.2915116548538208,-0.14990870654582977,354.3709716796875,290.0917663574219,227.258056640625,-0.0718691274523735,-0.07490186393260956,1.4217724800109863,0.0,0.0,0.0,0,0
1786183697.62026,8.339170745006413,APPROACH,BSPLINE,/home/eunseop/nrs_imitation/checkpoints/bspline/polishing/single_cam/20260808_0153,317.44171142578125,297.8433837890625,203.74766540527344,5.568812775891274e-05,-8.708481618668884e-05,1.5624463558197021,0.23946799337863922,-0.12797346711158752,0.09415926039218903,354.3709716796875,290.0917663574219,227.258056640625,-0.0718691274523735,-0.07490186393260956,1.4217724800109863,0.0,0.0,0.0,0,0
1786183697.6281464,8.347056768005132,APPROACH,BSPLINE,/home/eunseop/nrs_imitation/checkpoints/bspline/polishing/single_cam/20260808_0153,317.4353942871094,297.81805419921875,203.73106384277344,4.622367850970477e-05,-6.181953358463943e-05,1.5624703168869019,0.024789661169052124,-0.12585952877998352,0.6405011415481567,354.3709716796875,290.0917663574219,227.258056640625,-0.0718691274523735,-0.07490186393260956,1.4217724800109863,0.0,0.0,0.0,0,0
1786183697.6360803,8.354990842999541,APPROACH,BSPLINE,/home/eunseop/nrs_imitation/checkpoints/bspline/polishing/single_cam/20260808_0153,317.43682861328125,297.8325500488281,203.73382568359375,4.311760494601913e-05,-9.122806659433991e-05,1.5624582767486572,0.2745051980018616,0.0984872505068779,0.39024510979652405,354.3709716796875,290.0917663574219,227.258056640625,-0.0718691274523735,-0.07490186393260956,1.4217724800109863,0.0,0.0,0.0,0,0
1786183697.6440802,8.362990413996158,APPROACH,BSPLINE,/home/eunseop/nrs_imitation/checkpoints/bspline/polishing/single_cam/20260808_0153,317.4422302246094,297.79815673828125,203.70510864257812,2.766932811937295e-05,-1.2277025234652683e-05,1.5624343156814575,-0.05820032209157944,-0.027875717729330063,-0.04981881007552147,354.3709716796875,290.0917663574219,227.258056640625,-0.0718691274523735,-0.07490186393260956,1.4217724800109863,0.0,0.0,0.0,0,0
1786183697.6520815,8.370991738003795,APPROACH,BSPLINE,/home/eunseop/nrs_imitation/checkpoints/bspline/polishing/single_cam/20260808_0153,317.429443359375,297.80511474609375,203.7037353515625,2.303118526469916e-05,1.0914975945297556e-07,1.5624703168869019,0.25611233711242676,-0.24238820374011993,-0.15714973211288452,354.3709716796875,290.0917663574219,227.258056640625,-0.0718691274523735,-0.07490186393260956,1.4217724800109863,0.0,0.0,0.0,0,0
1786183697.6600616,8.378972042002715,APPROACH,BSPLINE,/home/eunseop/nrs_imitation/checkpoints/bspline/polishing/single_cam/20260808_0153,317.4248962402344,297.80633544921875,203.70004272460938,-2.0494267118920106e-06,-8.718879143998493e-06,1.5624823570251465,0.3895457983016968,-0.31502318382263184,0.33439522981643677,354.3709716796875,290.0917663574219,227.258056640625,-0.0718691274523735,-0.07490186393260956,1.4217724800109863,0.0,0.0,0.0,0,0
1786183697.668068,8.386978245005594,APPROACH,BSPLINE,/home/eunseop/nrs_imitation/checkpoints/bspline/polishing/single_cam/20260808_0153,317.44635009765625,297.7834777832031,203.70004272460938,-2.0497204786806833e-06,-8.718719982425682e-06,1.5624103546142578,0.44434624910354614,-0.5310633778572083,-0.046121109277009964,354.3709716796875,290.0917663574219,227.258056640625,-0.0718691274523735,-0.07490186393260956,1.4217724800109863,0.0,0.0,0.0,0,0
1786183697.6762025,8.395113043996389,APPROACH,BSPLINE,/home/eunseop/nrs_imitation/checkpoints/bspline/polishing/single_cam/20260808_0153,317.4389343261719,297.78985595703125,203.6898956298828,-3.9330207073362544e-05,-2.2681626433040947e-05,1.5624703168869019,0.17416313290596008,-0.3965374231338501,-0.5085171461105347,354.3709716796875,290.0917663574219,227.258056640625,-0.0718691274523735,-0.07490186393260956,1.4217724800109863,0.0,0.0,0.0,0,0
1786183697.684097,8.403007303000777,APPROACH,BSPLINE,/home/eunseop/nrs_imitation/checkpoints/bspline/polishing/single_cam/20260808_0153,317.4366760253906,297.7970275878906,203.73036193847656,-4.972180704498896e-06,-3.862423181999475e-05,1.5624583959579468,0.13026897609233856,0.12051472812891006,0.035049114376306534,354.3709716796875,290.0917663574219,227.258056640625,-0.0718691274523735,-0.07490186393260956,1.4217724800109863,0.0,0.0,0.0,0,0
1786183697.6920745,8.410984771006042,APPROACH,BSPLINE,/home/eunseop/nrs_imitation/checkpoints/bspline/polishing/single_cam/20260808_0153,317.44921875,297.8127136230469,203.71434020996094,-5.202301736062509e-07,-5.051459083915688e-05,1.5624823570251465,0.5543272495269775,-0.08072345703840256,0.2007293999195099,354.3709716796875,290.0917663574219,227.258056640625,-0.0718691274523735,-0.07490186393260956,1.4217724800109863,0.0,0.0,0.0,0,0
1786183697.7000701,8.418980575006572,APPROACH,BSPLINE,/home/eunseop/nrs_imitation/checkpoints/bspline/polishing/single_cam/20260808_0153,317.4338684082031,297.82635498046875,203.73245239257812,5.086234523332678e-05,-7.42055126465857e-05,1.5624943971633911,0.2586846649646759,-0.0207627322524786,-0.07206553220748901,354.3709716796875,290.0917663574219,227.258056640625,-0.0718691274523735,-0.07490186393260956,1.4217724800109863,0.0,0.0,0.0,0,0
1786183697.7093256,8.428235889005009,APPROACH,BSPLINE,/home/eunseop/nrs_imitation/checkpoints/bspline/polishing/single_cam/20260808_0153,317.4348449707031,297.8048400878906,203.69180297851562,-6.688238499918953e-06,3.6668070606538095e-06,1.5624583959579468,0.29953640699386597,-0.05098351091146469,0.16636095941066742,354.3709716796875,290.0917663574219,227.258056640625,-0.0718691274523735,-0.07490186393260956,1.4217724800109863,0.0,0.0,0.0,0,0
1786183697.7161717,8.43508237300557,APPROACH,BSPLINE,/home/eunseop/nrs_imitation/checkpoints/bspline/polishing/single_cam/20260808_0153,317.4292297363281,297.80413818359375,203.70236206054688,-6.502702490251977e-06,3.171436446791631e-06,1.5624942779541016,0.2882187068462372,-0.4586077928543091,-0.33321818709373474,354.3709716796875,290.0917663574219,227.258056640625,-0.0718691274523735,-0.07490186393260956,1.4217724800109863,0.0,0.0,0.0,0,0
1786183697.7241628,8.443073436996201,APPROACH,BSPLINE,/home/eunseop/nrs_imitation/checkpoints/bspline/polishing/single_cam/20260808_0153,317.4504699707031,297.8385314941406,203.7620849609375,3.232162634958513e-05,-0.00013820601452607661,1.5625063180923462,0.279261976480484,-0.09941334277391434,-0.30846700072288513,354.3709716796875,290.0917663574219,227.258056640625,-0.0718691274523735,-0.07490186393260956,1.4217724800109863,0.0,0.0,0.0,0,0
1786183697.7320843,8.450994797996827,APPROACH,BSPLINE,/home/eunseop/nrs_imitation/checkpoints/bspline/polishing/single_cam/20260808_0153,317.43499755859375,297.82879638671875,203.71803283691406,3.6947127227904275e-05,-3.704761911649257e-05,1.5624704360961914,-0.07312106341123581,-0.18772852420806885,0.5482529997825623,354.3709716796875,290.0917663574219,227.258056640625,-0.0718691274523735,-0.07490186393260956,1.4217724800109863,0.0,0.0,0.0,0,0
1786183697.7401583,8.459068611002294,APPROACH,BSPLINE,/home/eunseop/nrs_imitation/checkpoints/bspline/polishing/single_cam/20260808_0153,317.4327087402344,297.7889404296875,203.68707275390625,1.1826543868664885e-06,2.0737432350870222e-05,1.5624223947525024,0.06783049553632736,0.119728222489357,-0.3091720938682556,354.3709716796875,290.0917663574219,227.258056640625,-0.0718691274523735,-0.07490186393260956,1.4217724800109863,0.0,0.0,0.0,0,0
1786183697.748146,8.467056588997366,APPROACH,BSPLINE,/home/eunseop/nrs_imitation/checkpoints/bspline/polishing/single_cam/20260808_0153,317.44439697265625,297.802490234375,203.70030212402344,-1.8641387669049436e-06,-9.214202691509854e-06,1.5624464750289917,0.24523188173770905,-0.17084142565727234,0.08881404995918274,354.3709716796875,290.0917663574219,227.258056640625,-0.0718691274523735,-0.07490186393260956,1.4217724800109863,0.0,0.0,0.0,0,0
1786183697.756194,8.475104622004437,APPROACH,BSPLINE,/home/eunseop/nrs_imitation/checkpoints/bspline/polishing/single_cam/20260808_0153,317.42340087890625,297.8387145996094,203.73382568359375,8.039719250518829e-05,-7.726691546849906e-05,1.5624942779541016,0.3778838515281677,-0.5653260350227356,-0.3049986958503723,354.3709716796875,290.0917663574219,227.258056640625,-0.0718691274523735,-0.07490186393260956,1.4217724800109863,0.0,0.0,0.0,0,0
1786183697.764136,8.483046673005447,APPROACH,BSPLINE,/home/eunseop/nrs_imitation/checkpoints/bspline/polishing/single_cam/20260808_0153,317.44134521484375,297.8072204589844,203.70510864257812,-9.61072146310471e-06,-2.6238612917950377e-05,1.5624463558197021,0.33773353695869446,-0.29644593596458435,0.11371210217475891,354.3709716796875,290.0917663574219,227.258056640625,-0.0718691274523735,-0.07490186393260956,1.4217724800109863,0.0,0.0,0.0,0,0
1786183697.7721572,8.491067815004499,APPROACH,BSPLINE,/home/eunseop/nrs_imitation/checkpoints/bspline/polishing/single_cam/20260808_0153,317.4337158203125,297.8023376464844,203.71815490722656,1.2051907106069848e-05,-4.6371300413738936e-05,1.5624704360961914,0.21852542459964752,0.07871394604444504,0.4532334804534912,354.3709716796875,290.0917663574219,227.258056640625,-0.0718691274523735,-0.07490186393260956,1.4217724800109863,0.0,0.0,0.0,0,0
1786183697.7801986,8.49910923599964,APPROACH,BSPLINE,/home/eunseop/nrs_imitation/checkpoints/bspline/polishing/single_cam/20260808_0153,317.4340515136719,297.8262023925781,203.71434020996094,1.18672060125391e-05,-4.5875731302658096e-05,1.5624823570251465,0.5562230944633484,-0.4530982971191406,-0.027819784358143806,354.3709716796875,290.0917663574219,227.258056640625,-0.0718691274523735,-0.07490186393260956,1.4217724800109863,0.0,0.0,0.0,0,0
1786183697.7881587,8.507069259998389,APPROACH,BSPLINE,/home/eunseop/nrs_imitation/checkpoints/bspline/polishing/single_cam/20260808_0153,317.43756103515625,297.7986145019531,203.68844604492188,-3.158354957122356e-05,-5.6568455875094514e-06,1.5624942779541016,0.3288559019565582,-0.08607786148786545,0.2935217320919037,354.3709716796875,290.0917663574219,227.258056640625,-0.0718691274523735,-0.07490186393260956,1.4217724800109863,0.0,0.0,0.0,0,0
1786183697.7961557,8.515066116000526,APPROACH,BSPLINE,/home/eunseop/nrs_imitation/checkpoints/bspline/polishing/single_cam/20260808_0153,317.4292297363281,297.7926330566406,203.70828247070312,2.5888223262882093e-06,-2.1104608094901778e-05,1.5624943971633911,0.256594181060791,-0.3436459004878998,0.12314415723085403,354.3709716796875,290.0917663574219,227.258056640625,-0.0718691274523735,-0.07490186393260956,1.4217724800109863,0.0,0.0,0.0,0,0
1786183697.8041475,8.523058011996909,APPROACH,BSPLINE,/home/eunseop/nrs_imitation/checkpoints/bspline/polishing/single_cam/20260808_0153,317.4364318847656,297.7735290527344,203.67752075195312,-2.0603758457582444e-05,4.082368832314387e-05,1.5624103546142578,0.25565439462661743,-0.0577986016869545,-0.033046796917915344,354.3709716796875,290.0917663574219,227.258056640625,-0.0718691274523735,-0.07490186393260956,1.4217724800109863,0.0,0.0,0.0,0,0
1786183697.8121555,8.531065878007212,APPROACH,BSPLINE,/home/eunseop/nrs_imitation/checkpoints/bspline/polishing/single_cam/20260808_0153,317.44091796875,297.81854248046875,203.714111328125,4.640877159545198e-05,-6.231513543752953e-05,1.5624583959579468,0.22849541902542114,-0.0302101019769907,0.589120626449585,354.3709716796875,290.0917663574219,227.258056640625,-0.0718691274523735,-0.07490186393260956,1.4217724800109863,0.0,0.0,0.0,0,0
1786183697.8201792,8.539089785001124,APPROACH,BSPLINE,/home/eunseop/nrs_imitation/checkpoints/bspline/polishing/single_cam/20260808_0153,317.4355773925781,297.80670166015625,203.7099151611328,1.9922732462873682e-05,-2.930048867710866e-05,1.5624463558197021,0.251080721616745,-0.3179242014884949,-0.2390296310186386,354.3709716796875,290.0917663574219,227.258056640625,-0.0718691274523735,-0.07490186393260956,1.4217724800109863,0.0,0.0,0.0,0,0
1786183697.82818,8.54709042799368,APPROACH,BSPLINE,/home/eunseop/nrs_imitation/checkpoints/bspline/polishing/single_cam/20260808_0153,317.44464111328125,297.8145446777344,203.73785400390625,2.132952431566082e-05,-7.114218169590458e-05,1.5624343156814575,0.41319549083709717,0.08680205792188644,0.7571574449539185,354.3709716796875,290.0917663574219,227.258056640625,-0.0718691274523735,-0.07490186393260956,1.4217724800109863,0.0,0.0,0.0,0,0
1786183697.8360806,8.554990969001665,APPROACH,BSPLINE,/home/eunseop/nrs_imitation/checkpoints/bspline/polishing/single_cam/20260808_0153,317.41802978515625,297.80426025390625,203.71104431152344,7.416581502184272e-05,-2.2544769308296964e-05,1.5624583959579468,0.10139666497707367,-0.5743085145950317,0.14860497415065765,354.3709716796875,290.0917663574219,227.258056640625,-0.0718691274523735,-0.07490186393260956,1.4217724800109863,0.0,0.0,0.0,0,0
1786183697.8440547,8.562965050994535,APPROACH,BSPLINE,/home/eunseop/nrs_imitation/checkpoints/bspline/polishing/single_cam/20260808_0153,317.43701171875,297.785888671875,203.68568420410156,-4.0860646549845114e-05,1.9115086615784094e-05,1.5624943971633911,-0.15370546281337738,-0.15871889889240265,-0.13099804520606995,354.3709716796875,290.0917663574219,227.258056640625,-0.0718691274523735,-0.07490186393260956,1.4217724800109863,0.0,0.0,0.0,0,0
1786183697.8521814,8.571091974998126,APPROACH,BSPLINE,/home/eunseop/nrs_imitation/checkpoints/bspline/polishing/single_cam/20260808_0153,317.4410705566406,297.84222412109375,203.7495574951172,8.656620775582269e-05,-0.00013144686818122864,1.5624343156814575,0.4170543849468231,-0.21550890803337097,-0.22561809420585632,354.3709716796875,290.0917663574219,227.258056640625,-0.0718691274523735,-0.07490186393260956,1.4217724800109863,0.0,0.0,0.0,0,0
1786183697.8601968,8.579107566998573,APPROACH,BSPLINE,/home/eunseop/nrs_imitation/checkpoints/bspline/polishing/single_cam/20260808_0153,317.45098876953125,297.7936096191406,203.7163848876953,7.227052265079692e-06,-3.34900469169952e-05,1.5624103546142578,0.39421987533569336,-0.24271340668201447,-0.05955676734447479,354.3709716796875,290.0917663574219,227.258056640625,-0.0718691274523735,-0.07490186393260956,1.4217724800109863,0.0,0.0,0.0,0,0
1786183697.8681648,8.587075365998317,APPROACH,BSPLINE,/home/eunseop/nrs_imitation/checkpoints/bspline/polishing/single_cam/20260808_0153,317.45355224609375,297.7989807128906,203.7344970703125,8.941675332607701e-06,-7.578127406304702e-05,1.5624463558197021,0.07568633556365967,-0.3454211354255676,-0.2538894712924957,354.3709716796875,290.0917663574219,227.258056640625,-0.0718691274523735,-0.07490186393260956,1.4217724800109863,0.0,0.0,0.0,0,0
1786183697.8761475,8.595057814003667,APPROACH,BSPLINE,/home/eunseop/nrs_imitation/checkpoints/bspline/polishing/single_cam/20260808_0153,317.4433898925781,297.82342529296875,203.74603271484375,2.5967849069274962e-05,-8.352834265679121e-05,1.5624704360961914,0.27680402994155884,-0.32099446654319763,-0.09664922952651978,354.3709716796875,290.0917663574219,227.258056640625,-0.0718691274523735,-0.07490186393260956,1.4217724800109863,0.0,0.0,0.0,0,0
1786183697.8841453,8.603055580999353,APPROACH,BSPLINE,/home/eunseop/nrs_imitation/checkpoints/bspline/polishing/single_cam/20260808_0153,317.4119873046875,297.8255310058594,203.71157836914062,5.237963341642171e-05,-2.456208676449023e-06,1.5624823570251465,-0.1418709009885788,0.03550827503204346,0.09670515358448029,354.3709716796875,290.0917663574219,227.258056640625,-0.0718691274523735,-0.07490186393260956,1.4217724800109863,0.0,0.0,0.0,0,0
1786183697.8920982,8.611008583000512,APPROACH,BSPLINE,/home/eunseop/nrs_imitation/checkpoints/bspline/polishing/single_cam/20260808_0153,317.4280700683594,297.8135070800781,203.7028045654297,1.973773760255426e-05,-2.8804754037992097e-05,1.5624582767486572,0.2995297610759735,-0.1707278937101364,-0.14374788105487823,354.3709716796875,290.0917663574219,227.258056640625,-0.0718691274523735,-0.07490186393260956,1.4217724800109863,0.0,0.0,0.0,0,0
1786183697.9001584,8.619069050007965,APPROACH,BSPLINE,/home/eunseop/nrs_imitation/checkpoints/bspline/polishing/single_cam/20260808_0153,317.4447326660156,297.80267333984375,203.7195281982422,-8.202992830774747e-06,-6.808041507611051e-05,1.5624228715896606,0.02905803732573986,-0.19735172390937805,0.8438505530357361,354.3709716796875,290.0917663574219,227.258056640625,-0.0718691274523735,-0.07490186393260956,1.4217724800109863,0.0,0.0,0.0,0,0
1786183697.9088092,8.627719616997638,APPROACH,BSPLINE,/home/eunseop/nrs_imitation/checkpoints/bspline/polishing/single_cam/20260808_0153,317.4611511230469,297.8271484375,203.7501678466797,2.7497228074935265e-05,-0.00012532358232419938,1.562434434890747,0.11689452081918716,0.07022925466299057,0.2918819487094879,354.3709716796875,290.0917663574219,227.258056640625,-0.0718691274523735,-0.07490186393260956,1.4217724800109863,0.0,0.0,0.0,0,0
1786183697.916187,8.635097738006152,APPROACH,BSPLINE,/home/eunseop/nrs_imitation/checkpoints/bspline/polishing/single_cam/20260808_0153,317.4176025390625,297.8141174316406,203.70623779296875,3.2123603887157515e-05,-2.4165507056750357e-05,1.5624583959579468,0.4450722634792328,-0.3592708706855774,-0.3211705982685089,354.3709716796875,290.0917663574219,227.258056640625,-0.0718691274523735,-0.07490186393260956,1.4217724800109863,0.0,0.0,0.0,0,0
1786183697.9241893,8.643099973007338,APPROACH,BSPLINE,/home/eunseop/nrs_imitation/checkpoints/bspline/polishing/single_cam/20260808_0153,317.4219665527344,297.8009948730469,203.6974639892578,6.165627564769238e-05,-2.7229159968555905e-05,1.5624464750289917,0.21010202169418335,-0.37205269932746887,-0.122127003967762,354.3709716796875,290.0917663574219,227.258056640625,-0.0718691274523735,-0.07490186393260956,1.4217724800109863,0.0,0.0,0.0,0,0
1786183697.932224,8.65113439099514,APPROACH,BSPLINE,/home/eunseop/nrs_imitation/checkpoints/bspline/polishing/single_cam/20260808_0153,317.4266357421875,297.7990417480469,203.70004272460938,2.284556467202492e-05,6.048509817446757e-07,1.5624463558197021,0.38425472378730774,0.2509610652923584,0.0836675763130188,354.3709716796875,290.0917663574219,227.258056640625,-0.0718691274523735,-0.07490186393260956,1.4217724800109863,0.0,0.0,0.0,0,0
1786183697.9401636,8.659074017006787,APPROACH,BSPLINE,/home/eunseop/nrs_imitation/checkpoints/bspline/polishing/single_cam/20260808_0153,317.4243469238281,297.8293151855469,203.70693969726562,7.093429303495213e-05,-5.199935912969522e-05,1.5624583959579468,0.326255738735199,-0.4055582880973816,-0.8216662406921387,354.3709716796875,290.0917663574219,227.258056640625,-0.0718691274523735,-0.07490186393260956,1.4217724800109863,0.0,0.0,0.0,0,0
1786183697.948224,8.667134574003285,APPROACH,BSPLINE,/home/eunseop/nrs_imitation/checkpoints/bspline/polishing/single_cam/20260808_0153,317.461669921875,297.8163757324219,203.73580932617188,1.0709617299653473e-06,-9.285189298680052e-05,1.5624583959579468,0.38381463289260864,-0.6209717392921448,-0.15946024656295776,354.3709716796875,290.0917663574219,227.258056640625,-0.0718691274523735,-0.07490186393260956,1.4217724800109863,0.0,0.0,0.0,0,0
1786183697.9560509,8.674961384007474,APPROACH,BSPLINE,/home/eunseop/nrs_imitation/checkpoints/bspline/polishing/single_cam/20260808_0153,317.43780517578125,297.8113098144531,203.708984375,1.65046876645647e-05,-5.826174674439244e-05,1.5624823570251465,0.30757734179496765,-0.02839706279337406,-0.026267273351550102,354.3709716796875,290.0917663574219,227.258056640625,-0.0718691274523735,-0.07490186393260956,1.4217724800109863,0.0,0.0,0.0,0,0
1786183697.9642172,8.683127612996032,APPROACH,BSPLINE,/home/eunseop/nrs_imitation/checkpoints/bspline/polishing/single_cam/20260808_0153,317.4503479003906,297.80364990234375,203.71775817871094,-5.196185952627275e-07,-5.051426705904305e-05,1.562434434890747,0.13488131761550903,-0.005379064939916134,-0.04717716574668884,354.3709716796875,290.0917663574219,227.258056640625,-0.0718691274523735,-0.07490186393260956,1.4217724800109863,0.0,0.0,0.0,0,0
1786183697.9721575,8.691067961000954,APPROACH,BSPLINE,/home/eunseop/nrs_imitation/checkpoints/bspline/polishing/single_cam/20260808_0153,317.4230651855469,297.8031311035156,203.7088165283203,3.071643004659563e-05,1.7675509297987446e-05,1.5624463558197021,0.5404300093650818,-0.43082869052886963,-0.6171380877494812,354.3709716796875,290.0917663574219,227.258056640625,-0.0718691274523735,-0.07490186393260956,1.4217724800109863,0.0,0.0,0.0,0,0
1786183697.9801784,8.699088862005738,APPROACH,BSPLINE,/home/eunseop/nrs_imitation/checkpoints/bspline/polishing/single_cam/20260808_0153,317.4389343261719,297.80194091796875,203.7085418701172,-9.611068890080787e-06,-2.623858381411992e-05,1.5624704360961914,0.23090137541294098,-0.10677149146795273,-0.09926868975162506,354.3709716796875,290.0917663574219,227.258056640625,-0.0718691274523735,-0.07490186393260956,1.4217724800109863,0.0,0.0,0.0,0,0
1786183697.9880748,8.706985124998027,APPROACH,BSPLINE,/home/eunseop/nrs_imitation/checkpoints/bspline/polishing/single_cam/20260808_0153,317.4369812011719,297.8215026855469,203.7189178466797,5.1048082241322845e-05,-7.470027048839256e-05,1.5624583959579468,0.22576721012592316,-0.3104136884212494,0.054837848991155624,354.3709716796875,290.0917663574219,227.258056640625,-0.0718691274523735,-0.07490186393260956,1.4217724800109863,0.0,0.0,0.0,0,0
1786183697.9960985,8.715009132007253,APPROACH,BSPLINE,/home/eunseop/nrs_imitation/checkpoints/bspline/polishing/single_cam/20260808_0153,317.44512939453125,297.8040771484375,203.7273712158203,2.1143130652490072e-05,-7.064701640047133e-05,1.562434434890747,0.22486917674541473,-0.18765631318092346,0.2428888976573944,354.3709716796875,290.0917663574219,227.258056640625,-0.0718691274523735,-0.07490186393260956,1.4217724800109863,0.0,0.0,0.0,0,0
1786183698.0040543,8.722964557993691,APPROACH,BSPLINE,/home/eunseop/nrs_imitation/checkpoints/bspline/polishing/single_cam/20260808_0153,317.4248962402344,297.84234619140625,203.72317504882812,6.952774128876626e-05,-1.0158226359635592e-05,1.5624823570251465,0.2400960475206375,-0.09645165503025055,-0.10250118374824524,354.3709716796875,290.0917663574219,227.258056640625,-0.0718691274523735,-0.07490186393260956,1.4217724800109863,0.0,0.0,0.0,0,0
1786183698.012119,8.731029635004234,APPROACH,BSPLINE,/home/eunseop/nrs_imitation/checkpoints/bspline/polishing/single_cam/20260808_0153,317.41717529296875,297.80157470703125,203.69187927246094,1.8206621462013572e-05,1.2990927643841133e-05,1.5624463558197021,0.26745471358299255,-0.11330438405275345,0.18027402460575104,354.3709716796875,290.0917663574219,227.258056640625,-0.0718691274523735,-0.07490186393260956,1.4217724800109863,0.0,0.0,0.0,0,0
1786183698.0201075,8.739018103995477,APPROACH,BSPLINE,/home/eunseop/nrs_imitation/checkpoints/bspline/polishing/single_cam/20260808_0153,317.45111083984375,297.8049621582031,203.7113037109375,-1.2844335287809372e-05,-5.5694839829811826e-05,1.5624823570251465,0.028221825137734413,-0.2451459914445877,-0.44421178102493286,354.3709716796875,290.0917663574219,227.258056640625,-0.0718691274523735,-0.07490186393260956,1.4217724800109863,0.0,0.0,0.0,0,0
1786183698.0280898,8.74700036100694,APPROACH,BSPLINE,/home/eunseop/nrs_imitation/checkpoints/bspline/polishing/single_cam/20260808_0153,317.4621887207031,297.7946472167969,203.7222900390625,1.3580430277215783e-05,-8.81662272149697e-05,1.562386393547058,0.3015688359737396,-0.2683975398540497,0.20765291154384613,354.3709716796875,290.0917663574219,227.258056640625,-0.0718691274523735,-0.07490186393260956,1.4217724800109863,0.0,0.0,0.0,0,0
1786183698.0361564,8.755066879995866,APPROACH,BSPLINE,/home/eunseop/nrs_imitation/checkpoints/bspline/polishing/single_cam/20260808_0153,317.427001953125,297.8119201660156,203.72091674804688,7.1118185587693e-05,-5.24975112057291e-05,1.5624823570251465,-0.0577823631465435,-0.36423513293266296,-0.027250291779637337,354.3709716796875,290.0917663574219,227.258056640625,-0.0718691274523735,-0.07490186393260956,1.4217724800109863,0.0,0.0,0.0,0,0
1786183698.0441563,8.763066961008008,APPROACH,BSPLINE,/home/eunseop/nrs_imitation/checkpoints/bspline/polishing/single_cam/20260808_0153,317.4129333496094,297.8039855957031,203.6898956298828,2.2845746570965275e-05,6.049934313523408e-07,1.5625063180923462,0.05997616797685623,-0.2531971037387848,0.17250436544418335,354.3709716796875,290.0917663574219,227.258056640625,-0.0718691274523735,-0.07490186393260956,1.4217724800109863,0.0,0.0,0.0,0,0
1786183698.052064,8.770974486003979,APPROACH,BSPLINE,/home/eunseop/nrs_imitation/checkpoints/bspline/polishing/single_cam/20260808_0153,317.4668273925781,297.80426025390625,203.70213317871094,-2.0776622477569617e-05,-7.22231634426862e-05,1.5624223947525024,0.19792072474956512,0.30417317152023315,0.05633839592337608,354.3709716796875,290.0917663574219,227.258056640625,-0.0718691274523735,-0.07490186393260956,1.4217724800109863,0.0,0.0,0.0,0,0
1786183698.0600438,8.778953998000361,APPROACH,BSPLINE,/home/eunseop/nrs_imitation/checkpoints/bspline/polishing/single_cam/20260808_0153,317.43035888671875,297.83074951171875,203.71543884277344,7.575830386485904e-05,-6.488020881079137e-05,1.5624343156814575,0.22012455761432648,-0.0675622969865799,0.40212538838386536,354.3709716796875,290.0917663574219,227.258056640625,-0.0718691274523735,-0.07490186393260956,1.4217724800109863,0.0,0.0,0.0,0,0
1786183698.0686028,8.787513160001254,APPROACH,BSPLINE,/home/eunseop/nrs_imitation/checkpoints/bspline/polishing/single_cam/20260808_0153,317.4297790527344,297.81744384765625,203.71775817871094,3.6761579394806176e-05,-3.6552191886585206e-05,1.5624704360961914,0.2808806598186493,0.037307754158973694,0.05384556204080582,354.3709716796875,290.0917663574219,227.258056640625,-0.0718691274523735,-0.07490186393260956,1.4217724800109863,0.0,0.0,0.0,0,0
1786183698.0761175,8.795027922998997,APPROACH,BSPLINE,/home/eunseop/nrs_imitation/checkpoints/bspline/polishing/single_cam/20260808_0153,317.4305114746094,297.8072814941406,203.71722412109375,3.36525117745623e-05,-6.596282037207857e-05,1.5624943971633911,0.26709091663360596,-0.4046599864959717,-0.18817727267742157,354.3709716796875,290.0917663574219,227.258056640625,-0.0718691274523735,-0.07490186393260956,1.4217724800109863,0.0,0.0,0.0,0,0
1786183698.0840962,8.803006713002105,APPROACH,BSPLINE,/home/eunseop/nrs_imitation/checkpoints/bspline/polishing/single_cam/20260808_0153,317.4297180175781,297.7936706542969,203.69187927246094,-6.688205303362338e-06,3.666945303848479e-06,1.5624943971633911,0.1199420765042305,-0.35765355825424194,0.13869328796863556,354.3709716796875,290.0917663574219,227.258056640625,-0.0718691274523735,-0.07490186393260956,1.4217724800109863,0.0,0.0,0.0,0,0
1786183698.0920372,8.8109475520032,APPROACH,BSPLINE,/home/eunseop/nrs_imitation/checkpoints/bspline/polishing/single_cam/20260808_0153,317.4359436035156,297.8187255859375,203.70814514160156,2.5893195925164036e-06,-2.1104477127664723e-05,1.5624703168869019,0.10270560532808304,0.22807705402374268,0.061907075345516205,354.3709716796875,290.0917663574219,227.258056640625,-0.0718691274523735,-0.07490186393260956,1.4217724800109863,0.0,0.0,0.0,0,0
1786183698.1000164,8.818926733001717,APPROACH,BSPLINE,/home/eunseop/nrs_imitation/checkpoints/bspline/polishing/single_cam/20260808_0153,317.4146423339844,297.8196716308594,203.7147216796875,6.184248195495456e-05,-2.7724445317289792e-05,1.5625063180923462,0.3060600161552429,-0.30115532875061035,-0.46406298875808716,354.3709716796875,290.0917663574219,227.258056640625,-0.0718691274523735,-0.07490186393260956,1.4217724800109863,0.0,0.0,0.0,0,0
1786183698.1080554,8.826965639003902,APPROACH,BSPLINE,/home/eunseop/nrs_imitation/checkpoints/bspline/polishing/single_cam/20260808_0153,317.44232177734375,297.8094787597656,203.7296905517578,1.6689849871909246e-05,-5.875717761227861e-05,1.5624703168869019,0.22797255218029022,-0.34637707471847534,-0.6180461049079895,354.3709716796875,290.0917663574219,227.258056640625,-0.0718691274523735,-0.07490186393260956,1.4217724800109863,0.0,0.0,0.0,0,0
1786183698.1160448,8.834955220998381,APPROACH,BSPLINE,/home/eunseop/nrs_imitation/checkpoints/bspline/polishing/single_cam/20260808_0153,317.433349609375,297.80181884765625,203.71981811523438,1.973718826775439e-05,-2.88050632661907e-05,1.5624463558197021,0.3546655476093292,-0.14077025651931763,0.452000230550766,354.3709716796875,290.0917663574219,227.258056640625,-0.0718691274523735,-0.07490186393260956,1.4217724800109863,0.0,0.0,0.0,0,0
1786183698.1240506,8.8429610029998,APPROACH,BSPLINE,/home/eunseop/nrs_imitation/checkpoints/bspline/polishing/single_cam/20260808_0153,317.4320373535156,297.7987060546875,203.71197509765625,2.7744883936975384e-06,-2.159998803108465e-05,1.5624823570251465,0.29118454456329346,-0.48886042833328247,-0.4674781858921051,354.3709716796875,290.0917663574219,227.258056640625,-0.0718691274523735,-0.07490186393260956,1.4217724800109863,0.0,0.0,0.0,0,0
1786183698.1320305,8.850940825999714,APPROACH,BSPLINE,/home/eunseop/nrs_imitation/checkpoints/bspline/polishing/single_cam/20260808_0153,317.4327697753906,297.8359680175781,203.75360107421875,8.967393659986556e-05,-0.0001020376876113005,1.5624463558197021,0.4759886562824249,-0.6459317803382874,-0.00882226973772049,354.3709716796875,290.0917663574219,227.258056640625,-0.0718691274523735,-0.07490186393260956,1.4217724800109863,0.0,0.0,0.0,0,0
1786183698.140691,8.859601402000408,APPROACH,BSPLINE,/home/eunseop/nrs_imitation/checkpoints/bspline/polishing/single_cam/20260808_0153,317.4394226074219,297.79144287109375,203.69805908203125,-9.796582162380219e-06,-2.5743072910699993e-05,1.5624463558197021,0.3787150979042053,-0.2585834562778473,0.20761847496032715,354.3709716796875,290.0917663574219,227.258056640625,-0.0718691274523735,-0.07490186393260956,1.4217724800109863,0.0,0.0,0.0,0,0
1786183698.1480432,8.866953542994452,APPROACH,BSPLINE,/home/eunseop/nrs_imitation/checkpoints/bspline/polishing/single_cam/20260808_0153,317.447021484375,297.7960510253906,203.7085418701172,-2.2120533685665578e-05,-3.0923514714231715e-05,1.5624463558197021,0.2705875635147095,-0.267734169960022,-0.13290667533874512,354.3709716796875,290.0917663574219,227.258056640625,-0.0718691274523735,-0.07490186393260956,1.4217724800109863,0.0,0.0,0.0,0,0
1786183698.156074,8.874984463996952,APPROACH,BSPLINE,/home/eunseop/nrs_imitation/checkpoints/bspline/polishing/single_cam/20260808_0153,317.4561462402344,297.8041076660156,203.72488403320312,-2.5229315724573098e-05,-6.033337558619678e-05,1.5624583959579468,0.45438340306282043,-0.24696235358715057,-0.47816625237464905,354.3709716796875,290.0917663574219,227.258056640625,-0.0718691274523735,-0.07490186393260956,1.4217724800109863,0.0,0.0,0.0,0,0
1786183698.1640606,8.882971130005899,APPROACH,BSPLINE,/home/eunseop/nrs_imitation/checkpoints/bspline/polishing/single_cam/20260808_0153,317.4466552734375,297.79522705078125,203.70143127441406,-2.2305643142317422e-05,-3.0428258469328284e-05,1.5624223947525024,0.19953930377960205,-0.16966673731803894,0.2655993700027466,354.3709716796875,290.0917663574219,227.258056640625,-0.0718691274523735,-0.07490186393260956,1.4217724800109863,0.0,0.0,0.0,0,0
1786183698.1721697,8.891080260000308,APPROACH,BSPLINE,/home/eunseop/nrs_imitation/checkpoints/bspline/polishing/single_cam/20260808_0153,317.43914794921875,297.80291748046875,203.7099151611328,1.9922381397918798e-05,-2.9300726964720525e-05,1.5624464750289917,0.30617791414260864,-0.060896288603544235,0.5835133790969849,354.3709716796875,290.0917663574219,227.258056640625,-0.0718691274523735,-0.07490186393260956,1.4217724800109863,0.0,0.0,0.0,0,0
1786183698.1801958,8.899106420998578,APPROACH,BSPLINE,/home/eunseop/nrs_imitation/checkpoints/bspline/polishing/single_cam/20260808_0153,317.4474182128906,297.8321533203125,203.73045349121094,3.079098678426817e-05,-9.64101345743984e-05,1.5624943971633911,0.19564379751682281,-0.0009794122306630015,0.2600945234298706,354.3709716796875,290.0917663574219,227.258056640625,-0.0718691274523735,-0.07490186393260956,1.4217724800109863,0.0,0.0,0.0,0,0
1786183698.188198,8.907108586994582,APPROACH,BSPLINE,/home/eunseop/nrs_imitation/checkpoints/bspline/polishing/single_cam/20260808_0153,317.4554748535156,297.8147888183594,203.72962951660156,4.304848516767379e-06,-6.339521496556699e-05,1.5624223947525024,0.2247239649295807,-0.05901017785072327,-0.05334804579615593,354.3709716796875,290.0917663574219,227.258056640625,-0.0718691274523735,-0.07490186393260956,1.4217724800109863,0.0,0.0,0.0,0,0
1786183698.1961546,8.915065004999633,APPROACH,BSPLINE,/home/eunseop/nrs_imitation/checkpoints/bspline/polishing/single_cam/20260808_0153,317.4483642578125,297.834716796875,203.76406860351562,6.496413698187098e-05,-0.00011185639596078545,1.5624223947525024,0.30078473687171936,-0.3026992976665497,-0.1748715341091156,354.3709716796875,290.0917663574219,227.258056640625,-0.0718691274523735,-0.07490186393260956,1.4217724800109863,0.0,0.0,0.0,0,0
1786183698.204155,8.923065316994325,APPROACH,BSPLINE,/home/eunseop/nrs_imitation/checkpoints/bspline/polishing/single_cam/20260808_0153,317.4503173828125,297.8148193359375,203.74464416503906,-3.5660177672980353e-06,-8.046634320635349e-05,1.5624704360961914,-0.012496430426836014,-0.2985934317111969,-0.1560441106557846,354.3709716796875,290.0917663574219,227.258056640625,-0.0718691274523735,-0.07490186393260956,1.4217724800109863,0.0,0.0,0.0,0,0
1786183698.2121935,8.931104193005012,APPROACH,BSPLINE,/home/eunseop/nrs_imitation/checkpoints/bspline/polishing/single_cam/20260808_0153,317.43646240234375,297.80810546875,203.73080444335938,8.75887599249836e-06,-7.528577407356352e-05,1.5624703168869019,0.22178611159324646,-0.29958194494247437,-0.10321732610464096,354.3709716796875,290.0917663574219,227.258056640625,-0.0718691274523735,-0.07490186393260956,1.4217724800109863,0.0,0.0,0.0,0,0
1786183698.2201247,8.939035192001029,APPROACH,BSPLINE,/home/eunseop/nrs_imitation/checkpoints/bspline/polishing/single_cam/20260808_0153,317.4396667480469,297.83892822265625,203.74139404296875,6.941892206668854e-05,-0.00012374614016152918,1.5624463558197021,0.04236965999007225,-0.2227778285741806,-0.03528686612844467,354.3709716796875,290.0917663574219,227.258056640625,-0.0718691274523735,-0.07490186393260956,1.4217724800109863,0.0,0.0,0.0,0,0
1786183698.2281766,8.94708722300129,APPROACH,BSPLINE,/home/eunseop/nrs_imitation/checkpoints/bspline/polishing/single_cam/20260808_0153,317.4618225097656,297.81707763671875,203.74879455566406,3.5241722798673436e-05,-0.00010830022802110761,1.5624343156814575,0.18907782435417175,-0.20695219933986664,-0.3488104045391083,354.3709716796875,290.0917663574219,227.258056640625,-0.0718691274523735,-0.07490186393260956,1.4217724800109863,0.0,0.0,0.0,0,0
1786183698.2360244,8.954934633002267,APPROACH,BSPLINE,/home/eunseop/nrs_imitation/checkpoints/bspline/polishing/single_cam/20260808_0153,317.4532470703125,297.82196044921875,203.73526000976562,4.793648258782923e-05,-0.00010411182302050292,1.5624703168869019,0.17587772011756897,-0.24341662228107452,-0.2604723870754242,354.3709716796875,290.0917663574219,227.258056640625,-0.0718691274523735,-0.07490186393260956,1.4217724800109863,0.0,0.0,0.0,0,0
1786183698.2439997,8.962910126996576,APPROACH,BSPLINE,/home/eunseop/nrs_imitation/checkpoints/bspline/polishing/single_cam/20260808_0153,317.4338684082031,297.8258056640625,203.70787048339844,1.2053020327584818e-05,-4.637100937543437e-05,1.5624703168869019,0.38729026913642883,-0.16082856059074402,-0.4704933762550354,354.3709716796875,290.0917663574219,227.258056640625,-0.0718691274523735,-0.07490186393260956,1.4217724800109863,0.0,0.0,0.0,0,0
1786183698.252044,8.97095439300756,APPROACH,BSPLINE,/home/eunseop/nrs_imitation/checkpoints/bspline/polishing/single_cam/20260808_0153,317.4241943359375,297.8055725097656,203.70143127441406,3.999371620011516e-05,-7.096023637132021e-06,1.5624583959579468,0.3742164671421051,-0.1702645719051361,-0.014093728736042976,354.3709716796875,290.0917663574219,227.258056640625,-0.0718691274523735,-0.07490186393260956,1.4217724800109863,0.0,0.0,0.0,0,0
1786183698.2600942,8.979004660999635,APPROACH,BSPLINE,/home/eunseop/nrs_imitation/checkpoints/bspline/polishing/single_cam/20260808_0153,317.44134521484375,297.8072204589844,203.70510864257812,-9.611068890080787e-06,-2.623858381411992e-05,1.5624704360961914,0.21688386797904968,0.18851765990257263,0.13067898154258728,354.3709716796875,290.0917663574219,227.258056640625,-0.0718691274523735,-0.07490186393260956,1.4217724800109863,0.0,0.0,0.0,0,0
1786183698.2681913,8.987101658000029,APPROACH,BSPLINE,/home/eunseop/nrs_imitation/checkpoints/bspline/polishing/single_cam/20260808_0153,317.4372863769531,297.8106689453125,203.71295166015625,3.212263254681602e-05,-2.4166582079487853e-05,1.562434434890747,0.20188799500465393,-0.06177198514342308,0.39043599367141724,354.3709716796875,290.0917663574219,227.258056640625,-0.0718691274523735,-0.07490186393260956,1.4217724800109863,0.0,0.0,0.0,0,0
1786183698.276039,8.994949428000837,APPROACH,BSPLINE,/home/eunseop/nrs_imitation/checkpoints/bspline/polishing/single_cam/20260808_0153,317.45361328125,297.78753662109375,203.69180297851562,-1.9073733710683882e-05,-9.715557780509698e-07,1.5623983144760132,0.28307923674583435,-0.30682891607284546,0.03936447575688362,354.3709716796875,290.0917663574219,227.258056640625,-0.0718691274523735,-0.07490186393260956,1.4217724800109863,0.0,0.0,0.0,0,0
1786183698.284133,9.003043339005671,APPROACH,BSPLINE,/home/eunseop/nrs_imitation/checkpoints/bspline/polishing/single_cam/20260808_0153,317.4394226074219,297.79205322265625,203.70143127441406,2.7483925805427134e-05,-1.1780682143580634e-05,1.5623748302459717,0.15732042491436005,-0.3245655298233032,-0.0693838968873024,354.3709716796875,290.0917663574219,227.258056640625,-0.0718691274523735,-0.07490186393260956,1.4217724800109863,0.0,0.0,0.0,0,0
1786183698.2921438,9.011054211994633,APPROACH,BSPLINE,/home/eunseop/nrs_imitation/checkpoints/bspline/polishing/single_cam/20260808_0153,317.4335632324219,297.8140563964844,203.7064971923828,3.230818401789293e-05,-2.466232399456203e-05,1.5624703168869019,0.1336541771888733,-0.1425081491470337,0.16239026188850403,354.3709716796875,290.0917663574219,227.258056640625,-0.0718691274523735,-0.07490186393260956,1.4217724800109863,0.0,0.0,0.0,0,0
1786183698.300152,9.019062609004322,APPROACH,BSPLINE,/home/eunseop/nrs_imitation/checkpoints/bspline/polishing/single_cam/20260808_0153,317.4539794921875,297.82305908203125,203.7310028076172,8.94304957910208e-06,-7.578123768325895e-05,1.5624583959579468,0.3345642685890198,-0.17229191958904266,-0.22181373834609985,354.3709716796875,290.0917663574219,227.258056640625,-0.0718691274523735,-0.07490186393260956,1.4217724800109863,0.0,0.0,0.0,0,0
1786183698.308147,9.027057409999543,APPROACH,BSPLINE,/home/eunseop/nrs_imitation/checkpoints/bspline/polishing/single_cam/20260808_0153,317.462158203125,297.80584716796875,203.7372589111328,5.708111984858988e-06,-0.00010523770470172167,1.5624583959579468,0.466439425945282,0.08078702539205551,0.005076523870229721,354.3709716796875,290.0917663574219,227.258056640625,-0.0718691274523735,-0.07490186393260956,1.4217724800109863,0.0,0.0,0.0,0,0
1786183698.316147,9.035057511995547,APPROACH,BSPLINE,/home/eunseop/nrs_imitation/checkpoints/bspline/polishing/single_cam/20260808_0153,317.4370422363281,297.8447265625,203.7501678466797,6.47797787678428e-05,-0.00011136149987578392,1.5624823570251465,-0.01083722710609436,-0.2242220938205719,-0.30051395297050476,354.3709716796875,290.0917663574219,227.258056640625,-0.0718691274523735,-0.07490186393260956,1.4217724800109863,0.0,0.0,0.0,0,0
1786183698.3241951,9.043105495002237,APPROACH,BSPLINE,/home/eunseop/nrs_imitation/checkpoints/bspline/polishing/single_cam/20260808_0153,317.4381408691406,297.8233337402344,203.71914672851562,4.120466201129602e-06,-6.290022429311648e-05,1.5624823570251465,0.15748430788516998,-0.20968754589557648,0.2630384564399719,354.3709716796875,290.0917663574219,227.258056640625,-0.0718691274523735,-0.07490186393260956,1.4217724800109863,0.0,0.0,0.0,0,0
1786183698.3320427,9.050953184996615,APPROACH,BSPLINE,/home/eunseop/nrs_imitation/checkpoints/bspline/polishing/single_cam/20260808_0153,317.4423522949219,297.79827880859375,203.7147216796875,2.4560786187066697e-05,-4.168628584011458e-05,1.5624223947525024,0.02847672998905182,-0.42951032519340515,-0.3889622092247009,354.3709716796875,290.0917663574219,227.258056640625,-0.0718691274523735,-0.07490186393260956,1.4217724800109863,0.0,0.0,0.0,0,0
1786183698.340159,9.059069479000755,APPROACH,BSPLINE,/home/eunseop/nrs_imitation/checkpoints/bspline/polishing/single_cam/20260808_0153,317.4461364746094,297.806640625,203.73106384277344,4.622292908607051e-05,-6.181930802995339e-05,1.5624103546142578,0.15100541710853577,-0.4853661060333252,-0.18154536187648773,354.3709716796875,290.0917663574219,227.258056640625,-0.0718691274523735,-0.07490186393260956,1.4217724800109863,0.0,0.0,0.0,0,0
1786183698.3481913,9.067101662003552,APPROACH,BSPLINE,/home/eunseop/nrs_imitation/checkpoints/bspline/polishing/single_cam/20260808_0153,317.44635009765625,297.8187561035156,203.7267608642578,5.549988418351859e-05,-8.659091690788046e-05,1.562434434890747,0.2031036913394928,-0.3912326693534851,0.5235190987586975,354.3709716796875,290.0917663574219,227.258056640625,-0.0718691274523735,-0.07490186393260956,1.4217724800109863,0.0,0.0,0.0,0,0
1786183698.3560503,9.074960452999221,APPROACH,BSPLINE,/home/eunseop/nrs_imitation/checkpoints/bspline/polishing/single_cam/20260808_0153,317.4433288574219,297.82379150390625,203.74061584472656,5.550049536395818e-05,-8.659072773298249e-05,1.5624464750289917,0.07868384569883347,-0.22284792363643646,0.27609068155288696,354.3709716796875,290.0917663574219,227.258056640625,-0.0718691274523735,-0.07490186393260956,1.4217724800109863,0.0,0.0,0.0,0,0
1786183698.3640385,9.082948631999898,APPROACH,BSPLINE,/home/eunseop/nrs_imitation/checkpoints/bspline/polishing/single_cam/20260808_0153,317.4162902832031,297.7994689941406,203.69728088378906,1.1824187140518916e-06,2.0737650629598647e-05,1.5624943971633911,0.06375740468502045,-0.25889766216278076,0.3317034840583801,354.3709716796875,290.0917663574219,227.258056640625,-0.0718691274523735,-0.07490186393260956,1.4217724800109863,0.0,0.0,0.0,0,0
1786183698.3721578,9.091068182999152,APPROACH,BSPLINE,/home/eunseop/nrs_imitation/checkpoints/bspline/polishing/single_cam/20260808_0153,317.4421081542969,297.80938720703125,203.72007751464844,1.992209581658244e-05,-2.9301061658770777e-05,1.5624704360961914,0.5678282380104065,-0.3461703062057495,-0.3459131717681885,354.3709716796875,290.0917663574219,227.258056640625,-0.0718691274523735,-0.07490186393260956,1.4217724800109863,0.0,0.0,0.0,0,0
1786183698.380153,9.099063244007993,APPROACH,BSPLINE,/home/eunseop/nrs_imitation/checkpoints/bspline/polishing/single_cam/20260808_0153,317.4405517578125,297.8291320800781,203.75221252441406,4.77552275697235e-05,-0.0001036142130033113,1.5624583959579468,0.055614128708839417,-0.47530442476272583,-0.4461647570133209,354.3709716796875,290.0917663574219,227.258056640625,-0.0718691274523735,-0.07490186393260956,1.4217724800109863,0.0,0.0,0.0,0,0
1786183698.388048,9.106958285003202,APPROACH,BSPLINE,/home/eunseop/nrs_imitation/checkpoints/bspline/polishing/single_cam/20260808_0153,317.4364929199219,297.79730224609375,203.71043395996094,4.603813431458548e-05,-6.132332782726735e-05,1.5624103546142578,0.1302962303161621,-0.3664551377296448,-0.22634750604629517,354.3709716796875,290.0917663574219,227.258056640625,-0.0718691274523735,-0.07490186393260956,1.4217724800109863,0.0,0.0,0.0,0,0
1786183698.3960273,9.114937777005252,APPROACH,BSPLINE,/home/eunseop/nrs_imitation/checkpoints/bspline/polishing/single_cam/20260808_0153,317.451416015625,297.80609130859375,203.74266052246094,2.596621743577998e-05,-8.352840086445212e-05,1.562434434890747,0.12983478605747223,-0.3669387102127075,-0.226340651512146,354.3709716796875,290.0917663574219,227.258056640625,-0.0718691274523735,-0.07490186393260956,1.4217724800109863,0.0,0.0,0.0,0,0
1786183698.4040887,9.122999255996547,APPROACH,BSPLINE,/home/eunseop/nrs_imitation/checkpoints/bspline/polishing/single_cam/20260808_0153,317.429931640625,297.84088134765625,203.7194061279297,4.158627416472882e-05,-4.943328895024024e-05,1.5625063180923462,0.30030569434165955,-0.11855325102806091,0.5660863518714905,354.3709716796875,290.0917663574219,227.258056640625,-0.0718691274523735,-0.07490186393260956,1.4217724800109863,0.0,0.0,0.0,0,0
1786183698.4120498,9.130960463997326,APPROACH,BSPLINE,/home/eunseop/nrs_imitation/checkpoints/bspline/polishing/single_cam/20260808_0153,317.4393005371094,297.8260192871094,203.72052001953125,2.1143723643035628e-05,-7.06474602338858e-05,1.5624942779541016,0.2997972369194031,-0.1187213882803917,0.566078245639801,354.3709716796875,290.0917663574219,227.258056640625,-0.0718691274523735,-0.07490186393260956,1.4217724800109863,0.0,0.0,0.0,0,0
1786183698.4201045,9.139014909000252,APPROACH,BSPLINE,/home/eunseop/nrs_imitation/checkpoints/bspline/polishing/single_cam/20260808_0153,317.4584045410156,297.7975158691406,203.708984375,-2.0775753000634722e-05,-7.222341082524508e-05,1.5624223947525024,0.029995543882250786,-0.4948323965072632,0.07097656279802322,354.3709716796875,290.0917663574219,227.258056640625,-0.0718691274523735,-0.07490186393260956,1.4217724800109863,0.0,0.0,0.0,0,0
1786183698.428151,9.147061338997446,APPROACH,BSPLINE,/home/eunseop/nrs_imitation/checkpoints/bspline/polishing/single_cam/20260808_0153,317.41668701171875,297.8126525878906,203.7150115966797,5.237936420598999e-05,-2.4565088097006083e-06,1.5624463558197021,0.13230937719345093,-0.4627368450164795,-0.29495519399642944,354.3709716796875,290.0917663574219,227.258056640625,-0.0718691274523735,-0.07490186393260956,1.4217724800109863,0.0,0.0,0.0,0,0
1786183698.4361506,9.155060940000112,APPROACH,BSPLINE,/home/eunseop/nrs_imitation/checkpoints/bspline/polishing/single_cam/20260808_0153,317.42987060546875,297.8055419921875,203.69943237304688,7.228115009638714e-06,-3.3490101486677304e-05,1.5624703168869019,0.8465633392333984,-0.30770277976989746,-0.23572520911693573,354.3709716796875,290.0917663574219,227.258056640625,-0.0718691274523735,-0.07490186393260956,1.4217724800109863,0.0,0.0,0.0,0,0
1786183698.4441357,9.163046153000323,APPROACH,BSPLINE,/home/eunseop/nrs_imitation/checkpoints/bspline/polishing/single_cam/20260808_0153,317.43017578125,297.80706787109375,203.697998046875,3.999356340500526e-05,-7.095745786500629e-06,1.5624223947525024,0.3035617172718048,-0.31920912861824036,0.15555033087730408,354.3709716796875,290.0917663574219,227.258056640625,-0.0718691274523735,-0.07490186393260956,1.4217724800109863,0.0,0.0,0.0,0,0
1786183698.4522057,9.171116059005726,APPROACH,BSPLINE,/home/eunseop/nrs_imitation/checkpoints/bspline/polishing/single_cam/20260808_0153,317.452392578125,297.80810546875,203.71914672851562,4.118931883567711e-06,-6.289991870289668e-05,1.562434434890747,0.3990425765514374,-0.08172381669282913,0.5510218739509583,354.3709716796875,290.0917663574219,227.258056640625,-0.0718691274523735,-0.07490186393260956,1.4217724800109863,0.0,0.0,0.0,0,0
1786183698.4602058,9.179116340004839,APPROACH,BSPLINE,/home/eunseop/nrs_imitation/checkpoints/bspline/polishing/single_cam/20260808_0153,317.43756103515625,297.82330322265625,203.74542236328125,8.503394928993657e-05,-8.965277811512351e-05,1.5624223947525024,0.5042706727981567,-0.5143455266952515,-0.08438056707382202,354.3709716796875,290.0917663574219,227.258056640625,-0.0718691274523735,-0.07490186393260956,1.4217724800109863,0.0,0.0,0.0,0,0
1786183698.4681969,9.187107424993883,APPROACH,BSPLINE,/home/eunseop/nrs_imitation/checkpoints/bspline/polishing/single_cam/20260808_0153,317.4399108886719,297.79302978515625,203.70623779296875,1.9736778995138593e-05,-2.8805205147364177e-05,1.5624223947525024,0.25835344195365906,-0.5066806674003601,-0.7094942927360535,354.3709716796875,290.0917663574219,227.258056640625,-0.0718691274523735,-0.07490186393260956,1.4217724800109863,0.0,0.0,0.0,0,0
1786183698.47607,9.194980222993763,APPROACH,BSPLINE,/home/eunseop/nrs_imitation/checkpoints/bspline/polishing/single_cam/20260808_0153,317.46435546875,297.79901123046875,203.6959991455078,-1.748259637679439e-05,-4.330863157520071e-05,1.5624103546142578,0.25839734077453613,-0.5080932974815369,-0.7094528675079346,354.3709716796875,290.0917663574219,227.258056640625,-0.0718691274523735,-0.07490186393260956,1.4217724800109863,0.0,0.0,0.0,0,0
1786183698.4842398,9.203150329994969,APPROACH,BSPLINE,/home/eunseop/nrs_imitation/checkpoints/bspline/polishing/single_cam/20260808_0153,317.45526123046875,297.8149719238281,203.7681121826172,5.568376582232304e-05,-8.708720270078629e-05,1.5624223947525024,0.1527104675769806,-0.21656620502471924,0.5552159547805786,354.3709716796875,290.0917663574219,227.258056640625,-0.0718691274523735,-0.07490186393260956,1.4217724800109863,0.0,0.0,0.0,0,0
1786183698.4920561,9.210966408994864,APPROACH,BSPLINE,/home/eunseop/nrs_imitation/checkpoints/bspline/polishing/single_cam/20260808_0153,317.4624328613281,297.8064270019531,203.74404907226562,5.709978267987026e-06,-0.00010523708624532446,1.5624223947525024,0.15241281688213348,-0.21534796059131622,0.5551970601081848,354.3709716796875,290.0917663574219,227.258056640625,-0.0718691274523735,-0.07490186393260956,1.4217724800109863,0.0,0.0,0.0,0,0
1786183698.5000548,9.21896514800028,APPROACH,BSPLINE,/home/eunseop/nrs_imitation/checkpoints/bspline/polishing/single_cam/20260808_0153,317.4395446777344,297.83843994140625,203.7371826171875,4.311664815759286e-05,-9.12288815015927e-05,1.5624823570251465,0.14395597577095032,-0.1980438530445099,0.08622031658887863,354.3709716796875,290.0917663574219,227.258056640625,-0.0718691274523735,-0.07490186393260956,1.4217724800109863,0.0,0.0,0.0,0,0
1786183698.5080843,9.226994696000475,APPROACH,BSPLINE,/home/eunseop/nrs_imitation/checkpoints/bspline/polishing/single_cam/20260808_0153,317.4161071777344,297.83447265625,203.71434020996094,6.165719969430938e-05,-2.7228687031310983e-05,1.5625183582305908,0.13155224919319153,-0.4311256408691406,-0.2012641876935959,354.3709716796875,290.0917663574219,227.258056640625,-0.0718691274523735,-0.07490186393260956,1.4217724800109863,0.0,0.0,0.0,0,0
1786183698.516038,9.234948187993723,APPROACH,BSPLINE,/home/eunseop/nrs_imitation/checkpoints/bspline/polishing/single_cam/20260808_0153,317.446044921875,297.81756591796875,203.7372589111328,3.060639573959634e-05,-9.591371053829789e-05,1.5624463558197021,0.39219173789024353,-0.4336051940917969,-0.4124232232570648,354.3709716796875,290.0917663574219,227.258056640625,-0.0718691274523735,-0.07490186393260956,1.4217724800109863,0.0,0.0,0.0,0,0
1786183698.524049,9.24295947200153,APPROACH,BSPLINE,/home/eunseop/nrs_imitation/checkpoints/bspline/polishing/single_cam/20260808_0153,317.43353271484375,297.8022766113281,203.6966094970703,1.0459923032613005e-05,-4.033780896861572e-06,1.5624463558197021,0.39326003193855286,-0.43322378396987915,-0.4124085307121277,354.3709716796875,290.0917663574219,227.258056640625,-0.0718691274523735,-0.07490186393260956,1.4217724800109863,0.0,0.0,0.0,0,0
1786183698.5322287,9.25113912699453,APPROACH,BSPLINE,/home/eunseop/nrs_imitation/checkpoints/bspline/polishing/single_cam/20260808_0153,317.4248046875,297.794921875,203.69668579101562,1.0459972145326901e-05,-4.033654931845376e-06,1.5624463558197021,-0.09409575164318085,-0.02018226496875286,0.5992563962936401,354.3709716796875,290.0917663574219,227.258056640625,-0.0718691274523735,-0.07490186393260956,1.4217724800109863,0.0,0.0,0.0,0,0
1786183698.540201,9.259111345003475,APPROACH,BSPLINE,/home/eunseop/nrs_imitation/checkpoints/bspline/polishing/single_cam/20260808_0153,317.4225158691406,297.8022155761719,203.71104431152344,6.165627564769238e-05,-2.7229159968555905e-05,1.5624464750289917,0.3095633089542389,-0.42117300629615784,-0.24415373802185059,354.3709716796875,290.0917663574219,227.258056640625,-0.0718691274523735,-0.07490186393260956,1.4217724800109863,0.0,0.0,0.0,0,0
1786183698.5486932,9.267603549000341,APPROACH,BSPLINE,/home/eunseop/nrs_imitation/checkpoints/bspline/polishing/single_cam/20260808_0153,317.45159912109375,297.8300476074219,203.7482452392578,5.721511479350738e-05,-0.00012888228229712695,1.5624583959579468,0.26005855202674866,-0.15948233008384705,0.04077550023794174,354.3709716796875,290.0917663574219,227.258056640625,-0.0718691274523735,-0.07490186393260956,1.4217724800109863,0.0,0.0,0.0,0,0
1786183698.556065,9.27497532700363,APPROACH,BSPLINE,/home/eunseop/nrs_imitation/checkpoints/bspline/polishing/single_cam/20260808_0153,317.44122314453125,297.79559326171875,203.701416015625,2.5888055006362265e-06,-2.1104471670696512e-05,1.5624464750289917,0.3910987973213196,-0.32017436623573303,-0.10689479112625122,354.3709716796875,290.0917663574219,227.258056640625,-0.0718691274523735,-0.07490186393260956,1.4217724800109863,0.0,0.0,0.0,0,0
1786183698.564118,9.283028421006748,APPROACH,BSPLINE,/home/eunseop/nrs_imitation/checkpoints/bspline/polishing/single_cam/20260808_0153,317.45037841796875,297.8388671875,203.75640869140625,6.185521488077939e-05,-0.00014126728638075292,1.5624583959579468,-0.15006180107593536,-0.01397325936704874,0.07668834924697876,354.3709716796875,290.0917663574219,227.258056640625,-0.0718691274523735,-0.07490186393260956,1.4217724800109863,0.0,0.0,0.0,0,0
1786183698.572055,9.290965420994326,APPROACH,BSPLINE,/home/eunseop/nrs_imitation/checkpoints/bspline/polishing/single_cam/20260808_0153,317.4341125488281,297.81524658203125,203.72007751464844,3.230846778023988e-05,-2.466162186465226e-05,1.5624343156814575,-0.16141784191131592,-0.17818118631839752,0.21687953174114227,354.3709716796875,290.0917663574219,227.258056640625,-0.0718691274523735,-0.07490186393260956,1.4217724800109863,0.0,0.0,0.0,0,0
1786183698.580108,9.299018524994608,APPROACH,BSPLINE,/home/eunseop/nrs_imitation/checkpoints/bspline/polishing/single_cam/20260808_0153,317.45343017578125,297.8221435546875,203.7261962890625,1.6690122720319778e-05,-5.875679198652506e-05,1.562434434890747,0.012795812450349331,-0.3296433091163635,-0.37259194254875183,354.3709716796875,290.0917663574219,227.258056640625,-0.0718691274523735,-0.07490186393260956,1.4217724800109863,0.0,0.0,0.0,0,0
1786183698.5880566,9.306966937001562,APPROACH,BSPLINE,/home/eunseop/nrs_imitation/checkpoints/bspline/polishing/single_cam/20260808_0153,317.45343017578125,297.8221435546875,203.7261962890625,1.6690122720319778e-05,-5.875679198652506e-05,1.562434434890747,0.16200704872608185,-0.27121055126190186,-0.01043836772441864,354.3709716796875,290.0917663574219,227.258056640625,-0.0718691274523735,-0.07490186393260956,1.4217724800109863,0.0,0.0,0.0,0,0
1786183698.5960915,9.315001794995624,APPROACH,BSPLINE,/home/eunseop/nrs_imitation/checkpoints/bspline/polishing/single_cam/20260808_0153,317.43524169921875,297.7940979003906,203.70484924316406,2.5886911316774786e-06,-2.1104589905007742e-05,1.5624823570251465,0.085673987865448,-0.24367623031139374,-0.5192996263504028,354.3709716796875,290.0917663574219,227.258056640625,-0.0718691274523735,-0.07490186393260956,1.4217724800109863,0.0,0.0,0.0,0,0
1786183698.6041582,9.32306868500018,APPROACH,BSPLINE,/home/eunseop/nrs_imitation/checkpoints/bspline/polishing/single_cam/20260808_0153,317.4292297363281,297.8165283203125,203.71295166015625,4.4632237404584885e-05,-1.9482009520288557e-05,1.5624703168869019,0.11100780218839645,-0.10621951520442963,0.2827046811580658,354.3709716796875,290.0917663574219,227.258056640625,-0.0718691274523735,-0.07490186393260956,1.4217724800109863,0.0,0.0,0.0,0,0
1786183698.6121485,9.331058876996394,APPROACH,BSPLINE,/home/eunseop/nrs_imitation/checkpoints/bspline/polishing/single_cam/20260808_0153,317.4308166503906,297.83172607421875,203.74061584472656,8.039634121814743e-05,-7.726701733190566e-05,1.5624583959579468,0.2107311487197876,0.03365856036543846,0.2592349648475647,354.3709716796875,290.0917663574219,227.258056640625,-0.0718691274523735,-0.07490186393260956,1.4217724800109863,0.0,0.0,0.0,0,0
1786183698.620116,9.339026426998316,APPROACH,BSPLINE,/home/eunseop/nrs_imitation/checkpoints/bspline/polishing/single_cam/20260808_0153,317.4407958984375,297.8177490234375,203.73106384277344,2.132881127181463e-05,-7.114290201570839e-05,1.5624823570251465,-0.06561417132616043,-0.3054365813732147,-0.027018070220947266,354.3709716796875,290.0917663574219,227.258056640625,-0.0718691274523735,-0.07490186393260956,1.4217724800109863,0.0,0.0,0.0,0,0
1786183698.6280873,9.346997743006796,APPROACH,BSPLINE,/home/eunseop/nrs_imitation/checkpoints/bspline/polishing/single_cam/20260808_0153,317.4468078613281,297.84271240234375,203.75640869140625,6.185616803122684e-05,-0.00014126714086160064,1.5624704360961914,-0.005633975844830275,-0.45326483249664307,0.08887242525815964,354.3709716796875,290.0917663574219,227.258056640625,-0.0718691274523735,-0.07490186393260956,1.4217724800109863,0.0,0.0,0.0,0,0
1786183698.6361911,9.355101854001987,APPROACH,BSPLINE,/home/eunseop/nrs_imitation/checkpoints/bspline/polishing/single_cam/20260808_0153,317.4367370605469,297.7861022949219,203.71224975585938,5.821312697662506e-06,8.351784344995394e-06,1.5624103546142578,0.041620366275310516,-0.0024246626999229193,-0.08673534542322159,354.3709716796875,290.0917663574219,227.258056640625,-0.0718691274523735,-0.07490186393260956,1.4217724800109863,0.0,0.0,0.0,0,0
1786183698.64408,9.362990342007834,APPROACH,BSPLINE,/home/eunseop/nrs_imitation/checkpoints/bspline/polishing/single_cam/20260808_0153,317.4350891113281,297.8168640136719,203.7412872314453,2.1328876755433157e-05,-7.114313484635204e-05,1.5625063180923462,-0.08272107690572739,-0.2740851938724518,-0.18028555810451508,354.3709716796875,290.0917663574219,227.258056640625,-0.0718691274523735,-0.07490186393260956,1.4217724800109863,0.0,0.0,0.0,0,0
1786183698.6520634,9.370973951998167,APPROACH,BSPLINE,/home/eunseop/nrs_imitation/checkpoints/bspline/polishing/single_cam/20260808_0153,317.4437255859375,297.8246154785156,203.73580932617188,5.086274177301675e-05,-7.420417387038469e-05,1.5624223947525024,0.3778670132160187,-0.2949411869049072,-0.5305975675582886,354.3709716796875,290.0917663574219,227.258056640625,-0.0718691274523735,-0.07490186393260956,1.4217724800109863,0.0,0.0,0.0,0,0
1786183698.660047,9.378957531997003,APPROACH,BSPLINE,/home/eunseop/nrs_imitation/checkpoints/bspline/polishing/single_cam/20260808_0153,317.4433898925781,297.8116760253906,203.7064971923828,-4.972180704498896e-06,-3.862423181999475e-05,1.5624583959579468,0.09752270579338074,-0.5304508209228516,-0.0615474171936512,354.3709716796875,290.0917663574219,227.258056640625,-0.0718691274523735,-0.07490186393260956,1.4217724800109863,0.0,0.0,0.0,0,0
1786183698.6680665,9.386976990004769,APPROACH,BSPLINE,/home/eunseop/nrs_imitation/checkpoints/bspline/polishing/single_cam/20260808_0153,317.43743896484375,297.8104553222656,203.72572326660156,2.596830927359406e-05,-8.352805161848664e-05,1.5624583959579468,0.16986814141273499,-0.2920893430709839,-0.05180352181196213,354.3709716796875,290.0917663574219,227.258056640625,-0.0718691274523735,-0.07490186393260956,1.4217724800109863,0.0,0.0,0.0,0,0
1786183698.676115,9.395025385005283,APPROACH,BSPLINE,/home/eunseop/nrs_imitation/checkpoints/bspline/polishing/single_cam/20260808_0153,317.4315185546875,297.81011962890625,203.7296905517578,6.647968257311732e-05,-4.011154669569805e-05,1.5624583959579468,0.03795094043016434,-0.24403375387191772,-0.34624552726745605,354.3709716796875,290.0917663574219,227.258056640625,-0.0718691274523735,-0.07490186393260956,1.4217724800109863,0.0,0.0,0.0,0,0
1786183698.684089,9.402999145997455,APPROACH,BSPLINE,/home/eunseop/nrs_imitation/checkpoints/bspline/polishing/single_cam/20260808_0153,317.4552307128906,297.8023681640625,203.72488403320312,-1.2843937838624697e-05,-5.5694643378956243e-05,1.5624464750289917,0.026468826457858086,-0.10080794990062714,-0.11380961537361145,354.3709716796875,290.0917663574219,227.258056640625,-0.0718691274523735,-0.07490186393260956,1.4217724800109863,0.0,0.0,0.0,0,0
1786183698.6921203,9.41103070799727,APPROACH,BSPLINE,/home/eunseop/nrs_imitation/checkpoints/bspline/polishing/single_cam/20260808_0153,317.4590148925781,297.8103942871094,203.72372436523438,-6.489512543339515e-06,-0.00011037156218662858,1.5624583959579468,0.1555441915988922,0.23874448239803314,-0.08067363500595093,354.3709716796875,290.0917663574219,227.258056640625,-0.0718691274523735,-0.07490186393260956,1.4217724800109863,0.0,0.0,0.0,0,0
1786183698.7001336,9.419044105001376,APPROACH,BSPLINE,/home/eunseop/nrs_imitation/checkpoints/bspline/polishing/single_cam/20260808_0153,317.4358825683594,297.84259033203125,203.74343872070312,7.747513154754415e-05,-0.00010717081750044599,1.5624463558197021,0.07847978174686432,-0.3174956440925598,0.035886552184820175,354.3709716796875,290.0917663574219,227.258056640625,-0.0718691274523735,-0.07490186393260956,1.4217724800109863,0.0,0.0,0.0,0,0
1786183698.708144,9.427054296000279,APPROACH,BSPLINE,/home/eunseop/nrs_imitation/checkpoints/bspline/polishing/single_cam/20260808_0153,317.4400634765625,297.82763671875,203.72283935546875,1.668963159318082e-05,-5.8757759688887745e-05,1.562530279159546,0.10020873695611954,-0.15922415256500244,-0.15271766483783722,354.3709716796875,290.0917663574219,227.258056640625,-0.0718691274523735,-0.07490186393260956,1.4217724800109863,0.0,0.0,0.0,0,0
1786183698.7161477,9.435058454997488,APPROACH,BSPLINE,/home/eunseop/nrs_imitation/checkpoints/bspline/polishing/single_cam/20260808_0153,317.4400634765625,297.82763671875,203.72283935546875,1.668963159318082e-05,-5.8757759688887745e-05,1.562530279159546,0.2864179015159607,-0.3305961787700653,-0.20114411413669586,354.3709716796875,290.0917663574219,227.258056640625,-0.0718691274523735,-0.07490186393260956,1.4217724800109863,0.0,0.0,0.0,0,0
1786183698.724052,9.442962422996061,APPROACH,BSPLINE,/home/eunseop/nrs_imitation/checkpoints/bspline/polishing/single_cam/20260808_0153,317.437255859375,297.79827880859375,203.70236206054688,-1.8888284103013575e-05,-1.4674436670247815e-06,1.5624463558197021,-0.11119915544986725,-0.3897022604942322,-0.23165810108184814,354.3709716796875,290.0917663574219,227.258056640625,-0.0718691274523735,-0.07490186393260956,1.4217724800109863,0.0,0.0,0.0,0,0
1786183698.732082,9.450992291007424,APPROACH,BSPLINE,/home/eunseop/nrs_imitation/checkpoints/bspline/polishing/single_cam/20260808_0153,317.4376525878906,297.7993469238281,203.71334838867188,7.41323583497433e-06,-3.3985506888711825e-05,1.5624463558197021,0.16484160721302032,-0.05868135020136833,0.33053070306777954,354.3709716796875,290.0917663574219,227.258056640625,-0.0718691274523735,-0.07490186393260956,1.4217724800109863,0.0,0.0,0.0,0,0
1786183698.7401383,9.4590487509995,APPROACH,BSPLINE,/home/eunseop/nrs_imitation/checkpoints/bspline/polishing/single_cam/20260808_0153,317.4410095214844,297.8069763183594,203.72256469726562,2.901353764173109e-05,-5.357695044949651e-05,1.5624583959579468,0.3238205909729004,-0.30113697052001953,0.12527191638946533,354.3709716796875,290.0917663574219,227.258056640625,-0.0718691274523735,-0.07490186393260956,1.4217724800109863,0.0,0.0,0.0,0,0
1786183698.7481537,9.46706420200644,APPROACH,BSPLINE,/home/eunseop/nrs_imitation/checkpoints/bspline/polishing/single_cam/20260808_0153,317.4245300292969,297.8299255371094,203.74603271484375,8.82666718098335e-05,-6.019825741532259e-05,1.5624942779541016,0.2532591223716736,-0.13835009932518005,0.3169262111186981,354.3709716796875,290.0917663574219,227.258056640625,-0.0718691274523735,-0.07490186393260956,1.4217724800109863,0.0,0.0,0.0,0,0
1786183698.7560644,9.474974892000319,APPROACH,BSPLINE,/home/eunseop/nrs_imitation/checkpoints/bspline/polishing/single_cam/20260808_0153,317.4165344238281,297.812255859375,203.69662475585938,4.774099579663016e-05,9.928265171765815e-06,1.5624823570251465,0.24265314638614655,-0.5267288088798523,-0.26554983854293823,354.3709716796875,290.0917663574219,227.258056640625,-0.0718691274523735,-0.07490186393260956,1.4217724800109863,0.0,0.0,0.0,0,0
1786183698.7640774,9.482987798997783,APPROACH,BSPLINE,/home/eunseop/nrs_imitation/checkpoints/bspline/polishing/single_cam/20260808_0153,317.4385681152344,297.8016662597656,203.7259979248047,2.9014359824941494e-05,-5.357616828405298e-05,1.5624223947525024,0.4989710748195648,-0.03290873020887375,0.7586132287979126,354.3709716796875,290.0917663574219,227.258056640625,-0.0718691274523735,-0.07490186393260956,1.4217724800109863,0.0,0.0,0.0,0,0
1786183698.7720566,9.490966979996301,APPROACH,BSPLINE,/home/eunseop/nrs_imitation/checkpoints/bspline/polishing/single_cam/20260808_0153,317.4507751464844,297.85150146484375,203.7495574951172,7.424160867230967e-05,-0.0001366280484944582,1.5624463558197021,0.3560766875743866,-0.26315873861312866,0.2331133335828781,354.3709716796875,290.0917663574219,227.258056640625,-0.0718691274523735,-0.07490186393260956,1.4217724800109863,0.0,0.0,0.0,0,0
1786183698.7800553,9.498965719001717,APPROACH,BSPLINE,/home/eunseop/nrs_imitation/checkpoints/bspline/polishing/single_cam/20260808_0153,317.44122314453125,297.79583740234375,203.710205078125,1.045984845404746e-05,-4.033823643112555e-06,1.5624103546142578,0.2742287516593933,-0.5472391247749329,-0.34192463755607605,354.3709716796875,290.0917663574219,227.258056640625,-0.0718691274523735,-0.07490186393260956,1.4217724800109863,0.0,0.0,0.0,0,0
1786183698.7881837,9.507094176005921,APPROACH,BSPLINE,/home/eunseop/nrs_imitation/checkpoints/bspline/polishing/single_cam/20260808_0153,317.4286193847656,297.814697265625,203.7163848876953,1.9737175534828566e-05,-2.8805416150134988e-05,1.5625063180923462,0.16854572296142578,-0.5901840925216675,-0.3545120060443878,354.3709716796875,290.0917663574219,227.258056640625,-0.0718691274523735,-0.07490186393260956,1.4217724800109863,0.0,0.0,0.0,0,0
1786183698.7960277,9.514937928994186,APPROACH,BSPLINE,/home/eunseop/nrs_imitation/checkpoints/bspline/polishing/single_cam/20260808_0153,317.4275207519531,297.82403564453125,203.728759765625,5.067768506705761e-05,-7.370947423623875e-05,1.5624942779541016,0.3447713851928711,-0.5609487295150757,0.20084916055202484,354.3709716796875,290.0917663574219,227.258056640625,-0.0718691274523735,-0.07490186393260956,1.4217724800109863,0.0,0.0,0.0,0,0
1786183698.8041506,9.523060976003762,APPROACH,BSPLINE,/home/eunseop/nrs_imitation/checkpoints/bspline/polishing/single_cam/20260808_0153,317.4402770996094,297.8050231933594,203.7163848876953,7.226745310617844e-06,-3.349057078594342e-05,1.5625063180923462,0.27086547017097473,-0.37942788004875183,0.15962253510951996,354.3709716796875,290.0917663574219,227.258056640625,-0.0718691274523735,-0.07490186393260956,1.4217724800109863,0.0,0.0,0.0,0,0
1786183698.8121397,9.531050336998305,APPROACH,BSPLINE,/home/eunseop/nrs_imitation/checkpoints/bspline/polishing/single_cam/20260808_0153,317.45404052734375,297.81207275390625,203.7315673828125,4.775188062922098e-05,-0.00010361514432588592,1.5624223947525024,0.02758963592350483,-0.45213544368743896,0.11002147197723389,354.3709716796875,290.0917663574219,227.258056640625,-0.0718691274523735,-0.07490186393260956,1.4217724800109863,0.0,0.0,0.0,0,0
1786183698.820041,9.538951288996032,APPROACH,BSPLINE,/home/eunseop/nrs_imitation/checkpoints/bspline/polishing/single_cam/20260808_0153,317.4586486816406,297.7984619140625,203.71527099609375,-9.611636414774694e-06,-2.6238181817461737e-05,1.5624223947525024,0.21244235336780548,-0.24755267798900604,0.4179234802722931,354.3709716796875,290.0917663574219,227.258056640625,-0.0718691274523735,-0.07490186393260956,1.4217724800109863,0.0,0.0,0.0,0,0
1786183698.8280423,9.546952742995927,APPROACH,BSPLINE,/home/eunseop/nrs_imitation/checkpoints/bspline/polishing/single_cam/20260808_0153,317.437255859375,297.82244873046875,203.72283935546875,5.40949622518383e-05,-4.4747968786396086e-05,1.5624223947525024,0.14768387377262115,-0.1039872020483017,-0.137754425406456,354.3709716796875,290.0917663574219,227.258056640625,-0.0718691274523735,-0.07490186393260956,1.4217724800109863,0.0,0.0,0.0,0,0
1786183698.83605,9.55496026900073,APPROACH,BSPLINE,/home/eunseop/nrs_imitation/checkpoints/bspline/polishing/single_cam/20260808_0153,317.43951416015625,297.8037414550781,203.70510864257812,1.5283974789781496e-05,-1.691491161182057e-05,1.562434434890747,0.38281336426734924,-0.4139353632926941,-0.5480308532714844,354.3709716796875,290.0917663574219,227.258056640625,-0.0718691274523735,-0.07490186393260956,1.4217724800109863,0.0,0.0,0.0,0,0
1786183698.8440452,9.562955369998235,APPROACH,BSPLINE,/home/eunseop/nrs_imitation/checkpoints/bspline/polishing/single_cam/20260808_0153,317.4516906738281,297.8414611816406,203.75160217285156,4.470725980354473e-05,-0.0001335669803665951,1.5624823570251465,0.22779326140880585,-0.318554550409317,-0.4144849181175232,354.3709716796875,290.0917663574219,227.258056640625,-0.0718691274523735,-0.07490186393260956,1.4217724800109863,0.0,0.0,0.0,0,0
1786183698.852057,9.570967345003737,APPROACH,BSPLINE,/home/eunseop/nrs_imitation/checkpoints/bspline/polishing/single_cam/20260808_0153,317.4217834472656,297.8005676269531,203.713623046875,4.774068293045275e-05,9.92820059764199e-06,1.562434434890747,0.07165046036243439,0.2768486440181732,0.2534491717815399,354.3709716796875,290.0917663574219,227.258056640625,-0.0718691274523735,-0.07490186393260956,1.4217724800109863,0.0,0.0,0.0,0,0
1786183698.860054,9.57896426100342,APPROACH,BSPLINE,/home/eunseop/nrs_imitation/checkpoints/bspline/polishing/single_cam/20260808_0153,317.4478759765625,297.8326110839844,203.7194061279297,-8.204295227187686e-06,-6.808104080846533e-05,1.5625063180923462,0.20369087159633636,-0.36915192008018494,-0.41106757521629333,354.3709716796875,290.0917663574219,227.258056640625,-0.0718691274523735,-0.07490186393260956,1.4217724800109863,0.0,0.0,0.0,0,0
1786183698.868059,9.586969280993799,APPROACH,BSPLINE,/home/eunseop/nrs_imitation/checkpoints/bspline/polishing/single_cam/20260808_0153,317.4275207519531,297.80078125,203.71197509765625,1.5284304026863538e-05,-1.691466422926169e-05,1.5624463558197021,0.20380613207817078,-0.42625901103019714,0.04844577983021736,354.3709716796875,290.0917663574219,227.258056640625,-0.0718691274523735,-0.07490186393260956,1.4217724800109863,0.0,0.0,0.0,0,0
1786183698.8761306,9.59504098999605,APPROACH,BSPLINE,/home/eunseop/nrs_imitation/checkpoints/bspline/polishing/single_cam/20260808_0153,317.44140625,297.8074951171875,203.70196533203125,-6.688238499918953e-06,3.66670474249986e-06,1.562410831451416,0.4564288854598999,-0.460796594619751,-0.3479783236980438,354.3709716796875,290.0917663574219,227.258056640625,-0.0718691274523735,-0.07490186393260956,1.4217724800109863,0.0,0.0,0.0,0,0
1786183698.884181,9.603091558004962,APPROACH,BSPLINE,/home/eunseop/nrs_imitation/checkpoints/bspline/polishing/single_cam/20260808_0153,317.4454650878906,297.8166809082031,203.73245239257812,3.8477141060866416e-05,-7.884279330028221e-05,1.5624223947525024,0.1042107567191124,-0.1429845690727234,0.12428747862577438,354.3709716796875,290.0917663574219,227.258056640625,-0.0718691274523735,-0.07490186393260956,1.4217724800109863,0.0,0.0,0.0,0,0
1786183698.8920722,9.610982671001693,APPROACH,BSPLINE,/home/eunseop/nrs_imitation/checkpoints/bspline/polishing/single_cam/20260808_0153,317.45111083984375,297.8049621582031,203.7113037109375,-1.2843270269513596e-05,-5.569479617406614e-05,1.5624463558197021,0.37914183735847473,-0.17985695600509644,-0.3415433168411255,354.3709716796875,290.0917663574219,227.258056640625,-0.0718691274523735,-0.07490186393260956,1.4217724800109863,0.0,0.0,0.0,0,0
1786183698.9000988,9.619009104004363,APPROACH,BSPLINE,/home/eunseop/nrs_imitation/checkpoints/bspline/polishing/single_cam/20260808_0153,317.44439697265625,297.79071044921875,203.6904296875,-2.3712402253295295e-05,1.1413811080274172e-05,1.5624223947525024,0.30456820130348206,-0.1990358829498291,0.0818595364689827,354.3709716796875,290.0917663574219,227.258056640625,-0.0718691274523735,-0.07490186393260956,1.4217724800109863,0.0,0.0,0.0,0,0
1786183698.9080594,9.626969760007341,APPROACH,BSPLINE,/home/eunseop/nrs_imitation/checkpoints/bspline/polishing/single_cam/20260808_0153,317.4519348144531,297.795654296875,203.69549560546875,-6.5025801632145885e-06,3.171472826579702e-06,1.5623983144760132,0.3087064027786255,-0.07547207176685333,-0.028669418767094612,354.3709716796875,290.0917663574219,227.258056640625,-0.0718691274523735,-0.07490186393260956,1.4217724800109863,0.0,0.0,0.0,0,0
1786183698.91607,9.634980161004933,APPROACH,BSPLINE,/home/eunseop/nrs_imitation/checkpoints/bspline/polishing/single_cam/20260808_0153,317.431884765625,297.8109436035156,203.72488403320312,6.184154335642233e-05,-2.7724914616555907e-05,1.562434434890747,0.24737043678760529,-0.3829894959926605,-0.05239612236618996,354.3709716796875,290.0917663574219,227.258056640625,-0.0718691274523735,-0.07490186393260956,1.4217724800109863,0.0,0.0,0.0,0,0
1786183698.9240813,9.6429918549984,APPROACH,BSPLINE,/home/eunseop/nrs_imitation/checkpoints/bspline/polishing/single_cam/20260808_0153,317.4393310546875,297.81512451171875,203.71434020996094,3.6761182855116203e-05,-3.6552231904352084e-05,1.562434434890747,0.30458366870880127,0.07508886605501175,0.6575367450714111,354.3709716796875,290.0917663574219,227.258056640625,-0.0718691274523735,-0.07490186393260956,1.4217724800109863,0.0,0.0,0.0,0,0
1786183698.932079,9.650989511996158,APPROACH,BSPLINE,/home/eunseop/nrs_imitation/checkpoints/bspline/polishing/single_cam/20260808_0153,317.42877197265625,297.79193115234375,203.69187927246094,5.821351351187332e-06,8.351838005182799e-06,1.5624583959579468,0.13761895895004272,-0.5752994418144226,-0.22580961883068085,354.3709716796875,290.0917663574219,227.258056640625,-0.0718691274523735,-0.07490186393260956,1.4217724800109863,0.0,0.0,0.0,0,0
1786183698.94007,9.65898013500555,APPROACH,BSPLINE,/home/eunseop/nrs_imitation/checkpoints/bspline/polishing/single_cam/20260808_0153,317.4151611328125,297.80908203125,203.7184295654297,3.999388718511909e-05,-7.0950632107269485e-06,1.5624582767486572,0.4742221534252167,-0.43419569730758667,-0.3850919008255005,354.3709716796875,290.0917663574219,227.258056640625,-0.0718691274523735,-0.07490186393260956,1.4217724800109863,0.0,0.0,0.0,0,0
1786183698.9482155,9.667125936000957,APPROACH,BSPLINE,/home/eunseop/nrs_imitation/checkpoints/bspline/polishing/single_cam/20260808_0153,317.416015625,297.8106689453125,203.68844604492188,1.8207110770163126e-05,1.299061841564253e-05,1.5625183582305908,0.1366325318813324,-0.24379530549049377,-0.27247145771980286,354.3709716796875,290.0917663574219,227.258056640625,-0.0718691274523735,-0.07490186393260956,1.4217724800109863,0.0,0.0,0.0,0,0
1786183698.9560685,9.67497907600773,APPROACH,BSPLINE,/home/eunseop/nrs_imitation/checkpoints/bspline/polishing/single_cam/20260808_0153,317.4392395019531,297.81488037109375,203.73785400390625,4.622352935257368e-05,-6.181932985782623e-05,1.5624464750289917,0.4880891740322113,-0.3869364261627197,-0.4129599630832672,354.3709716796875,290.0917663574219,227.258056640625,-0.0718691274523735,-0.07490186393260956,1.4217724800109863,0.0,0.0,0.0,0,0
1786183698.9641483,9.683058809998329,APPROACH,BSPLINE,/home/eunseop/nrs_imitation/checkpoints/bspline/polishing/single_cam/20260808_0153,317.4207763671875,297.80975341796875,203.7317352294922,4.945711407344788e-05,-3.2361200283048674e-05,1.5624228715896606,0.277824729681015,-0.3039209842681885,-0.14960989356040955,354.3709716796875,290.0917663574219,227.258056640625,-0.0718691274523735,-0.07490186393260956,1.4217724800109863,0.0,0.0,0.0,0,0
1786183698.9721525,9.691062968995539,APPROACH,BSPLINE,/home/eunseop/nrs_imitation/checkpoints/bspline/polishing/single_cam/20260808_0153,317.4411315917969,297.8294982910156,203.72052001953125,-3.7496597542485688e-06,-7.99712652224116e-05,1.5624942779541016,0.20655430853366852,-0.22100359201431274,-0.6700389981269836,354.3709716796875,290.0917663574219,227.258056640625,-0.0718691274523735,-0.07490186393260956,1.4217724800109863,0.0,0.0,0.0,0,0
1786183698.9800725,9.698982927002362,APPROACH,BSPLINE,/home/eunseop/nrs_imitation/checkpoints/bspline/polishing/single_cam/20260808_0153,317.4587707519531,297.81036376953125,203.72283935546875,4.304085450712591e-06,-6.339526589727029e-05,1.5624223947525024,0.055102184414863586,-0.5665064454078674,-0.5699634552001953,354.3709716796875,290.0917663574219,227.258056640625,-0.0718691274523735,-0.07490186393260956,1.4217724800109863,0.0,0.0,0.0,0,0
1786183698.9880795,9.706989932004944,APPROACH,BSPLINE,/home/eunseop/nrs_imitation/checkpoints/bspline/polishing/single_cam/20260808_0153,317.4277038574219,297.813232421875,203.732177734375,6.318685336736962e-05,-6.902397581143305e-05,1.5624463558197021,0.20313188433647156,-0.622719407081604,-0.12899626791477203,354.3709716796875,290.0917663574219,227.258056640625,-0.0718691274523735,-0.07490186393260956,1.4217724800109863,0.0,0.0,0.0,0,0
1786183698.9960861,9.714996366004925,APPROACH,BSPLINE,/home/eunseop/nrs_imitation/checkpoints/bspline/polishing/single_cam/20260808_0153,317.4408264160156,297.79473876953125,203.71815490722656,1.2051055819028988e-05,-4.6371438656933606e-05,1.5624583959579468,0.34937116503715515,-0.23835110664367676,-0.22115133702754974,354.3709716796875,290.0917663574219,227.258056640625,-0.0718691274523735,-0.07490186393260956,1.4217724800109863,0.0,0.0,0.0,0,0
1786183699.0040548,9.722965167995426,APPROACH,BSPLINE,/home/eunseop/nrs_imitation/checkpoints/bspline/polishing/single_cam/20260808_0153,317.4278564453125,297.7901916503906,203.69187927246094,1.8207088942290284e-05,1.2990273717150558e-05,1.5624464750289917,0.19175638258457184,-0.4274975061416626,0.3169054090976715,354.3709716796875,290.0917663574219,227.258056640625,-0.0718691274523735,-0.07490186393260956,1.4217724800109863,0.0,0.0,0.0,0,0
1786183699.0120375,9.730947895994177,APPROACH,BSPLINE,/home/eunseop/nrs_imitation/checkpoints/bspline/polishing/single_cam/20260808_0153,317.4740905761719,297.82000732421875,203.745361328125,-2.037209014815744e-06,-0.00012226120452396572,1.5624223947525024,0.19804245233535767,-0.07066641747951508,0.27593734860420227,354.3709716796875,290.0917663574219,227.258056640625,-0.0718691274523735,-0.07490186393260956,1.4217724800109863,0.0,0.0,0.0,0,0
1786183699.0200493,9.73895989000448,APPROACH,BSPLINE,/home/eunseop/nrs_imitation/checkpoints/bspline/polishing/single_cam/20260808_0153,317.4486389160156,297.8350524902344,203.7501678466797,5.239437450654805e-05,-0.0001159989697043784,1.5624223947525024,0.24557042121887207,-0.3703206777572632,-0.02610739879310131,354.3709716796875,290.0917663574219,227.258056640625,-0.0718691274523735,-0.07490186393260956,1.4217724800109863,0.0,0.0,0.0,0,0
1786183699.0280714,9.746981784002855,APPROACH,BSPLINE,/home/eunseop/nrs_imitation/checkpoints/bspline/polishing/single_cam/20260808_0153,317.42791748046875,297.8139343261719,203.7296905517578,6.648056296398863e-05,-4.0109352994477376e-05,1.5624223947525024,0.014175289310514927,-0.2555238902568817,0.0628790333867073,354.3709716796875,290.0917663574219,227.258056640625,-0.0718691274523735,-0.07490186393260956,1.4217724800109863,0.0,0.0,0.0,0,0
1786183699.0360572,9.754967679007677,APPROACH,BSPLINE,/home/eunseop/nrs_imitation/checkpoints/bspline/polishing/single_cam/20260808_0153,317.44921875,297.80120849609375,203.70225524902344,4.304474259697599e-06,-6.339534593280405e-05,1.562434434890747,0.1884559541940689,-0.340307354927063,-0.35101693868637085,354.3709716796875,290.0917663574219,227.258056640625,-0.0718691274523735,-0.07490186393260956,1.4217724800109863,0.0,0.0,0.0,0,0
1786183699.0440707,9.762981064995984,APPROACH,BSPLINE,/home/eunseop/nrs_imitation/checkpoints/bspline/polishing/single_cam/20260808_0153,317.42364501953125,297.8046569824219,203.69662475585938,4.774095941684209e-05,9.927661267283838e-06,1.5624583959579468,0.19610656797885895,-0.35180017352104187,0.06381756067276001,354.3709716796875,290.0917663574219,227.258056640625,-0.0718691274523735,-0.07490186393260956,1.4217724800109863,0.0,0.0,0.0,0,0
1786183699.0521307,9.771041151994723,APPROACH,BSPLINE,/home/eunseop/nrs_imitation/checkpoints/bspline/polishing/single_cam/20260808_0153,317.4318542480469,297.809814453125,203.7053985595703,-6.688260327791795e-06,3.6668193388322834e-06,1.5624823570251465,0.39486122131347656,0.0010316106490790844,-0.10207319259643555,354.3709716796875,290.0917663574219,227.258056640625,-0.0718691274523735,-0.07490186393260956,1.4217724800109863,0.0,0.0,0.0,0,0
1786183699.0600848,9.77899512500153,APPROACH,BSPLINE,/home/eunseop/nrs_imitation/checkpoints/bspline/polishing/single_cam/20260808_0153,317.4411926269531,297.83062744140625,203.74490356445312,4.640892075258307e-05,-6.231534644030035e-05,1.5624823570251465,0.1477462649345398,-0.13785041868686676,-0.021855434402823448,354.3709716796875,290.0917663574219,227.258056640625,-0.0718691274523735,-0.07490186393260956,1.4217724800109863,0.0,0.0,0.0,0,0
1786183699.0691807,9.788090974005172,APPROACH,BSPLINE,/home/eunseop/nrs_imitation/checkpoints/bspline/polishing/single_cam/20260808_0153,317.43505859375,297.8057861328125,203.70510864257812,2.7669566406984814e-05,-1.227673146786401e-05,1.5624583959579468,-0.10444463044404984,-0.23577633500099182,-0.1914011389017105,354.3709716796875,290.0917663574219,227.258056640625,-0.0718691274523735,-0.07490186393260956,1.4217724800109863,0.0,0.0,0.0,0,0
1786183699.076132,9.795042558995192,APPROACH,BSPLINE,/home/eunseop/nrs_imitation/checkpoints/bspline/polishing/single_cam/20260808_0153,317.4522399902344,297.8197937011719,203.7194061279297,2.919925464084372e-05,-5.407194475992583e-05,1.5624223947525024,0.1643906682729721,-0.2742375433444977,-0.09312757849693298,354.3709716796875,290.0917663574219,227.258056640625,-0.0718691274523735,-0.07490186393260956,1.4217724800109863,0.0,0.0,0.0,0,0
1786183699.0841165,9.803026850000606,APPROACH,BSPLINE,/home/eunseop/nrs_imitation/checkpoints/bspline/polishing/single_cam/20260808_0153,317.44482421875,297.8038024902344,203.72007751464844,3.230739093851298e-05,-2.4663251679157838e-05,1.5624582767486572,0.3202723264694214,-0.3978175222873688,-0.3595801293849945,354.3709716796875,290.0917663574219,227.258056640625,-0.0718691274523735,-0.07490186393260956,1.4217724800109863,0.0,0.0,0.0,0,0
1786183699.0922081,9.811118787998566,APPROACH,BSPLINE,/home/eunseop/nrs_imitation/checkpoints/bspline/polishing/single_cam/20260808_0153,317.4258728027344,297.8089599609375,203.69180297851562,1.8206776076112874e-05,1.299071118410211e-05,1.5624463558197021,0.07602757960557938,-0.07178720086812973,-0.31471583247184753,354.3709716796875,290.0917663574219,227.258056640625,-0.0718691274523735,-0.07490186393260956,1.4217724800109863,0.0,0.0,0.0,0,0
1786183699.1001658,9.81907647800108,APPROACH,BSPLINE,/home/eunseop/nrs_imitation/checkpoints/bspline/polishing/single_cam/20260808_0153,317.4299621582031,297.79425048828125,203.71058654785156,-1.8642089116838179e-06,-9.214266356138978e-06,1.5625063180923462,0.02271539717912674,-0.17762313783168793,0.0901380106806755,354.3709716796875,290.0917663574219,227.258056640625,-0.0718691274523735,-0.07490186393260956,1.4217724800109863,0.0,0.0,0.0,0,0
1786183699.108153,9.827063504999387,APPROACH,BSPLINE,/home/eunseop/nrs_imitation/checkpoints/bspline/polishing/single_cam/20260808_0153,317.4424743652344,297.8329162597656,203.7194061279297,1.669158518780023e-05,-5.875658098375425e-05,1.5624582767486572,0.16586638987064362,-0.1432165950536728,0.6782323718070984,354.3709716796875,290.0917663574219,227.258056640625,-0.0718691274523735,-0.07490186393260956,1.4217724800109863,0.0,0.0,0.0,0,0
1786183699.1170108,9.835921278005117,APPROACH,BSPLINE,/home/eunseop/nrs_imitation/checkpoints/bspline/polishing/single_cam/20260808_0153,317.46728515625,297.8052062988281,203.73924255371094,-1.1315351002849638e-05,-9.74900831351988e-05,1.5624463558197021,0.3243846297264099,-0.1950547993183136,-0.25502490997314453,354.3709716796875,290.0917663574219,227.258056640625,-0.0718691274523735,-0.07490186393260956,1.4217724800109863,0.0,0.0,0.0,0,0
1786183699.1241114,9.84302185800334,APPROACH,BSPLINE,/home/eunseop/nrs_imitation/checkpoints/bspline/polishing/single_cam/20260808_0153,317.41741943359375,297.80194091796875,203.6898956298828,1.0460025805514306e-05,-4.033820459881099e-06,1.5625183582305908,0.1678406447172165,-0.3036562502384186,0.035696446895599365,354.3709716796875,290.0917663574219,227.258056640625,-0.0718691274523735,-0.07490186393260956,1.4217724800109863,0.0,0.0,0.0,0,0
1786183699.132094,9.85100427600264,APPROACH,BSPLINE,/home/eunseop/nrs_imitation/checkpoints/bspline/polishing/single_cam/20260808_0153,317.4382629394531,297.80145263671875,203.70677185058594,3.535498399287462e-05,5.289206910674693e-06,1.5624103546142578,0.275226891040802,0.18398141860961914,0.5829699039459229,354.3709716796875,290.0917663574219,227.258056640625,-0.0718691274523735,-0.07490186393260956,1.4217724800109863,0.0,0.0,0.0,0,0
1786183699.1400914,9.85900190200482,APPROACH,BSPLINE,/home/eunseop/nrs_imitation/checkpoints/bspline/polishing/single_cam/20260808_0153,317.4394836425781,297.81463623046875,203.7113037109375,-3.337752616516809e-07,-5.101011265651323e-05,1.5624942779541016,0.49095067381858826,-0.1949377954006195,0.38357964158058167,354.3709716796875,290.0917663574219,227.258056640625,-0.0718691274523735,-0.07490186393260956,1.4217724800109863,0.0,0.0,0.0,0,0
1786183699.148149,9.86705947399605,APPROACH,BSPLINE,/home/eunseop/nrs_imitation/checkpoints/bspline/polishing/single_cam/20260808_0153,317.4483642578125,297.8341979980469,203.72756958007812,2.1329595256247558e-05,-7.114241452654824e-05,1.5624583959579468,0.28322428464889526,-0.26816287636756897,-0.4178558886051178,354.3709716796875,290.0917663574219,227.258056640625,-0.0718691274523735,-0.07490186393260956,1.4217724800109863,0.0,0.0,0.0,0,0
1786183699.1560323,9.874942520997138,APPROACH,BSPLINE,/home/eunseop/nrs_imitation/checkpoints/bspline/polishing/single_cam/20260808_0153,317.4207763671875,297.8092346191406,203.6952362060547,5.821288596052909e-06,8.351962605956942e-06,1.5625063180923462,0.20621736347675323,-0.03296782076358795,0.32010507583618164,354.3709716796875,290.0917663574219,227.258056640625,-0.0718691274523735,-0.07490186393260956,1.4217724800109863,0.0,0.0,0.0,0,0
1786183699.1640878,9.882998310000403,APPROACH,BSPLINE,/home/eunseop/nrs_imitation/checkpoints/bspline/polishing/single_cam/20260808_0153,317.456298828125,297.8280944824219,203.73916625976562,1.3582122846855782e-05,-8.816670015221462e-05,1.5624463558197021,0.2727283537387848,-0.49942997097969055,-0.6865636110305786,354.3709716796875,290.0917663574219,227.258056640625,-0.0718691274523735,-0.07490186393260956,1.4217724800109863,0.0,0.0,0.0,0,0
1786183699.1721509,9.891061311005615,APPROACH,BSPLINE,/home/eunseop/nrs_imitation/checkpoints/bspline/polishing/single_cam/20260808_0153,317.4419250488281,297.83160400390625,203.7267608642578,1.8223228835267946e-05,-0.00010055222810478881,1.5624703168869019,0.10359476506710052,-0.3481978476047516,0.07398717850446701,354.3709716796875,290.0917663574219,227.258056640625,-0.0718691274523735,-0.07490186393260956,1.4217724800109863,0.0,0.0,0.0,0,0
1786183699.1801534,9.899063908000244,APPROACH,BSPLINE,/home/eunseop/nrs_imitation/checkpoints/bspline/polishing/single_cam/20260808_0153,317.44158935546875,297.7964172363281,203.6966094970703,-2.049622253252892e-06,-8.718772733118385e-06,1.562434434890747,0.22988946735858917,-0.48230546712875366,-0.5661963224411011,354.3709716796875,290.0917663574219,227.258056640625,-0.0718691274523735,-0.07490186393260956,1.4217724800109863,0.0,0.0,0.0,0,0
1786183699.1881142,9.907024665008066,APPROACH,BSPLINE,/home/eunseop/nrs_imitation/checkpoints/bspline/polishing/single_cam/20260808_0153,317.4479064941406,297.80987548828125,203.7222900390625,1.3582122846855782e-05,-8.816670015221462e-05,1.5624463558197021,0.16473965346813202,-0.5839728116989136,-0.45702528953552246,354.3709716796875,290.0917663574219,227.258056640625,-0.0718691274523735,-0.07490186393260956,1.4217724800109863,0.0,0.0,0.0,0,0
1786183699.1960266,9.914937067995197,APPROACH,BSPLINE,/home/eunseop/nrs_imitation/checkpoints/bspline/polishing/single_cam/20260808_0153,317.4479064941406,297.80987548828125,203.7222900390625,1.3582122846855782e-05,-8.816670015221462e-05,1.5624463558197021,-0.008813276886940002,-0.358996719121933,0.20938187837600708,354.3709716796875,290.0917663574219,227.258056640625,-0.0718691274523735,-0.07490186393260956,1.4217724800109863,0.0,0.0,0.0,0,0
1786183699.2040586,9.922969050996471,APPROACH,BSPLINE,/home/eunseop/nrs_imitation/checkpoints/bspline/polishing/single_cam/20260808_0153,317.4336853027344,297.8141784667969,203.7041778564453,2.4375693101319484e-05,-4.119105142308399e-05,1.5624823570251465,-0.0675041675567627,0.00027499624411575496,-0.4093988239765167,354.3709716796875,290.0917663574219,227.258056640625,-0.0718691274523735,-0.07490186393260956,1.4217724800109863,0.0,0.0,0.0,0,0
1786183699.2121487,9.93105929500598,APPROACH,BSPLINE,/home/eunseop/nrs_imitation/checkpoints/bspline/polishing/single_cam/20260808_0153,317.43780517578125,297.811279296875,203.72091674804688,2.1328418370103464e-05,-7.114314939826727e-05,1.5624943971633911,0.2749089002609253,-0.2584593594074249,-0.5163484215736389,354.3709716796875,290.0917663574219,227.258056640625,-0.0718691274523735,-0.07490186393260956,1.4217724800109863,0.0,0.0,0.0,0,0
1786183699.2201283,9.939038647004054,APPROACH,BSPLINE,/home/eunseop/nrs_imitation/checkpoints/bspline/polishing/single_cam/20260808_0153,317.4337463378906,297.8032531738281,203.697998046875,3.999356704298407e-05,-7.097231900843326e-06,1.5624703168869019,0.17866738140583038,-0.2598921060562134,-0.5557274222373962,354.3709716796875,290.0917663574219,227.258056640625,-0.0718691274523735,-0.07490186393260956,1.4217724800109863,0.0,0.0,0.0,0,0
1786183699.228128,9.947038368001813,APPROACH,BSPLINE,/home/eunseop/nrs_imitation/checkpoints/bspline/polishing/single_cam/20260808_0153,317.44085693359375,297.7950439453125,203.7150115966797,1.5098456970008556e-05,-1.6419315215898678e-05,1.5623984336853027,-0.03859293460845947,-0.2138354778289795,-0.4316332936286926,354.3709716796875,290.0917663574219,227.258056640625,-0.0718691274523735,-0.07490186393260956,1.4217724800109863,0.0,0.0,0.0,0,0
1786183699.2360811,9.954991428996436,APPROACH,BSPLINE,/home/eunseop/nrs_imitation/checkpoints/bspline/polishing/single_cam/20260808_0153,317.4598388671875,297.82379150390625,203.714599609375,-2.5227784135495313e-05,-6.033378667780198e-05,1.562434434890747,0.2923658490180969,-0.1818602979183197,-0.009363099932670593,354.3709716796875,290.0917663574219,227.258056640625,-0.0718691274523735,-0.07490186393260956,1.4217724800109863,0.0,0.0,0.0,0,0
1786183699.2441216,9.96303198899841,APPROACH,BSPLINE,/home/eunseop/nrs_imitation/checkpoints/bspline/polishing/single_cam/20260808_0153,317.43536376953125,297.841064453125,203.7439727783203,5.550275091081858e-05,-8.658967999508604e-05,1.5624703168869019,0.2624843120574951,-0.43310001492500305,-0.3898310363292694,354.3709716796875,290.0917663574219,227.258056640625,-0.0718691274523735,-0.07490186393260956,1.4217724800109863,0.0,0.0,0.0,0,0
1786183699.2520592,9.970969519999926,APPROACH,BSPLINE,/home/eunseop/nrs_imitation/checkpoints/bspline/polishing/single_cam/20260808_0153,317.4428405761719,297.8104248046875,203.72256469726562,4.119699042348657e-06,-6.290007149800658e-05,1.5624583959579468,0.11401429027318954,-0.24140509963035583,-0.3180074393749237,354.3709716796875,290.0917663574219,227.258056640625,-0.0718691274523735,-0.07490186393260956,1.4217724800109863,0.0,0.0,0.0,0,0
1786183699.2601583,9.979068692002329,APPROACH,BSPLINE,/home/eunseop/nrs_imitation/checkpoints/bspline/polishing/single_cam/20260808_0153,317.4342346191406,297.8271789550781,203.72764587402344,4.622412598109804e-05,-6.181935896165669e-05,1.5624823570251465,0.0787430852651596,-0.09934770315885544,-0.40211084485054016,354.3709716796875,290.0917663574219,227.258056640625,-0.0718691274523735,-0.07490186393260956,1.4217724800109863,0.0,0.0,0.0,0,0
1786183699.26811,9.987020661006682,APPROACH,BSPLINE,/home/eunseop/nrs_imitation/checkpoints/bspline/polishing/single_cam/20260808_0153,317.42340087890625,297.7918395996094,203.70449829101562,2.456144466123078e-05,-4.1686264012241736e-05,1.5624704360961914,0.2164628952741623,-0.5409287810325623,-0.19687381386756897,354.3709716796875,290.0917663574219,227.258056640625,-0.0718691274523735,-0.07490186393260956,1.4217724800109863,0.0,0.0,0.0,0,0
1786183699.27609,9.99500018300023,APPROACH,BSPLINE,/home/eunseop/nrs_imitation/checkpoints/bspline/polishing/single_cam/20260808_0153,317.4455261230469,297.8163146972656,203.73785400390625,8.943961802287959e-06,-7.578112854389474e-05,1.5624583959579468,0.250781387090683,-0.1400015652179718,0.6541656255722046,354.3709716796875,290.0917663574219,227.258056640625,-0.0718691274523735,-0.07490186393260956,1.4217724800109863,0.0,0.0,0.0,0,0
1786183699.284109,10.003019472002052,APPROACH,BSPLINE,/home/eunseop/nrs_imitation/checkpoints/bspline/polishing/single_cam/20260808_0153,317.419677734375,297.8080139160156,203.69601440429688,8.19126726128161e-05,-5.5195910135807935e-06,1.5624103546142578,-0.15896040201187134,-0.16310857236385345,0.16351056098937988,354.3709716796875,290.0917663574219,227.258056640625,-0.0718691274523735,-0.07490186393260956,1.4217724800109863,0.0,0.0,0.0,0,0
1786183699.2920983,10.011008821995347,APPROACH,BSPLINE,/home/eunseop/nrs_imitation/checkpoints/bspline/polishing/single_cam/20260808_0153,317.44036865234375,297.781982421875,203.7060089111328,-2.8536464014905505e-05,2.4295046387123875e-05,1.562434434890747,0.35377076268196106,-0.29716038703918457,-0.6964052319526672,354.3709716796875,290.0917663574219,227.258056640625,-0.0718691274523735,-0.07490186393260956,1.4217724800109863,0.0,0.0,0.0,0,0
1786183699.300148,10.019058359001065,APPROACH,BSPLINE,/home/eunseop/nrs_imitation/checkpoints/bspline/polishing/single_cam/20260808_0153,317.4561462402344,297.8280029296875,203.74148559570312,2.151342596334871e-05,-7.163835834944621e-05,1.5624583959579468,0.23002378642559052,-0.39055827260017395,-0.3797626197338104,354.3709716796875,290.0917663574219,227.258056640625,-0.0718691274523735,-0.07490186393260956,1.4217724800109863,0.0,0.0,0.0,0,0
1786183699.3080857,10.02699623099761,APPROACH,BSPLINE,/home/eunseop/nrs_imitation/checkpoints/bspline/polishing/single_cam/20260808_0153,317.4630126953125,297.8079528808594,203.7315673828125,2.2857242583995685e-05,-0.00011293784336885437,1.5624103546142578,0.061233628541231155,-0.26561400294303894,-0.2034691423177719,354.3709716796875,290.0917663574219,227.258056640625,-0.0718691274523735,-0.07490186393260956,1.4217724800109863,0.0,0.0,0.0,0,0
1786183699.3161428,10.035053232000791,APPROACH,BSPLINE,/home/eunseop/nrs_imitation/checkpoints/bspline/polishing/single_cam/20260808_0153,317.4561462402344,297.80413818359375,203.71295166015625,-3.0054421586100943e-05,-4.745195110444911e-05,1.5624942779541016,0.13975952565670013,-0.4053649604320526,-0.5406081080436707,354.3709716796875,290.0917663574219,227.258056640625,-0.0718691274523735,-0.07490186393260956,1.4217724800109863,0.0,0.0,0.0,0,0
1786183699.3241756,10.043086096004117,APPROACH,BSPLINE,/home/eunseop/nrs_imitation/checkpoints/bspline/polishing/single_cam/20260808_0153,317.44061279296875,297.80615234375,203.7273712158203,3.365263546584174e-05,-6.596207822440192e-05,1.562434434890747,0.3446822762489319,-0.35315796732902527,0.15357345342636108,354.3709716796875,290.0917663574219,227.258056640625,-0.0718691274523735,-0.07490186393260956,1.4217724800109863,0.0,0.0,0.0,0,0
1786183699.3321126,10.051023036998231,APPROACH,BSPLINE,/home/eunseop/nrs_imitation/checkpoints/bspline/polishing/single_cam/20260808_0153,317.4306945800781,297.8309631347656,203.71571350097656,4.1399682231713086e-05,-4.8939014959614724e-05,1.562530279159546,0.1441229283809662,-0.43331512808799744,0.02069847472012043,354.3709716796875,290.0917663574219,227.258056640625,-0.0718691274523735,-0.07490186393260956,1.4217724800109863,0.0,0.0,0.0,0,0
1786183699.3401241,10.059034470003098,APPROACH,BSPLINE,/home/eunseop/nrs_imitation/checkpoints/bspline/polishing/single_cam/20260808_0153,317.4609375,297.8150329589844,203.71234130859375,4.304460162529722e-06,-6.339513493003324e-05,1.5624103546142578,0.18483617901802063,-0.4251837730407715,0.05988014489412308,354.3709716796875,290.0917663574219,227.258056640625,-0.0718691274523735,-0.07490186393260956,1.4217724800109863,0.0,0.0,0.0,0,0
1786183699.348215,10.067125586007023,APPROACH,BSPLINE,/home/eunseop/nrs_imitation/checkpoints/bspline/polishing/single_cam/20260808_0153,317.46246337890625,297.8175964355469,203.73863220214844,-1.4544507394020911e-05,-0.0001269469503313303,1.5624583959579468,0.31026411056518555,-0.2820226550102234,0.16792026162147522,354.3709716796875,290.0917663574219,227.258056640625,-0.0718691274523735,-0.07490186393260956,1.4217724800109863,0.0,0.0,0.0,0,0
1786183699.356031,10.07494129499537,APPROACH,BSPLINE,/home/eunseop/nrs_imitation/checkpoints/bspline/polishing/single_cam/20260808_0153,317.4364013671875,297.8318176269531,203.71714782714844,4.6223831304814667e-05,-6.181973731145263e-05,1.5624943971633911,0.07853691279888153,-0.37620508670806885,0.017340486869215965,354.3709716796875,290.0917663574219,227.258056640625,-0.0718691274523735,-0.07490186393260956,1.4217724800109863,0.0,0.0,0.0,0,0
1786183699.3641737,10.083084219004377,APPROACH,BSPLINE,/home/eunseop/nrs_imitation/checkpoints/bspline/polishing/single_cam/20260808_0153,317.4654235839844,297.8009033203125,203.7056121826172,-3.3100182918133214e-05,-7.740376895526424e-05,1.562434434890747,0.2269420474767685,-0.4632471799850464,-0.0747656300663948,354.3709716796875,290.0917663574219,227.258056640625,-0.0718691274523735,-0.07490186393260956,1.4217724800109863,0.0,0.0,0.0,0,0
1786183699.3722172,10.091127474006498,APPROACH,BSPLINE,/home/eunseop/nrs_imitation/checkpoints/bspline/polishing/single_cam/20260808_0153,317.4481201171875,297.7869567871094,203.71197509765625,-2.2120460926089436e-05,-3.092341648880392e-05,1.5624223947525024,0.2952103614807129,-0.3485124111175537,-0.034754589200019836,354.3709716796875,290.0917663574219,227.258056640625,-0.0718691274523735,-0.07490186393260956,1.4217724800109863,0.0,0.0,0.0,0,0
1786183699.380071,10.098981225994066,APPROACH,BSPLINE,/home/eunseop/nrs_imitation/checkpoints/bspline/polishing/single_cam/20260808_0153,317.4336242675781,297.84893798828125,203.73863220214844,6.03277949267067e-05,-9.947052603820339e-05,1.5624823570251465,0.21033969521522522,-0.45566171407699585,-0.3731265664100647,354.3709716796875,290.0917663574219,227.258056640625,-0.0718691274523735,-0.07490186393260956,1.4217724800109863,0.0,0.0,0.0,0,0
1786183699.38806,10.106970476001152,APPROACH,BSPLINE,/home/eunseop/nrs_imitation/checkpoints/bspline/polishing/single_cam/20260808_0153,317.4394836425781,297.80316162109375,203.710205078125,-1.4435261618928052e-05,-1.3357474927033763e-05,1.5624704360961914,0.2801455557346344,-0.17265385389328003,0.10179188847541809,354.3709716796875,290.0917663574219,227.258056640625,-0.0718691274523735,-0.07490186393260956,1.4217724800109863,0.0,0.0,0.0,0,0
1786183699.3960795,10.114989865003736,APPROACH,BSPLINE,/home/eunseop/nrs_imitation/checkpoints/bspline/polishing/single_cam/20260808_0153,317.4444580078125,297.8262634277344,203.7261962890625,4.158527372055687e-05,-4.9433307140134275e-05,1.562434434890747,0.13941612839698792,-0.051605310291051865,0.33991262316703796,354.3709716796875,290.0917663574219,227.258056640625,-0.0718691274523735,-0.07490186393260956,1.4217724800109863,0.0,0.0,0.0,0,0
1786183699.404175,10.123085589002585,APPROACH,BSPLINE,/home/eunseop/nrs_imitation/checkpoints/bspline/polishing/single_cam/20260808_0153,317.43206787109375,297.84552001953125,203.72084045410156,4.641086343326606e-05,-6.231405131984502e-05,1.5624943971633911,0.1803823560476303,-0.17824821174144745,0.4522492587566376,354.3709716796875,290.0917663574219,227.258056640625,-0.0718691274523735,-0.07490186393260956,1.4217724800109863,0.0,0.0,0.0,0,0
1786183699.412089,10.13099942599365,APPROACH,BSPLINE,/home/eunseop/nrs_imitation/checkpoints/bspline/polishing/single_cam/20260808_0153,317.4318542480469,297.79833984375,203.68165588378906,-6.688227585982531e-06,3.6668534448836e-06,1.5624704360961914,0.19796770811080933,-0.2929914891719818,-0.2390914410352707,354.3709716796875,290.0917663574219,227.258056640625,-0.0718691274523735,-0.07490186393260956,1.4217724800109863,0.0,0.0,0.0,0,0
1786183699.4201722,10.139082916997722,APPROACH,BSPLINE,/home/eunseop/nrs_imitation/checkpoints/bspline/polishing/single_cam/20260808_0153,317.4441833496094,297.8138732910156,203.716552734375,4.2930685594910756e-05,-9.07325666048564e-05,1.5624104738235474,0.24056005477905273,-0.37108680605888367,-0.44717729091644287,354.3709716796875,290.0917663574219,227.258056640625,-0.0718691274523735,-0.07490186393260956,1.4217724800109863,0.0,0.0,0.0,0,0
1786183699.428079,10.146989079003106,APPROACH,BSPLINE,/home/eunseop/nrs_imitation/checkpoints/bspline/polishing/single_cam/20260808_0153,317.43365478515625,297.82537841796875,203.71914672851562,1.6506084648426622e-05,-5.826135020470247e-05,1.5624823570251465,0.15034064650535583,-0.5198302268981934,-0.43553924560546875,354.3709716796875,290.0917663574219,227.258056640625,-0.0718691274523735,-0.07490186393260956,1.4217724800109863,0.0,0.0,0.0,0,0
1786183699.4361525,10.155062852005358,APPROACH,BSPLINE,/home/eunseop/nrs_imitation/checkpoints/bspline/polishing/single_cam/20260808_0153,317.4490966796875,297.8010559082031,203.72256469726562,1.650387821428012e-05,-5.8261564845452085e-05,1.562434434890747,-0.013361086137592793,-0.16908849775791168,0.1261603832244873,354.3709716796875,290.0917663574219,227.258056640625,-0.0718691274523735,-0.07490186393260956,1.4217724800109863,0.0,0.0,0.0,0,0
1786183699.4440925,10.163002697998309,APPROACH,BSPLINE,/home/eunseop/nrs_imitation/checkpoints/bspline/polishing/single_cam/20260808_0153,317.4354553222656,297.7950744628906,203.70623779296875,3.212261799490079e-05,-2.416627285128925e-05,1.5623984336853027,0.2495124787092209,-0.1860232651233673,0.4055989384651184,354.3709716796875,290.0917663574219,227.258056640625,-0.0718691274523735,-0.07490186393260956,1.4217724800109863,0.0,0.0,0.0,0,0
1786183699.4521186,10.171028879005462,APPROACH,BSPLINE,/home/eunseop/nrs_imitation/checkpoints/bspline/polishing/single_cam/20260808_0153,317.4236145019531,297.8155517578125,203.7147216796875,3.694773113238625e-05,-3.704689152073115e-05,1.5624582767486572,0.2701956629753113,-0.3262200653553009,0.2934531271457672,354.3709716796875,290.0917663574219,227.258056640625,-0.0718691274523735,-0.07490186393260956,1.4217724800109863,0.0,0.0,0.0,0,0
1786183699.460084,10.178994204004994,APPROACH,BSPLINE,/home/eunseop/nrs_imitation/checkpoints/bspline/polishing/single_cam/20260808_0153,317.45068359375,297.81536865234375,203.71914672851562,-2.0776891688001342e-05,-7.222410204121843e-05,1.5625182390213013,0.44827407598495483,-0.25615599751472473,0.2143717110157013,354.3709716796875,290.0917663574219,227.258056640625,-0.0718691274523735,-0.07490186393260956,1.4217724800109863,0.0,0.0,0.0,0,0
1786183699.4681573,10.187067766994005,APPROACH,BSPLINE,/home/eunseop/nrs_imitation/checkpoints/bspline/polishing/single_cam/20260808_0153,317.4353942871094,297.8296203613281,203.71322631835938,3.230838410672732e-05,-2.466216938046273e-05,1.5624823570251465,0.2362724095582962,-0.2984628975391388,-0.10355750471353531,354.3709716796875,290.0917663574219,227.258056640625,-0.0718691274523735,-0.07490186393260956,1.4217724800109863,0.0,0.0,0.0,0,0
1786183699.4762762,10.195186796001508,APPROACH,BSPLINE,/home/eunseop/nrs_imitation/checkpoints/bspline/polishing/single_cam/20260808_0153,317.4319763183594,297.8217468261719,203.71295166015625,7.227572950796457e-06,-3.349050530232489e-05,1.562530279159546,0.0871371477842331,-0.35764622688293457,0.4649100601673126,354.3709716796875,290.0917663574219,227.258056640625,-0.0718691274523735,-0.07490186393260956,1.4217724800109863,0.0,0.0,0.0,0,0
1786183699.4841688,10.20307926100213,APPROACH,BSPLINE,/home/eunseop/nrs_imitation/checkpoints/bspline/polishing/single_cam/20260808_0153,317.4456481933594,297.8046875,203.72830200195312,-1.2842955584346782e-05,-5.5694967159070075e-05,1.5624583959579468,0.2732611894607544,-0.7522516846656799,0.08637046813964844,354.3709716796875,290.0917663574219,227.258056640625,-0.0718691274523735,-0.07490186393260956,1.4217724800109863,0.0,0.0,0.0,0,0
1786183699.492188,10.211098469997523,APPROACH,BSPLINE,/home/eunseop/nrs_imitation/checkpoints/bspline/polishing/single_cam/20260808_0153,317.4405822753906,297.8406677246094,203.73435974121094,3.3839191019069403e-05,-6.645753455813974e-05,1.5624823570251465,0.32609671354293823,-0.08144401013851166,0.061214666813611984,354.3709716796875,290.0917663574219,227.258056640625,-0.0718691274523735,-0.07490186393260956,1.4217724800109863,0.0,0.0,0.0,0,0
1786183699.5002131,10.219123659000616,APPROACH,BSPLINE,/home/eunseop/nrs_imitation/checkpoints/bspline/polishing/single_cam/20260808_0153,317.45440673828125,297.8237609863281,203.74740600585938,5.711900485039223e-06,-0.00010523750097490847,1.5624583959579468,0.5902005434036255,-0.45888394117355347,-0.2964078187942505,354.3709716796875,290.0917663574219,227.258056640625,-0.0718691274523735,-0.07490186393260956,1.4217724800109863,0.0,0.0,0.0,0,0
1786183699.5082042,10.22711482399609,APPROACH,BSPLINE,/home/eunseop/nrs_imitation/checkpoints/bspline/polishing/single_cam/20260808_0153,317.4183349609375,297.78131103515625,203.6803436279297,2.6078158043674193e-05,3.0060838980716653e-05,1.5624464750289917,0.42228761315345764,-0.6189307570457458,-0.48993873596191406,354.3709716796875,290.0917663574219,227.258056640625,-0.0718691274523735,-0.07490186393260956,1.4217724800109863,0.0,0.0,0.0,0,0
1786183699.516235,10.235145464001107,APPROACH,BSPLINE,/home/eunseop/nrs_imitation/checkpoints/bspline/polishing/single_cam/20260808_0153,317.4759826660156,297.8125305175781,203.7510986328125,-6.490117357316194e-06,-0.00011037061631213874,1.5623983144760132,0.13780024647712708,0.0035477748606354,-0.02088700421154499,354.3709716796875,290.0917663574219,227.258056640625,-0.0718691274523735,-0.07490186393260956,1.4217724800109863,0.0,0.0,0.0,0,0
1786183699.5241077,10.243018181994557,APPROACH,BSPLINE,/home/eunseop/nrs_imitation/checkpoints/bspline/polishing/single_cam/20260808_0153,317.4559631347656,297.80426025390625,203.73106384277344,8.941675332607701e-06,-7.578127406304702e-05,1.5624463558197021,0.14860662817955017,-0.3801470696926117,-0.25311386585235596,354.3709716796875,290.0917663574219,227.258056640625,-0.0718691274523735,-0.07490186393260956,1.4217724800109863,0.0,0.0,0.0,0,0
1786183699.5322208,10.251131330005592,APPROACH,BSPLINE,/home/eunseop/nrs_imitation/checkpoints/bspline/polishing/single_cam/20260808_0153,317.4220886230469,297.8359069824219,203.72283935546875,6.648107228102162e-05,-4.011021519545466e-05,1.5625063180923462,0.22303506731987,-0.20425380766391754,-0.3681335151195526,354.3709716796875,290.0917663574219,227.258056640625,-0.0718691274523735,-0.07490186393260956,1.4217724800109863,0.0,0.0,0.0,0,0
1786183699.5402155,10.259126040997216,APPROACH,BSPLINE,/home/eunseop/nrs_imitation/checkpoints/bspline/polishing/single_cam/20260808_0153,317.4338073730469,297.7908020019531,203.69668579101562,-1.4435053344641346e-05,-1.3357604984776117e-05,1.5624463558197021,0.4718717336654663,-0.226571187376976,-0.05878332257270813,354.3709716796875,290.0917663574219,227.258056640625,-0.0718691274523735,-0.07490186393260956,1.4217724800109863,0.0,0.0,0.0,0,0
1786183699.548075,10.266985413007205,APPROACH,BSPLINE,/home/eunseop/nrs_imitation/checkpoints/bspline/polishing/single_cam/20260808_0153,317.4303894042969,297.80712890625,203.70761108398438,3.6761142837349325e-05,-3.6552632082020864e-05,1.5624703168869019,0.24985593557357788,-0.3373120129108429,-0.05168294534087181,354.3709716796875,290.0917663574219,227.258056640625,-0.0718691274523735,-0.07490186393260956,1.4217724800109863,0.0,0.0,0.0,0,0
1786183699.5560722,10.274982668997836,APPROACH,BSPLINE,/home/eunseop/nrs_imitation/checkpoints/bspline/polishing/single_cam/20260808_0153,317.4286804199219,297.79168701171875,203.70347595214844,1.0459916666150093e-05,-4.0338504732062574e-06,1.5624583959579468,0.47038909792900085,-0.3901980221271515,-0.0730300024151802,354.3709716796875,290.0917663574219,227.258056640625,-0.0718691274523735,-0.07490186393260956,1.4217724800109863,0.0,0.0,0.0,0,0
1786183699.5641937,10.283104433998233,APPROACH,BSPLINE,/home/eunseop/nrs_imitation/checkpoints/bspline/polishing/single_cam/20260808_0153,317.435546875,297.8297424316406,203.71090698242188,2.4376391593250446e-05,-4.1190545744029805e-05,1.5624703168869019,0.305025577545166,0.16553723812103271,0.0404147170484066,354.3709716796875,290.0917663574219,227.258056640625,-0.0718691274523735,-0.07490186393260956,1.4217724800109863,0.0,0.0,0.0,0,0
1786183699.5720453,10.290955681004561,APPROACH,BSPLINE,/home/eunseop/nrs_imitation/checkpoints/bspline/polishing/single_cam/20260808_0153,317.4405517578125,297.8292236328125,203.7310028076172,4.622367850970477e-05,-6.181953358463943e-05,1.5624703168869019,0.3940703272819519,-0.3029549717903137,-0.17262572050094604,354.3709716796875,290.0917663574219,227.258056640625,-0.0718691274523735,-0.07490186393260956,1.4217724800109863,0.0,0.0,0.0,0,0
1786183699.5802166,10.2991269799968,APPROACH,BSPLINE,/home/eunseop/nrs_imitation/checkpoints/bspline/polishing/single_cam/20260808_0153,317.4356994628906,297.8416748046875,203.71847534179688,3.829209163086489e-05,-7.834839198039845e-05,1.5625183582305908,0.20599646866321564,-0.17625825107097626,0.8285151124000549,354.3709716796875,290.0917663574219,227.258056640625,-0.0718691274523735,-0.07490186393260956,1.4217724800109863,0.0,0.0,0.0,0,0
1786183699.5881124,10.307022891996894,APPROACH,BSPLINE,/home/eunseop/nrs_imitation/checkpoints/bspline/polishing/single_cam/20260808_0153,317.4213562011719,297.83428955078125,203.72052001953125,7.093412568792701e-05,-5.200055238674395e-05,1.5625063180923462,0.1772940307855606,-0.143777996301651,-0.11427579820156097,354.3709716796875,290.0917663574219,227.258056640625,-0.0718691274523735,-0.07490186393260956,1.4217724800109863,0.0,0.0,0.0,0,0
1786183699.5962029,10.31511324600433,APPROACH,BSPLINE,/home/eunseop/nrs_imitation/checkpoints/bspline/polishing/single_cam/20260808_0153,317.4334716796875,297.8137512207031,203.7273712158203,3.365387601661496e-05,-6.596157618332654e-05,1.5624463558197021,0.18724596500396729,-0.3797817826271057,-0.36666297912597656,354.3709716796875,290.0917663574219,227.258056640625,-0.0718691274523735,-0.07490186393260956,1.4217724800109863,0.0,0.0,0.0,0,0
1786183699.6041539,10.323064413998509,APPROACH,BSPLINE,/home/eunseop/nrs_imitation/checkpoints/bspline/polishing/single_cam/20260808_0153,317.43316650390625,297.78961181640625,203.71539306640625,2.774603672150988e-06,-2.159986615879461e-05,1.5624463558197021,0.4093095064163208,-0.09401483833789825,0.1411479115486145,354.3709716796875,290.0917663574219,227.258056640625,-0.0718691274523735,-0.07490186393260956,1.4217724800109863,0.0,0.0,0.0,0,0
1786183699.612219,10.331129680998856,APPROACH,BSPLINE,/home/eunseop/nrs_imitation/checkpoints/bspline/polishing/single_cam/20260808_0153,317.4503479003906,297.80364990234375,203.71775817871094,-5.202255124459043e-07,-5.051442713011056e-05,1.5624583959579468,0.3362618684768677,-0.5644159317016602,0.1084582656621933,354.3709716796875,290.0917663574219,227.258056640625,-0.0718691274523735,-0.07490186393260956,1.4217724800109863,0.0,0.0,0.0,0,0
1786183699.6201787,10.339089225002681,APPROACH,BSPLINE,/home/eunseop/nrs_imitation/checkpoints/bspline/polishing/single_cam/20260808_0153,317.4297790527344,297.8174133300781,203.7296905517578,4.158623414696194e-05,-4.943263775203377e-05,1.5624463558197021,-0.010316172614693642,-0.38744112849235535,-0.1417156308889389,354.3709716796875,290.0917663574219,227.258056640625,-0.0718691274523735,-0.07490186393260956,1.4217724800109863,0.0,0.0,0.0,0,0
1786183699.6280806,10.346990998004912,APPROACH,BSPLINE,/home/eunseop/nrs_imitation/checkpoints/bspline/polishing/single_cam/20260808_0153,317.42120361328125,297.7875671386719,203.70208740234375,3.071617175010033e-05,1.767560934240464e-05,1.5624104738235474,0.4127565920352936,-0.2357710897922516,0.0534244105219841,354.3709716796875,290.0917663574219,227.258056640625,-0.0718691274523735,-0.07490186393260956,1.4217724800109863,0.0,0.0,0.0,0,0
1786183699.6360402,10.3549505819974,APPROACH,BSPLINE,/home/eunseop/nrs_imitation/checkpoints/bspline/polishing/single_cam/20260808_0153,317.42437744140625,297.79449462890625,203.68905639648438,2.1439675037981942e-05,4.2446536099305376e-05,1.5624464750289917,0.09983298927545547,-0.13198158144950867,-0.212324857711792,354.3709716796875,290.0917663574219,227.258056640625,-0.0718691274523735,-0.07490186393260956,1.4217724800109863,0.0,0.0,0.0,0,0
1786183699.644052,10.362962455998058,APPROACH,BSPLINE,/home/eunseop/nrs_imitation/checkpoints/bspline/polishing/single_cam/20260808_0153,317.428466796875,297.82611083984375,203.70787048339844,3.694757106131874e-05,-3.7047175283078104e-05,1.5624703168869019,0.1184992790222168,-0.09876856952905655,0.27391427755355835,354.3709716796875,290.0917663574219,227.258056640625,-0.0718691274523735,-0.07490186393260956,1.4217724800109863,0.0,0.0,0.0,0,0
1786183699.652083,10.370993417003774,APPROACH,BSPLINE,/home/eunseop/nrs_imitation/checkpoints/bspline/polishing/single_cam/20260808_0153,317.44097900390625,297.80694580078125,203.7344970703125,3.3838176022982225e-05,-6.645750545430928e-05,1.562434434890747,0.39213094115257263,-0.19939637184143066,-0.06595052033662796,354.3709716796875,290.0917663574219,227.258056640625,-0.0718691274523735,-0.07490186393260956,1.4217724800109863,0.0,0.0,0.0,0,0
1786183699.660073,10.378983299000538,APPROACH,BSPLINE,/home/eunseop/nrs_imitation/checkpoints/bspline/polishing/single_cam/20260808_0153,317.4516906738281,297.79498291015625,203.697998046875,-9.796687663765624e-06,-2.5742887373780832e-05,1.5624103546142578,0.28626081347465515,-0.3506006598472595,-0.2801699936389923,354.3709716796875,290.0917663574219,227.258056640625,-0.0718691274523735,-0.07490186393260956,1.4217724800109863,0.0,0.0,0.0,0,0
1786183699.668091,10.3870015959983,APPROACH,BSPLINE,/home/eunseop/nrs_imitation/checkpoints/bspline/polishing/single_cam/20260808_0153,317.435791015625,297.8188781738281,203.72625732421875,4.158563751843758e-05,-4.943313615513034e-05,1.5624463558197021,0.2420409917831421,-0.4146348237991333,0.6413087844848633,354.3709716796875,290.0917663574219,227.258056640625,-0.0718691274523735,-0.07490186393260956,1.4217724800109863,0.0,0.0,0.0,0,0
1786183699.6762142,10.39512473299692,APPROACH,BSPLINE,/home/eunseop/nrs_imitation/checkpoints/bspline/polishing/single_cam/20260808_0153,317.4400634765625,297.8276672363281,203.71090698242188,1.1866653949255124e-05,-4.587587682181038e-05,1.5624823570251465,0.11412334442138672,-0.1856236606836319,-0.18276315927505493,354.3709716796875,290.0917663574219,227.258056640625,-0.0718691274523735,-0.07490186393260956,1.4217724800109863,0.0,0.0,0.0,0,0
1786183699.6851916,10.404102105007041,APPROACH,BSPLINE,/home/eunseop/nrs_imitation/checkpoints/bspline/polishing/single_cam/20260808_0153,317.4351806640625,297.81744384765625,203.69688415527344,1.0645483598636929e-05,-4.529363650362939e-06,1.5624943971633911,-0.007454772479832172,-0.044789884239435196,-0.060913387686014175,354.3709716796875,290.0917663574219,227.258056640625,-0.0718691274523735,-0.07490186393260956,1.4217724800109863,0.0,0.0,0.0,0,0
1786183699.6920435,10.41095386800589,APPROACH,BSPLINE,/home/eunseop/nrs_imitation/checkpoints/bspline/polishing/single_cam/20260808_0153,317.4533386230469,297.8218994140625,203.73779296875,2.132867302861996e-05,-7.11424436303787e-05,1.562434434890747,0.04089009389281273,-0.645656943321228,0.2515629529953003,354.3709716796875,290.0917663574219,227.258056640625,-0.0718691274523735,-0.07490186393260956,1.4217724800109863,0.0,0.0,0.0,0,0
1786183699.700137,10.419047318995581,APPROACH,BSPLINE,/home/eunseop/nrs_imitation/checkpoints/bspline/polishing/single_cam/20260808_0153,317.4350280761719,297.8172607421875,203.7239532470703,4.603930938174017e-05,-6.132260023150593e-05,1.5624223947525024,0.3468051850795746,-0.5643522143363953,0.02275696024298668,354.3709716796875,290.0917663574219,227.258056640625,-0.0718691274523735,-0.07490186393260956,1.4217724800109863,0.0,0.0,0.0,0,0
1786183699.7096343,10.428544755995972,APPROACH,BSPLINE,/home/eunseop/nrs_imitation/checkpoints/bspline/polishing/single_cam/20260808_0153,317.432373046875,297.81134033203125,203.70510864257812,1.528415123175364e-05,-1.6914902516873553e-05,1.5624704360961914,0.2076752781867981,0.1442406326532364,0.6038151979446411,354.3709716796875,290.0917663574219,227.258056640625,-0.0718691274523735,-0.07490186393260956,1.4217724800109863,0.0,0.0,0.0,0,0
1786183699.716109,10.435019327996997,APPROACH,BSPLINE,/home/eunseop/nrs_imitation/checkpoints/bspline/polishing/single_cam/20260808_0153,317.4359130859375,297.8190002441406,203.73587036132812,3.84777995350305e-05,-7.884294609539211e-05,1.5624583959579468,0.28951945900917053,-0.4298192262649536,-0.19444014132022858,354.3709716796875,290.0917663574219,227.258056640625,-0.0718691274523735,-0.07490186393260956,1.4217724800109863,0.0,0.0,0.0,0,0
1786183699.7240443,10.442954515005113,APPROACH,BSPLINE,/home/eunseop/nrs_imitation/checkpoints/bspline/polishing/single_cam/20260808_0153,317.4372253417969,297.80975341796875,203.72119140625,-5.193217589294363e-07,-5.051468178862706e-05,1.5624942779541016,0.2666296660900116,-0.14215944707393646,0.024062860757112503,354.3709716796875,290.0917663574219,227.258056640625,-0.0718691274523735,-0.07490186393260956,1.4217724800109863,0.0,0.0,0.0,0,0
1786183699.7320697,10.450980096007697,APPROACH,BSPLINE,/home/eunseop/nrs_imitation/checkpoints/bspline/polishing/single_cam/20260808_0153,317.4269714355469,297.84637451171875,203.7371826171875,6.801322160754353e-05,-8.190367225324735e-05,1.5624703168869019,0.05301263928413391,-0.0756988599896431,-0.44793039560317993,354.3709716796875,290.0917663574219,227.258056640625,-0.0718691274523735,-0.07490186393260956,1.4217724800109863,0.0,0.0,0.0,0,0
1786183699.7402182,10.459128692004015,APPROACH,BSPLINE,/home/eunseop/nrs_imitation/checkpoints/bspline/polishing/single_cam/20260808_0153,317.44677734375,297.7953796386719,203.70401000976562,-4.860770786763169e-05,2.089910594804678e-06,1.5624583959579468,0.35285526514053345,-0.35162627696990967,-0.23721906542778015,354.3709716796875,290.0917663574219,227.258056640625,-0.0718691274523735,-0.07490186393260956,1.4217724800109863,0.0,0.0,0.0,0,0
1786183699.7480345,10.466944940999383,APPROACH,BSPLINE,/home/eunseop/nrs_imitation/checkpoints/bspline/polishing/single_cam/20260808_0153,317.45867919921875,297.8101501464844,203.73443603515625,8.941675332607701e-06,-7.578127406304702e-05,1.5624463558197021,0.45788928866386414,-0.04094596952199936,-0.08147316426038742,354.3709716796875,290.0917663574219,227.258056640625,-0.0718691274523735,-0.07490186393260956,1.4217724800109863,0.0,0.0,0.0,0,0
1786183699.756059,10.474969158996828,APPROACH,BSPLINE,/home/eunseop/nrs_imitation/checkpoints/bspline/polishing/single_cam/20260808_0153,317.42193603515625,297.8119201660156,203.6966094970703,2.284567199239973e-05,6.049900775906281e-07,1.5624823570251465,-0.044161032885313034,-0.3029972016811371,0.33202603459358215,354.3709716796875,290.0917663574219,227.258056640625,-0.0718691274523735,-0.07490186393260956,1.4217724800109863,0.0,0.0,0.0,0,0
1786183699.7641134,10.483023955996032,APPROACH,BSPLINE,/home/eunseop/nrs_imitation/checkpoints/bspline/polishing/single_cam/20260808_0153,317.44830322265625,297.7991943359375,203.7163848876953,-5.158643034519628e-06,-3.812868089880794e-05,1.5624583959579468,0.11991710215806961,-0.46444404125213623,-0.44504469633102417,354.3709716796875,290.0917663574219,227.258056640625,-0.0718691274523735,-0.07490186393260956,1.4217724800109863,0.0,0.0,0.0,0,0
1786183699.7721472,10.491057541003102,APPROACH,BSPLINE,/home/eunseop/nrs_imitation/checkpoints/bspline/polishing/single_cam/20260808_0153,317.4510498046875,297.8046875,203.70225524902344,-2.058940299320966e-05,-7.271931826835498e-05,1.5624463558197021,0.08071478456258774,-0.1721041202545166,0.18420618772506714,354.3709716796875,290.0917663574219,227.258056640625,-0.0718691274523735,-0.07490186393260956,1.4217724800109863,0.0,0.0,0.0,0,0
1786183699.780155,10.499065358002554,APPROACH,BSPLINE,/home/eunseop/nrs_imitation/checkpoints/bspline/polishing/single_cam/20260808_0153,317.4252624511719,297.8189697265625,203.6931915283203,1.0460018529556692e-05,-4.033889581478434e-06,1.562530279159546,0.3379157483577728,0.12095609307289124,0.2387779951095581,354.3709716796875,290.0917663574219,227.258056640625,-0.0718691274523735,-0.07490186393260956,1.4217724800109863,0.0,0.0,0.0,0,0
1786183699.7881138,10.507024329999695,APPROACH,BSPLINE,/home/eunseop/nrs_imitation/checkpoints/bspline/polishing/single_cam/20260808_0153,317.4447021484375,297.8377685546875,203.73916625976562,2.5967015972128138e-05,-8.352919394383207e-05,1.5625182390213013,0.14699134230613708,-0.22744722664356232,-0.046832311898469925,354.3709716796875,290.0917663574219,227.258056640625,-0.0718691274523735,-0.07490186393260956,1.4217724800109863,0.0,0.0,0.0,0,0
1786183699.7960207,10.514931133002392,APPROACH,BSPLINE,/home/eunseop/nrs_imitation/checkpoints/bspline/polishing/single_cam/20260808_0153,317.42449951171875,297.8293762207031,203.72145080566406,4.94572777824942e-05,-3.236129487049766e-05,1.5624463558197021,0.04619324952363968,-0.01612131856381893,0.2620679438114166,354.3709716796875,290.0917663574219,227.258056640625,-0.0718691274523735,-0.07490186393260956,1.4217724800109863,0.0,0.0,0.0,0,0
1786183699.8040779,10.522988223994616,APPROACH,BSPLINE,/home/eunseop/nrs_imitation/checkpoints/bspline/polishing/single_cam/20260808_0153,317.42974853515625,297.8056335449219,203.7317352294922,2.456144466123078e-05,-4.1686264012241736e-05,1.5624704360961914,0.26539346575737,0.17913995683193207,0.3854755461215973,354.3709716796875,290.0917663574219,227.258056640625,-0.0718691274523735,-0.07490186393260956,1.4217724800109863,0.0,0.0,0.0,0,0
1786183699.8122277,10.531138292994001,APPROACH,BSPLINE,/home/eunseop/nrs_imitation/checkpoints/bspline/polishing/single_cam/20260808_0153,317.4361267089844,297.8076477050781,203.7028045654297,7.227713922475232e-06,-3.3490188798168674e-05,1.5624704360961914,0.19311873614788055,-0.15925683081150055,-0.015044420026242733,354.3709716796875,290.0917663574219,227.258056640625,-0.0718691274523735,-0.07490186393260956,1.4217724800109863,0.0,0.0,0.0,0,0
1786183699.8200426,10.538952909002546,APPROACH,BSPLINE,/home/eunseop/nrs_imitation/checkpoints/bspline/polishing/single_cam/20260808_0153,317.4432678222656,297.82391357421875,203.7194061279297,5.409442383097485e-05,-4.4748619984602556e-05,1.5624223947525024,0.10302028805017471,-0.8574822545051575,-0.7414988279342651,354.3709716796875,290.0917663574219,227.258056640625,-0.0718691274523735,-0.07490186393260956,1.4217724800109863,0.0,0.0,0.0,0,0
1786183699.8280869,10.546997255994938,APPROACH,BSPLINE,/home/eunseop/nrs_imitation/checkpoints/bspline/polishing/single_cam/20260808_0153,317.4242858886719,297.8057861328125,203.6898193359375,3.535523865139112e-05,5.289462933433242e-06,1.5624703168869019,0.08354726433753967,0.14478830993175507,0.028526892885565758,354.3709716796875,290.0917663574219,227.258056640625,-0.0718691274523735,-0.07490186393260956,1.4217724800109863,0.0,0.0,0.0,0,0
1786183699.8360844,10.5549948830012,APPROACH,BSPLINE,/home/eunseop/nrs_imitation/checkpoints/bspline/polishing/single_cam/20260808_0153,317.4584045410156,297.8092956542969,203.70693969726562,-3.752022166736424e-06,-7.997050124686211e-05,1.562434434890747,0.31697914004325867,-0.10937562584877014,-0.3157970607280731,354.3709716796875,290.0917663574219,227.258056640625,-0.0718691274523735,-0.07490186393260956,1.4217724800109863,0.0,0.0,0.0,0,0
1786183699.8440819,10.56299229900469,APPROACH,BSPLINE,/home/eunseop/nrs_imitation/checkpoints/bspline/polishing/single_cam/20260808_0153,317.43231201171875,297.81085205078125,203.69601440429688,7.227737569337478e-06,-3.349029793753289e-05,1.5624942779541016,0.29994553327560425,-0.20326688885688782,-0.07649031281471252,354.3709716796875,290.0917663574219,227.258056640625,-0.0718691274523735,-0.07490186393260956,1.4217724800109863,0.0,0.0,0.0,0,0
1786183699.8520544,10.57096452699625,APPROACH,BSPLINE,/home/eunseop/nrs_imitation/checkpoints/bspline/polishing/single_cam/20260808_0153,317.4273681640625,297.80096435546875,203.70623779296875,4.463218283490278e-05,-1.9481345589156263e-05,1.5624223947525024,0.08123055845499039,-0.07193171977996826,0.1337481141090393,354.3709716796875,290.0917663574219,227.258056640625,-0.0718691274523735,-0.07490186393260956,1.4217724800109863,0.0,0.0,0.0,0,0
1786183699.8600233,10.578933529002825,APPROACH,BSPLINE,/home/eunseop/nrs_imitation/checkpoints/bspline/polishing/single_cam/20260808_0153,317.4508972167969,297.8169860839844,203.73580932617188,5.086131568532437e-05,-7.420497422572225e-05,1.5624103546142578,0.1256999373435974,-0.34149327874183655,-0.0456039123237133,354.3709716796875,290.0917663574219,227.258056640625,-0.0718691274523735,-0.07490186393260956,1.4217724800109863,0.0,0.0,0.0,0,0
1786183699.8680813,10.586991771997418,APPROACH,BSPLINE,/home/eunseop/nrs_imitation/checkpoints/bspline/polishing/single_cam/20260808_0153,317.4324035644531,297.7998046875,203.71104431152344,2.4376233341172338e-05,-4.119027653359808e-05,1.5624223947525024,0.008146880194544792,-0.08941645920276642,0.6898462176322937,354.3709716796875,290.0917663574219,227.258056640625,-0.0718691274523735,-0.07490186393260956,1.4217724800109863,0.0,0.0,0.0,0,0
1786183699.8760135,10.594923974000267,APPROACH,BSPLINE,/home/eunseop/nrs_imitation/checkpoints/bspline/polishing/single_cam/20260808_0153,317.4438171386719,297.8248596191406,203.72421264648438,4.622441701940261e-05,-6.181820208439603e-05,1.5624104738235474,0.47618329524993896,-0.6438992619514465,-0.6675235629081726,354.3709716796875,290.0917663574219,227.258056640625,-0.0718691274523735,-0.07490186393260956,1.4217724800109863,0.0,0.0,0.0,0,0
1786183699.8840857,10.602996323999832,APPROACH,BSPLINE,/home/eunseop/nrs_imitation/checkpoints/bspline/polishing/single_cam/20260808_0153,317.47357177734375,297.8072509765625,203.7425994873047,-1.1313509276078548e-05,-9.748948650667444e-05,1.562386393547058,0.007741970010101795,-0.05855981633067131,-0.10806521028280258,354.3709716796875,290.0917663574219,227.258056640625,-0.0718691274523735,-0.07490186393260956,1.4217724800109863,0.0,0.0,0.0,0,0
1786183699.8921752,10.611085645999992,APPROACH,BSPLINE,/home/eunseop/nrs_imitation/checkpoints/bspline/polishing/single_cam/20260808_0153,317.4275207519531,297.82440185546875,203.70787048339844,4.945689215674065e-05,-3.236188422306441e-05,1.5624463558197021,0.42623889446258545,-0.3744044005870819,0.11093442887067795,354.3709716796875,290.0917663574219,227.258056640625,-0.0718691274523735,-0.07490186393260956,1.4217724800109863,0.0,0.0,0.0,0,0
1786183699.9001093,10.619019891993958,APPROACH,BSPLINE,/home/eunseop/nrs_imitation/checkpoints/bspline/polishing/single_cam/20260808_0153,317.4427795410156,297.82257080078125,203.7267608642578,5.550049536395818e-05,-8.659072773298249e-05,1.5624464750289917,0.17087510228157043,0.044148124754428864,0.2724171280860901,354.3709716796875,290.0917663574219,227.258056640625,-0.0718691274523735,-0.07490186393260956,1.4217724800109863,0.0,0.0,0.0,0,0
1786183699.9080322,10.62694254500093,APPROACH,BSPLINE,/home/eunseop/nrs_imitation/checkpoints/bspline/polishing/single_cam/20260808_0153,317.45257568359375,297.8199768066406,203.73863220214844,2.285746631969232e-05,-0.00011293894931441173,1.5624823570251465,0.5032921433448792,-0.02637293003499508,0.051398929208517075,354.3709716796875,290.0917663574219,227.258056640625,-0.0718691274523735,-0.07490186393260956,1.4217724800109863,0.0,0.0,0.0,0,0
1786183699.916047,10.634957464993931,APPROACH,BSPLINE,/home/eunseop/nrs_imitation/checkpoints/bspline/polishing/single_cam/20260808_0153,317.4275207519531,297.82403564453125,203.7406768798828,5.550232162931934e-05,-8.659015293233097e-05,1.5624823570251465,0.08379880338907242,-0.30653849244117737,-0.6215946078300476,354.3709716796875,290.0917663574219,227.258056640625,-0.0718691274523735,-0.07490186393260956,1.4217724800109863,0.0,0.0,0.0,0,0
1786183699.9240272,10.642937368000275,APPROACH,BSPLINE,/home/eunseop/nrs_imitation/checkpoints/bspline/polishing/single_cam/20260808_0153,317.4368896484375,297.8095397949219,203.72091674804688,3.383897274034098e-05,-6.645709800068289e-05,1.5624343156814575,0.03133658692240715,-0.12378422170877457,0.040403757244348526,354.3709716796875,290.0917663574219,227.258056640625,-0.0718691274523735,-0.07490186393260956,1.4217724800109863,0.0,0.0,0.0,0,0
1786183699.9320846,10.650994789000833,APPROACH,BSPLINE,/home/eunseop/nrs_imitation/checkpoints/bspline/polishing/single_cam/20260808_0153,317.40618896484375,297.82476806640625,203.70761108398438,7.41668336559087e-05,-2.2543139493791386e-05,1.5625063180923462,-0.12571793794631958,-0.2873333990573883,0.16721870005130768,354.3709716796875,290.0917663574219,227.258056640625,-0.0718691274523735,-0.07490186393260956,1.4217724800109863,0.0,0.0,0.0,0,0
1786183699.9400887,10.658999149003648,APPROACH,BSPLINE,/home/eunseop/nrs_imitation/checkpoints/bspline/polishing/single_cam/20260808_0153,317.4393310546875,297.8033142089844,203.7163848876953,1.9736702597583644e-05,-2.880546344385948e-05,1.5624583959579468,0.2198210209608078,-0.15165118873119354,-0.04356177896261215,354.3709716796875,290.0917663574219,227.258056640625,-0.0718691274523735,-0.07490186393260956,1.4217724800109863,0.0,0.0,0.0,0,0
1786183699.9481173,10.667027704999782,APPROACH,BSPLINE,/home/eunseop/nrs_imitation/checkpoints/bspline/polishing/single_cam/20260808_0153,317.43389892578125,297.8147888183594,203.74327087402344,4.1585866711102426e-05,-4.9432805099058896e-05,1.5624343156814575,0.06689946353435516,-0.5184940099716187,-0.1641148030757904,354.3709716796875,290.0917663574219,227.258056640625,-0.0718691274523735,-0.07490186393260956,1.4217724800109863,0.0,0.0,0.0,0,0
1786183699.957031,10.675941224995768,APPROACH,BSPLINE,/home/eunseop/nrs_imitation/checkpoints/bspline/polishing/single_cam/20260808_0153,317.4504089355469,297.8274230957031,203.72564697265625,3.866185579681769e-05,-7.933894084999338e-05,1.5624464750289917,0.5540705323219299,-0.5434991717338562,-0.025997614488005638,354.3709716796875,290.0917663574219,227.258056640625,-0.0718691274523735,-0.07490186393260956,1.4217724800109863,0.0,0.0,0.0,0,0
1786183699.9641192,10.683029831998283,APPROACH,BSPLINE,/home/eunseop/nrs_imitation/checkpoints/bspline/polishing/single_cam/20260808_0153,317.4520263671875,297.8426513671875,203.7413787841797,6.960022437851876e-05,-0.00012424448505043983,1.5624704360961914,0.17775623500347137,-0.4910779595375061,-0.3080485463142395,354.3709716796875,290.0917663574219,227.258056640625,-0.0718691274523735,-0.07490186393260956,1.4217724800109863,0.0,0.0,0.0,0,0
1786183699.9721084,10.691018883007928,APPROACH,BSPLINE,/home/eunseop/nrs_imitation/checkpoints/bspline/polishing/single_cam/20260808_0153,317.4301452636719,297.8185119628906,203.728759765625,6.318685336736962e-05,-6.902397581143305e-05,1.5624463558197021,0.4741787612438202,-0.32588133215904236,-0.04774780198931694,354.3709716796875,290.0917663574219,227.258056640625,-0.0718691274523735,-0.07490186393260956,1.4217724800109863,0.0,0.0,0.0,0,0
1786183699.9801571,10.699067716996069,APPROACH,BSPLINE,/home/eunseop/nrs_imitation/checkpoints/bspline/polishing/single_cam/20260808_0153,317.43316650390625,297.8014221191406,203.71334838867188,1.9922015781048685e-05,-2.9301323593244888e-05,1.5625063180923462,0.11469433456659317,-0.18016143143177032,0.45811083912849426,354.3709716796875,290.0917663574219,227.258056640625,-0.0718691274523735,-0.07490186393260956,1.4217724800109863,0.0,0.0,0.0,0,0
1786183699.9882,10.707110610994278,APPROACH,BSPLINE,/home/eunseop/nrs_imitation/checkpoints/bspline/polishing/single_cam/20260808_0153,317.4396667480469,297.7806091308594,203.7014923095703,2.5889198695949744e-06,-2.1104351617395878e-05,1.5624103546142578,0.15741555392742157,-0.1773151159286499,-0.23761682212352753,354.3709716796875,290.0917663574219,227.258056640625,-0.0718691274523735,-0.07490186393260956,1.4217724800109863,0.0,0.0,0.0,0,0
1786183699.9961174,10.715027783997357,APPROACH,BSPLINE,/home/eunseop/nrs_imitation/checkpoints/bspline/polishing/single_cam/20260808_0153,317.43994140625,297.8159484863281,203.71041870117188,2.1329200535546988e-05,-7.114266190910712e-05,1.5624704360961914,0.21988804638385773,-0.32641535997390747,0.16327202320098877,354.3709716796875,290.0917663574219,227.258056640625,-0.0718691274523735,-0.07490186393260956,1.4217724800109863,0.0,0.0,0.0,0,0
1786183700.0045364,10.723446717005572,APPROACH,BSPLINE,/home/eunseop/nrs_imitation/checkpoints/bspline/polishing/single_cam/20260808_0153,317.4052734375,297.8109130859375,203.70578002929688,4.328723298385739e-05,2.1819827452418394e-05,1.5624703168869019,0.4424338638782501,-0.8238587379455566,-0.6991848945617676,354.3709716796875,290.0917663574219,227.258056640625,-0.0718691274523735,-0.07490186393260956,1.4217724800109863,0.0,0.0,0.0,0,0
1786183700.0121152,10.731025613000384,APPROACH,BSPLINE,/home/eunseop/nrs_imitation/checkpoints/bspline/polishing/single_cam/20260808_0153,317.4393005371094,297.8269348144531,203.72421264648438,5.8733578043757007e-05,-5.713356949854642e-05,1.5624223947525024,0.3007962107658386,-0.32040834426879883,0.15082716941833496,354.3709716796875,290.0917663574219,227.258056640625,-0.0718691274523735,-0.07490186393260956,1.4217724800109863,0.0,0.0,0.0,0,0
1786183700.0200856,10.738995906998753,APPROACH,BSPLINE,/home/eunseop/nrs_imitation/checkpoints/bspline/polishing/single_cam/20260808_0153,317.442138671875,297.79730224609375,203.70143127441406,-9.796411177376285e-06,-2.5743089281604625e-05,1.5624343156814575,0.22617818415164948,-0.25783711671829224,0.1123536005616188,354.3709716796875,290.0917663574219,227.258056640625,-0.0718691274523735,-0.07490186393260956,1.4217724800109863,0.0,0.0,0.0,0,0
1786183700.0281048,10.74701510500745,APPROACH,BSPLINE,/home/eunseop/nrs_imitation/checkpoints/bspline/polishing/single_cam/20260808_0153,317.4355773925781,297.80645751953125,203.69412231445312,-1.1141554750793148e-05,1.555683047627099e-05,1.562434434890747,0.06340968608856201,-0.2041468620300293,0.5956104397773743,354.3709716796875,290.0917663574219,227.258056640625,-0.0718691274523735,-0.07490186393260956,1.4217724800109863,0.0,0.0,0.0,0,0
1786183700.0360374,10.754947837995132,APPROACH,BSPLINE,/home/eunseop/nrs_imitation/checkpoints/bspline/polishing/single_cam/20260808_0153,317.4255065917969,297.8081359863281,203.6966094970703,2.2845557396067306e-05,6.051260470485431e-07,1.5624463558197021,0.1587742120027542,-0.16117802262306213,-0.10708823800086975,354.3709716796875,290.0917663574219,227.258056640625,-0.0718691274523735,-0.07490186393260956,1.4217724800109863,0.0,0.0,0.0,0,0
1786183700.0440934,10.763003846994252,APPROACH,BSPLINE,/home/eunseop/nrs_imitation/checkpoints/bspline/polishing/single_cam/20260808_0153,317.4404296875,297.81695556640625,203.7239532470703,2.1144045604160056e-05,-7.064699457259849e-05,1.5624583959579468,0.24233482778072357,-0.39136001467704773,0.28082069754600525,354.3709716796875,290.0917663574219,227.258056640625,-0.0718691274523735,-0.07490186393260956,1.4217724800109863,0.0,0.0,0.0,0,0
1786183700.0520432,10.770953722007107,APPROACH,BSPLINE,/home/eunseop/nrs_imitation/checkpoints/bspline/polishing/single_cam/20260808_0153,317.4347839355469,297.8044738769531,203.72462463378906,-5.187148417462595e-07,-5.051452535553835e-05,1.5624703168869019,0.16384637355804443,0.1233726292848587,0.20234914124011993,354.3709716796875,290.0917663574219,227.258056640625,-0.0718691274523735,-0.07490186393260956,1.4217724800109863,0.0,0.0,0.0,0,0
1786183700.0601404,10.779050808996544,APPROACH,BSPLINE,/home/eunseop/nrs_imitation/checkpoints/bspline/polishing/single_cam/20260808_0153,317.4275207519531,297.80078125,203.71197509765625,1.5283998436643742e-05,-1.6915140804485418e-05,1.5624943971633911,0.009259369224309921,-0.06528215855360031,0.17281118035316467,354.3709716796875,290.0917663574219,227.258056640625,-0.0718691274523735,-0.07490186393260956,1.4217724800109863,0.0,0.0,0.0,0,0
1786183700.0680244,10.786934639007086,APPROACH,BSPLINE,/home/eunseop/nrs_imitation/checkpoints/bspline/polishing/single_cam/20260808_0153,317.442138671875,297.7978515625,203.7259979248047,2.9012891900492832e-05,-5.357729969546199e-05,1.5624583959579468,0.036058735102415085,-0.32771721482276917,0.02497912012040615,354.3709716796875,290.0917663574219,227.258056640625,-0.0718691274523735,-0.07490186393260956,1.4217724800109863,0.0,0.0,0.0,0,0
1786183700.0769136,10.795824072003597,APPROACH,BSPLINE,/home/eunseop/nrs_imitation/checkpoints/bspline/polishing/single_cam/20260808_0153,317.4595642089844,297.8004455566406,203.73106384277344,8.942524800659157e-06,-7.578067015856504e-05,1.5623983144760132,0.23109644651412964,-0.5102683901786804,-0.5008266568183899,354.3709716796875,290.0917663574219,227.258056640625,-0.0718691274523735,-0.07490186393260956,1.4217724800109863,0.0,0.0,0.0,0,0
1786183700.0841208,10.80303121599718,APPROACH,BSPLINE,/home/eunseop/nrs_imitation/checkpoints/bspline/polishing/single_cam/20260808_0153,317.4271545410156,297.811767578125,203.7147216796875,3.694776751217432e-05,-3.7046498619019985e-05,1.5624228715896606,0.26094093918800354,0.01028576958924532,-0.16081832349300385,354.3709716796875,290.0917663574219,227.258056640625,-0.0718691274523735,-0.07490186393260956,1.4217724800109863,0.0,0.0,0.0,0,0
1786183700.0921068,10.811017200001515,APPROACH,BSPLINE,/home/eunseop/nrs_imitation/checkpoints/bspline/polishing/single_cam/20260808_0153,317.45111083984375,297.8284606933594,203.7400665283203,2.7684367523761466e-05,-0.0001258190895896405,1.5624583959579468,0.30572018027305603,-0.2441830039024353,-0.3460145592689514,354.3709716796875,290.0917663574219,227.258056640625,-0.0718691274523735,-0.07490186393260956,1.4217724800109863,0.0,0.0,0.0,0,0
1786183700.100084,10.81899435800733,APPROACH,BSPLINE,/home/eunseop/nrs_imitation/checkpoints/bspline/polishing/single_cam/20260808_0153,317.44683837890625,297.81915283203125,203.7189178466797,1.376822456222726e-05,-8.86621855897829e-05,1.5624583959579468,0.10239110887050629,-0.21689695119857788,-0.015596466138958931,354.3709716796875,290.0917663574219,227.258056640625,-0.0718691274523735,-0.07490186393260956,1.4217724800109863,0.0,0.0,0.0,0,0
1786183700.108151,10.827061488002073,APPROACH,BSPLINE,/home/eunseop/nrs_imitation/checkpoints/bspline/polishing/single_cam/20260808_0153,317.44464111328125,297.8145446777344,203.73785400390625,2.1329131413949654e-05,-7.114242907846346e-05,1.5624463558197021,0.28090259432792664,-0.1541377454996109,-0.14282318949699402,354.3709716796875,290.0917663574219,227.258056640625,-0.0718691274523735,-0.07490186393260956,1.4217724800109863,0.0,0.0,0.0,0,0
1786183700.1161473,10.835057813004823,APPROACH,BSPLINE,/home/eunseop/nrs_imitation/checkpoints/bspline/polishing/single_cam/20260808_0153,317.4390869140625,297.8023376464844,203.7150115966797,-9.796955055207945e-06,-2.574312202341389e-05,1.5624943971633911,0.2982332706451416,-0.3900865912437439,-0.3603750467300415,354.3709716796875,290.0917663574219,227.258056640625,-0.0718691274523735,-0.07490186393260956,1.4217724800109863,0.0,0.0,0.0,0,0
1786183700.1240568,10.842967131000478,APPROACH,BSPLINE,/home/eunseop/nrs_imitation/checkpoints/bspline/polishing/single_cam/20260808_0153,317.436279296875,297.8198547363281,203.71914672851562,2.901454718085006e-05,-5.3576517530018464e-05,1.5624704360961914,0.08763038367033005,0.055461861193180084,0.19097723066806793,354.3709716796875,290.0917663574219,227.258056640625,-0.0718691274523735,-0.07490186393260956,1.4217724800109863,0.0,0.0,0.0,0,0
1786183700.1321063,10.851016707005328,APPROACH,BSPLINE,/home/eunseop/nrs_imitation/checkpoints/bspline/polishing/single_cam/20260808_0153,317.452392578125,297.8087463378906,203.73443603515625,4.6221895900089294e-05,-6.1820239352528e-05,1.5624223947525024,0.0636470839381218,-0.2237895280122757,-0.022926170378923416,354.3709716796875,290.0917663574219,227.258056640625,-0.0718691274523735,-0.07490186393260956,1.4217724800109863,0.0,0.0,0.0,0,0
1786183700.1400895,10.85900016699452,APPROACH,BSPLINE,/home/eunseop/nrs_imitation/checkpoints/bspline/polishing/single_cam/20260808_0153,317.4603271484375,297.8020935058594,203.72145080566406,-3.346896448874759e-07,-5.100952330394648e-05,1.5624103546142578,0.08113080263137817,-0.2352583110332489,0.00953800417482853,354.3709716796875,290.0917663574219,227.258056640625,-0.0718691274523735,-0.07490186393260956,1.4217724800109863,0.0,0.0,0.0,0,0
1786183700.1481538,10.86706427000172,APPROACH,BSPLINE,/home/eunseop/nrs_imitation/checkpoints/bspline/polishing/single_cam/20260808_0153,317.44464111328125,297.82635498046875,203.73580932617188,3.847767220577225e-05,-7.884269143687561e-05,1.5624343156814575,0.15809834003448486,-0.3310346305370331,-0.17819620668888092,354.3709716796875,290.0917663574219,227.258056640625,-0.0718691274523735,-0.07490186393260956,1.4217724800109863,0.0,0.0,0.0,0,0
1786183700.156105,10.875015248006093,APPROACH,BSPLINE,/home/eunseop/nrs_imitation/checkpoints/bspline/polishing/single_cam/20260808_0153,317.4303283691406,297.806884765625,203.7037353515625,1.0645513611962087e-05,-4.529149919108022e-06,1.5624583959579468,0.3469567894935608,-0.33561253547668457,-0.461752325296402,354.3709716796875,290.0917663574219,227.258056640625,-0.0718691274523735,-0.07490186393260956,1.4217724800109863,0.0,0.0,0.0,0,0
1786183700.1641147,10.88302518799901,APPROACH,BSPLINE,/home/eunseop/nrs_imitation/checkpoints/bspline/polishing/single_cam/20260808_0153,317.4400939941406,297.828125,203.7267608642578,4.3115080188727006e-05,-9.12298055482097e-05,1.5624943971633911,0.35847246646881104,-0.5006474256515503,-0.17101772129535675,354.3709716796875,290.0917663574219,227.258056640625,-0.0718691274523735,-0.07490186393260956,1.4217724800109863,0.0,0.0,0.0,0,0
1786183700.172198,10.891108730007545,APPROACH,BSPLINE,/home/eunseop/nrs_imitation/checkpoints/bspline/polishing/single_cam/20260808_0153,317.4451904296875,297.8278503417969,203.73526000976562,6.032552118995227e-05,-9.947079524863511e-05,1.5624223947525024,0.22171129286289215,-0.41647785902023315,-0.0893847793340683,354.3709716796875,290.0917663574219,227.258056640625,-0.0718691274523735,-0.07490186393260956,1.4217724800109863,0.0,0.0,0.0,0,0
1786183700.1802077,10.899118250003085,APPROACH,BSPLINE,/home/eunseop/nrs_imitation/checkpoints/bspline/polishing/single_cam/20260808_0153,317.4337158203125,297.8023376464844,203.71815490722656,1.2051907106069848e-05,-4.6371300413738936e-05,1.5624704360961914,0.43520453572273254,-0.3148955702781677,-0.059158943593502045,354.3709716796875,290.0917663574219,227.258056640625,-0.0718691274523735,-0.07490186393260956,1.4217724800109863,0.0,0.0,0.0,0,0
1786183700.1880555,10.906965999995009,APPROACH,BSPLINE,/home/eunseop/nrs_imitation/checkpoints/bspline/polishing/single_cam/20260808_0153,317.4421081542969,297.8326416015625,203.74879455566406,6.0140166169730946e-05,-9.8975702712778e-05,1.5624463558197021,-0.0018315727356821299,-0.2892680764198303,0.4832974672317505,354.3709716796875,290.0917663574219,227.258056640625,-0.0718691274523735,-0.07490186393260956,1.4217724800109863,0.0,0.0,0.0,0,0
1786183700.1960773,10.914987683005165,APPROACH,BSPLINE,/home/eunseop/nrs_imitation/checkpoints/bspline/polishing/single_cam/20260808_0153,317.4327392578125,297.8112487792969,203.7085418701172,-2.2120602807262912e-05,-3.0924002203391865e-05,1.562530279159546,0.17159070074558258,-0.2913552224636078,-0.17751984298229218,354.3709716796875,290.0917663574219,227.258056640625,-0.0718691274523735,-0.07490186393260956,1.4217724800109863,0.0,0.0,0.0,0,0
1786183700.2040482,10.922958358001779,APPROACH,BSPLINE,/home/eunseop/nrs_imitation/checkpoints/bspline/polishing/single_cam/20260808_0153,317.4539489746094,297.8116149902344,203.72764587402344,2.1328209186322056e-05,-7.114245090633631e-05,1.5624223947525024,0.10611345618963242,-0.37312355637550354,-0.0017003209795802832,354.3709716796875,290.0917663574219,227.258056640625,-0.0718691274523735,-0.07490186393260956,1.4217724800109863,0.0,0.0,0.0,0,0
1786183700.2120423,10.930952718001208,APPROACH,BSPLINE,/home/eunseop/nrs_imitation/checkpoints/bspline/polishing/single_cam/20260808_0153,317.44158935546875,297.79638671875,203.7085418701172,2.7742205475078663e-06,-2.159995165129658e-05,1.5624583959579468,0.23569516837596893,-0.2621415853500366,-0.22808152437210083,354.3709716796875,290.0917663574219,227.258056640625,-0.0718691274523735,-0.07490186393260956,1.4217724800109863,0.0,0.0,0.0,0,0
1786183700.2201123,10.939022653998109,APPROACH,BSPLINE,/home/eunseop/nrs_imitation/checkpoints/bspline/polishing/single_cam/20260808_0153,317.4381103515625,297.8239440917969,203.73443603515625,4.6223383833421394e-05,-6.181991193443537e-05,1.5624823570251465,0.32815590500831604,-0.5242319107055664,-0.14363564550876617,354.3709716796875,290.0917663574219,227.258056640625,-0.0718691274523735,-0.07490186393260956,1.4217724800109863,0.0,0.0,0.0,0,0
1786183700.2281237,10.94703399699938,APPROACH,BSPLINE,/home/eunseop/nrs_imitation/checkpoints/bspline/polishing/single_cam/20260808_0153,317.44781494140625,297.8099365234375,203.74266052246094,2.596768354123924e-05,-8.352779695997015e-05,1.5624223947525024,0.040694963186979294,-0.04799539968371391,0.09452862292528152,354.3709716796875,290.0917663574219,227.258056640625,-0.0718691274523735,-0.07490186393260956,1.4217724800109863,0.0,0.0,0.0,0,0
1786183700.2361073,10.955017697007861,APPROACH,BSPLINE,/home/eunseop/nrs_imitation/checkpoints/bspline/polishing/single_cam/20260808_0153,317.4516296386719,297.805908203125,203.7161102294922,-2.0591283828252926e-05,-7.271929644048214e-05,1.5624943971633911,0.024775564670562744,-0.16601546108722687,0.4575255513191223,354.3709716796875,290.0917663574219,227.258056640625,-0.0718691274523735,-0.07490186393260956,1.4217724800109863,0.0,0.0,0.0,0,0
1786183700.2441096,10.96302008299972,APPROACH,BSPLINE,/home/eunseop/nrs_imitation/checkpoints/bspline/polishing/single_cam/20260808_0153,317.42974853515625,297.8292541503906,203.71571350097656,5.391029844759032e-05,-4.4251650251680985e-05,1.562434434890747,0.3193143308162689,-0.21180392801761627,-0.0605696476995945,354.3709716796875,290.0917663574219,227.258056640625,-0.0718691274523735,-0.07490186393260956,1.4217724800109863,0.0,0.0,0.0,0,0
1786183700.252152,10.97106265599723,APPROACH,BSPLINE,/home/eunseop/nrs_imitation/checkpoints/bspline/polishing/single_cam/20260808_0153,317.4406433105469,297.81817626953125,203.74603271484375,6.337073136819527e-05,-6.952091644052416e-05,1.5624463558197021,0.581136167049408,-0.36900538206100464,0.14888735115528107,354.3709716796875,290.0917663574219,227.258056640625,-0.0718691274523735,-0.07490186393260956,1.4217724800109863,0.0,0.0,0.0,0,0
1786183700.2601426,10.979053139002644,APPROACH,BSPLINE,/home/eunseop/nrs_imitation/checkpoints/bspline/polishing/single_cam/20260808_0153,317.43341064453125,297.79058837890625,203.71678161621094,3.230787842767313e-05,-2.4662398573127575e-05,1.562434434890747,0.0913400799036026,-0.11340779066085815,0.38096219301223755,354.3709716796875,290.0917663574219,227.258056640625,-0.0718691274523735,-0.07490186393260956,1.4217724800109863,0.0,0.0,0.0,0,0
1786183700.268159,10.98706959199626,APPROACH,BSPLINE,/home/eunseop/nrs_imitation/checkpoints/bspline/polishing/single_cam/20260808_0153,317.4358215332031,297.830322265625,203.72962951660156,2.9200185963418335e-05,-5.4072123020887375e-05,1.5624942779541016,0.24341611564159393,-0.36350592970848083,-0.30192139744758606,354.3709716796875,290.0917663574219,227.258056640625,-0.0718691274523735,-0.07490186393260956,1.4217724800109863,0.0,0.0,0.0,0,0
1786183700.2765303,10.995440622995375,APPROACH,BSPLINE,/home/eunseop/nrs_imitation/checkpoints/bspline/polishing/single_cam/20260808_0153,317.42529296875,297.8192138671875,203.70196533203125,1.820683610276319e-05,1.299075211136369e-05,1.5624703168869019,0.22079221904277802,-0.2831258475780487,-0.23210382461547852,354.3709716796875,290.0917663574219,227.258056640625,-0.0718691274523735,-0.07490186393260956,1.4217724800109863,0.0,0.0,0.0,0,0
1786183700.2841668,11.00307741999859,APPROACH,BSPLINE,/home/eunseop/nrs_imitation/checkpoints/bspline/polishing/single_cam/20260808_0153,317.42974853515625,297.8056335449219,203.71981811523438,1.973739381355699e-05,-2.880499050661456e-05,1.5624583959579468,0.2246972769498825,-0.1567235291004181,0.1428549587726593,354.3709716796875,290.0917663574219,227.258056640625,-0.0718691274523735,-0.07490186393260956,1.4217724800109863,0.0,0.0,0.0,0,0
1786183700.2920334,11.010943856002996,APPROACH,BSPLINE,/home/eunseop/nrs_imitation/checkpoints/bspline/polishing/single_cam/20260808_0153,317.4469299316406,297.8199768066406,203.74061584472656,5.549902925849892e-05,-8.65918627823703e-05,1.5624583959579468,0.37339916825294495,0.008005685172975063,0.015289392322301865,354.3709716796875,290.0917663574219,227.258056640625,-0.0718691274523735,-0.07490186393260956,1.4217724800109863,0.0,0.0,0.0,0,0
1786183700.300151,11.019061412007431,APPROACH,BSPLINE,/home/eunseop/nrs_imitation/checkpoints/bspline/polishing/single_cam/20260808_0153,317.43780517578125,297.8231201171875,203.7118377685547,1.5283998436643742e-05,-1.6915140804485418e-05,1.5624943971633911,0.2019868940114975,-0.2506546676158905,0.14428897202014923,354.3709716796875,290.0917663574219,227.258056640625,-0.0718691274523735,-0.07490186393260956,1.4217724800109863,0.0,0.0,0.0,0,0
1786183700.3081656,11.02707621200534,APPROACH,BSPLINE,/home/eunseop/nrs_imitation/checkpoints/bspline/polishing/single_cam/20260808_0153,317.4407958984375,297.8177795410156,203.71914672851562,1.6504363884450868e-05,-5.8261939557269216e-05,1.5624943971633911,0.15150392055511475,-0.01622883975505829,-0.29692521691322327,354.3709716796875,290.0917663574219,227.258056640625,-0.0718691274523735,-0.07490186393260956,1.4217724800109863,0.0,0.0,0.0,0,0
1786183700.3161929,11.035103244998027,APPROACH,BSPLINE,/home/eunseop/nrs_imitation/checkpoints/bspline/polishing/single_cam/20260808_0153,317.4187316894531,297.81683349609375,203.70761108398438,4.927094414597377e-05,-3.186830144841224e-05,1.562530279159546,0.33148983120918274,-0.19729778170585632,-0.4643106758594513,354.3709716796875,290.0917663574219,227.258056640625,-0.0718691274523735,-0.07490186393260956,1.4217724800109863,0.0,0.0,0.0,0,0
1786183700.3240573,11.042967586996383,APPROACH,BSPLINE,/home/eunseop/nrs_imitation/checkpoints/bspline/polishing/single_cam/20260808_0153,317.4228515625,297.81390380859375,203.72433471679688,4.6225457481341437e-05,-6.181804928928614e-05,1.5624582767486572,0.14346227049827576,-0.5748142600059509,-0.3370889127254486,354.3709716796875,290.0917663574219,227.258056640625,-0.0718691274523735,-0.07490186393260956,1.4217724800109863,0.0,0.0,0.0,0,0
1786183700.332208,11.051118436997058,APPROACH,BSPLINE,/home/eunseop/nrs_imitation/checkpoints/bspline/polishing/single_cam/20260808_0153,317.4497375488281,297.8259582519531,203.76551818847656,5.721647175960243e-05,-0.0001288811763515696,1.562434434890747,-0.052889905869960785,-0.3975718915462494,0.17707084119319916,354.3709716796875,290.0917663574219,227.258056640625,-0.0718691274523735,-0.07490186393260956,1.4217724800109863,0.0,0.0,0.0,0,0
1786183700.3401957,11.059105944004841,APPROACH,BSPLINE,/home/eunseop/nrs_imitation/checkpoints/bspline/polishing/single_cam/20260808_0153,317.4273376464844,297.82366943359375,203.71527099609375,2.7669921109918505e-05,-1.227629491040716e-05,1.5624942779541016,0.07587554305791855,-0.2511405050754547,-0.1446763277053833,354.3709716796875,290.0917663574219,227.258056640625,-0.0718691274523735,-0.07490186393260956,1.4217724800109863,0.0,0.0,0.0,0,0
1786183700.3481953,11.067105905996868,APPROACH,BSPLINE,/home/eunseop/nrs_imitation/checkpoints/bspline/polishing/single_cam/20260808_0153,317.4350280761719,297.8172607421875,203.7239532470703,4.6038723667152226e-05,-6.132334965514019e-05,1.5624463558197021,0.15949353575706482,-0.4840281307697296,-0.07554534822702408,354.3709716796875,290.0917663574219,227.258056640625,-0.0718691274523735,-0.07490186393260956,1.4217724800109863,0.0,0.0,0.0,0,0
1786183700.3561578,11.075068164995173,APPROACH,BSPLINE,/home/eunseop/nrs_imitation/checkpoints/bspline/polishing/single_cam/20260808_0153,317.4239807128906,297.8045959472656,203.70004272460938,1.0460005796630867e-05,-4.033669029013254e-06,1.5624703168869019,0.25250571966171265,-0.21033282577991486,0.24079233407974243,354.3709716796875,290.0917663574219,227.258056640625,-0.0718691274523735,-0.07490186393260956,1.4217724800109863,0.0,0.0,0.0,0,0
1786183700.3640747,11.0829850769951,APPROACH,BSPLINE,/home/eunseop/nrs_imitation/checkpoints/bspline/polishing/single_cam/20260808_0153,317.419921875,297.7962646484375,203.68028259277344,2.6078021619468927e-05,3.006104270752985e-05,1.5624583959579468,0.21381288766860962,-0.5576953887939453,-0.4020545780658722,354.3709716796875,290.0917663574219,227.258056640625,-0.0718691274523735,-0.07490186393260956,1.4217724800109863,0.0,0.0,0.0,0,0
1786183700.3720524,11.090962806003517,APPROACH,BSPLINE,/home/eunseop/nrs_imitation/checkpoints/bspline/polishing/single_cam/20260808_0153,317.4337158203125,297.8138732910156,203.70030212402344,-1.8639825611899141e-06,-9.214280908054207e-06,1.5624823570251465,0.48758357763290405,-0.1699087768793106,-0.06858287006616592,354.3709716796875,290.0917663574219,227.258056640625,-0.0718691274523735,-0.07490186393260956,1.4217724800109863,0.0,0.0,0.0,0,0
1786183700.3802106,11.099121250997996,APPROACH,BSPLINE,/home/eunseop/nrs_imitation/checkpoints/bspline/polishing/single_cam/20260808_0153,317.4464111328125,297.8063659667969,203.70677185058594,-2.6944342607748695e-05,-1.804290513973683e-05,1.562434434890747,0.48044055700302124,-0.17750638723373413,-0.0023381870705634356,354.3709716796875,290.0917663574219,227.258056640625,-0.0718691274523735,-0.07490186393260956,1.4217724800109863,0.0,0.0,0.0,0,0
1786183700.3880527,11.106962988997111,APPROACH,BSPLINE,/home/eunseop/nrs_imitation/checkpoints/bspline/polishing/single_cam/20260808_0153,317.45343017578125,297.8221435546875,203.7261962890625,1.6689473341102712e-05,-5.8757184888236225e-05,1.5624583959579468,0.2631773352622986,-0.557470977306366,-0.31373709440231323,354.3709716796875,290.0917663574219,227.258056640625,-0.0718691274523735,-0.07490186393260956,1.4217724800109863,0.0,0.0,0.0,0,0
1786183700.3960845,11.114994792005746,APPROACH,BSPLINE,/home/eunseop/nrs_imitation/checkpoints/bspline/polishing/single_cam/20260808_0153,317.4308166503906,297.8310852050781,203.7372589111328,4.3117746827192605e-05,-9.122836490860209e-05,1.5624823570251465,0.13434982299804688,-0.24718627333641052,-0.20815002918243408,354.3709716796875,290.0917663574219,227.258056640625,-0.0718691274523735,-0.07490186393260956,1.4217724800109863,0.0,0.0,0.0,0,0
1786183700.4040368,11.122947112002294,APPROACH,BSPLINE,/home/eunseop/nrs_imitation/checkpoints/bspline/polishing/single_cam/20260808_0153,317.4263916015625,297.80987548828125,203.6966094970703,1.0459991244715638e-05,-4.033807272207923e-06,1.5624942779541016,0.21056881546974182,-0.23970331251621246,0.04034882038831711,354.3709716796875,290.0917663574219,227.258056640625,-0.0718691274523735,-0.07490186393260956,1.4217724800109863,0.0,0.0,0.0,0,0
1786183700.412772,11.131682170002023,APPROACH,BSPLINE,/home/eunseop/nrs_imitation/checkpoints/bspline/polishing/single_cam/20260808_0153,317.437255859375,297.798828125,203.7269287109375,1.9922525098081678e-05,-2.93005596176954e-05,1.562434434890747,0.2481539398431778,-0.1958979219198227,0.16214615106582642,354.3709716796875,290.0917663574219,227.258056640625,-0.0718691274523735,-0.07490186393260956,1.4217724800109863,0.0,0.0,0.0,0,0
1786183700.42003,11.138940611999715,APPROACH,BSPLINE,/home/eunseop/nrs_imitation/checkpoints/bspline/polishing/single_cam/20260808_0153,317.4382019042969,297.8124084472656,203.6830291748047,1.0645459042279981e-05,-4.529278157860972e-06,1.5624583959579468,0.14449697732925415,-0.07752282917499542,0.4657858908176422,354.3709716796875,290.0917663574219,227.258056640625,-0.0718691274523735,-0.07490186393260956,1.4217724800109863,0.0,0.0,0.0,0,0
1786183700.4280763,11.146986731997458,APPROACH,BSPLINE,/home/eunseop/nrs_imitation/checkpoints/bspline/polishing/single_cam/20260808_0153,317.41595458984375,297.8225402832031,203.70677185058594,4.7741152229718864e-05,9.928295185090974e-06,1.5625063180923462,-0.008438436314463615,-0.3783053755760193,0.014905666001141071,354.3709716796875,290.0917663574219,227.258056640625,-0.0718691274523735,-0.07490186393260956,1.4217724800109863,0.0,0.0,0.0,0,0
1786183700.436023,11.154933461002656,APPROACH,BSPLINE,/home/eunseop/nrs_imitation/checkpoints/bspline/polishing/single_cam/20260808_0153,317.4385986328125,297.8134765625,203.7239532470703,4.6037988795433193e-05,-6.132390262791887e-05,1.5624464750289917,0.13046731054782867,-0.3045658767223358,-0.4878971576690674,354.3709716796875,290.0917663574219,227.258056640625,-0.0718691274523735,-0.07490186393260956,1.4217724800109863,0.0,0.0,0.0,0,0
1786183700.4440672,11.162977547006449,APPROACH,BSPLINE,/home/eunseop/nrs_imitation/checkpoints/bspline/polishing/single_cam/20260808_0153,317.42449951171875,297.85296630859375,203.72900390625,8.845431875670329e-05,-6.068968286854215e-05,1.5624582767486572,0.42702633142471313,-0.2629372179508209,0.41229355335235596,354.3709716796875,290.0917663574219,227.258056640625,-0.0718691274523735,-0.07490186393260956,1.4217724800109863,0.0,0.0,0.0,0,0
1786183700.4520977,11.171008007004275,APPROACH,BSPLINE,/home/eunseop/nrs_imitation/checkpoints/bspline/polishing/single_cam/20260808_0153,317.4520568847656,297.8069763183594,203.72007751464844,-1.7482767361798324e-05,-4.330905358074233e-05,1.5624823570251465,0.12718883156776428,0.040377289056777954,0.17409436404705048,354.3709716796875,290.0917663574219,227.258056640625,-0.0718691274523735,-0.07490186393260956,1.4217724800109863,0.0,0.0,0.0,0,0
1786183700.4600458,11.178956139003276,APPROACH,BSPLINE,/home/eunseop/nrs_imitation/checkpoints/bspline/polishing/single_cam/20260808_0153,317.44622802734375,297.8183288574219,203.72283935546875,2.9199074560892768e-05,-5.407238131738268e-05,1.5624583959579468,0.4767388701438904,-0.23364843428134918,0.22527973353862762,354.3709716796875,290.0917663574219,227.258056640625,-0.0718691274523735,-0.07490186393260956,1.4217724800109863,0.0,0.0,0.0,0,0
1786183700.4680831,11.186993412004085,APPROACH,BSPLINE,/home/eunseop/nrs_imitation/checkpoints/bspline/polishing/single_cam/20260808_0153,317.4512939453125,297.80535888671875,203.71775817871094,-1.3029519323026761e-05,-5.519939441001043e-05,1.5624703168869019,0.47670990228652954,-0.5170484185218811,-0.32786867022514343,354.3709716796875,290.0917663574219,227.258056640625,-0.0718691274523735,-0.07490186393260956,1.4217724800109863,0.0,0.0,0.0,0,0
1786183700.4760745,11.194984817004297,APPROACH,BSPLINE,/home/eunseop/nrs_imitation/checkpoints/bspline/polishing/single_cam/20260808_0153,317.4324035644531,297.8236999511719,203.72764587402344,7.111838203854859e-05,-5.2497001888696104e-05,1.5624704360961914,0.10474520176649094,-0.2524331212043762,-0.4752185642719269,354.3709716796875,290.0917663574219,227.258056640625,-0.0718691274523735,-0.07490186393260956,1.4217724800109863,0.0,0.0,0.0,0,0
1786183700.4840736,11.202984197007027,APPROACH,BSPLINE,/home/eunseop/nrs_imitation/checkpoints/bspline/polishing/single_cam/20260808_0153,317.4568786621094,297.8178405761719,203.72901916503906,1.358005465590395e-05,-8.816731860861182e-05,1.5624704360961914,0.04784563556313515,-0.27161359786987305,-0.08757168054580688,354.3709716796875,290.0917663574219,227.258056640625,-0.0718691274523735,-0.07490186393260956,1.4217724800109863,0.0,0.0,0.0,0,0
1786183700.4920647,11.210975110996515,APPROACH,BSPLINE,/home/eunseop/nrs_imitation/checkpoints/bspline/polishing/single_cam/20260808_0153,317.42596435546875,297.8211975097656,203.7056121826172,6.648025009781122e-05,-4.0111342968884856e-05,1.5624942779541016,0.22893333435058594,-0.3144335448741913,0.4798694849014282,354.3709716796875,290.0917663574219,227.258056640625,-0.0718691274523735,-0.07490186393260956,1.4217724800109863,0.0,0.0,0.0,0,0
1786183700.500027,11.218937230005395,APPROACH,BSPLINE,/home/eunseop/nrs_imitation/checkpoints/bspline/polishing/single_cam/20260808_0153,317.4449768066406,297.7923583984375,203.73580932617188,3.8475653127534315e-05,-7.884336082497612e-05,1.5624103546142578,0.2533565163612366,-0.231767475605011,-0.7786306738853455,354.3709716796875,290.0917663574219,227.258056640625,-0.0718691274523735,-0.07490186393260956,1.4217724800109863,0.0,0.0,0.0,0,0
1786183700.5080473,11.226957831007894,APPROACH,BSPLINE,/home/eunseop/nrs_imitation/checkpoints/bspline/polishing/single_cam/20260808_0153,317.4342346191406,297.81536865234375,203.7296905517578,2.9199816708569415e-05,-5.407220669439994e-05,1.5624823570251465,0.09601549059152603,-0.03437715768814087,0.14918270707130432,354.3709716796875,290.0917663574219,227.258056640625,-0.0718691274523735,-0.07490186393260956,1.4217724800109863,0.0,0.0,0.0,0,0
1786183700.5160227,11.234933234998607,APPROACH,BSPLINE,/home/eunseop/nrs_imitation/checkpoints/bspline/polishing/single_cam/20260808_0153,317.4333190917969,297.8254089355469,203.72764587402344,5.873327245353721e-05,-5.713464997825213e-05,1.5624703168869019,0.2819664478302002,0.004179287701845169,0.289030522108078,354.3709716796875,290.0917663574219,227.258056640625,-0.0718691274523735,-0.07490186393260956,1.4217724800109863,0.0,0.0,0.0,0,0
1786183700.524038,11.242948384999181,APPROACH,BSPLINE,/home/eunseop/nrs_imitation/checkpoints/bspline/polishing/single_cam/20260808_0153,317.42510986328125,297.80731201171875,203.71334838867188,3.230838410672732e-05,-2.466216938046273e-05,1.5624823570251465,0.5375649333000183,-0.43240970373153687,-0.23962822556495667,354.3709716796875,290.0917663574219,227.258056640625,-0.0718691274523735,-0.07490186393260956,1.4217724800109863,0.0,0.0,0.0,0,0
1786183700.5320168,11.250926955995965,APPROACH,BSPLINE,/home/eunseop/nrs_imitation/checkpoints/bspline/polishing/single_cam/20260808_0153,317.446044921875,297.81756591796875,203.7372589111328,3.060376911889762e-05,-9.5915405836422e-05,1.5625063180923462,0.15056255459785461,-0.16447384655475616,0.46861886978149414,354.3709716796875,290.0917663574219,227.258056640625,-0.0718691274523735,-0.07490186393260956,1.4217724800109863,0.0,0.0,0.0,0,0
1786183700.540048,11.258958217003965,APPROACH,BSPLINE,/home/eunseop/nrs_imitation/checkpoints/bspline/polishing/single_cam/20260808_0153,317.4380798339844,297.8242492675781,203.75022888183594,7.728805212536827e-05,-0.00010667597234714776,1.5624223947525024,0.07139050960540771,-0.08509720861911774,0.5634073615074158,354.3709716796875,290.0917663574219,227.258056640625,-0.0718691274523735,-0.07490186393260956,1.4217724800109863,0.0,0.0,0.0,0,0
1786183700.54808,11.266990289994283,APPROACH,BSPLINE,/home/eunseop/nrs_imitation/checkpoints/bspline/polishing/single_cam/20260808_0153,317.4273681640625,297.8009338378906,203.71815490722656,4.945634282194078e-05,-3.236237171222456e-05,1.5624223947525024,0.11646116524934769,-0.24115796387195587,-0.27224913239479065,354.3709716796875,290.0917663574219,227.258056640625,-0.0718691274523735,-0.07490186393260956,1.4217724800109863,0.0,0.0,0.0,0,0
1786183700.5560775,11.274987905999296,APPROACH,BSPLINE,/home/eunseop/nrs_imitation/checkpoints/bspline/polishing/single_cam/20260808_0153,317.4529724121094,297.7972106933594,203.7259979248047,-2.077489079965744e-05,-7.222365820780396e-05,1.5624223947525024,0.12524215877056122,-0.46596071124076843,-0.3264727294445038,354.3709716796875,290.0917663574219,227.258056640625,-0.0718691274523735,-0.07490186393260956,1.4217724800109863,0.0,0.0,0.0,0,0
1786183700.5640714,11.282981897005811,APPROACH,BSPLINE,/home/eunseop/nrs_imitation/checkpoints/bspline/polishing/single_cam/20260808_0153,317.44085693359375,297.84100341796875,203.7323760986328,2.5969393391278572e-05,-8.352800796274096e-05,1.5624823570251465,0.05117902532219887,-0.5038896799087524,-0.4896131455898285,354.3709716796875,290.0917663574219,227.258056640625,-0.0718691274523735,-0.07490186393260956,1.4217724800109863,0.0,0.0,0.0,0,0
1786183700.5720336,11.290944006002974,APPROACH,BSPLINE,/home/eunseop/nrs_imitation/checkpoints/bspline/polishing/single_cam/20260808_0153,317.4266052246094,297.7987976074219,203.69126892089844,1.5098605217644945e-05,-1.641947528696619e-05,1.5624704360961914,0.1817287653684616,-0.3150258958339691,0.031074007973074913,354.3709716796875,290.0917663574219,227.258056640625,-0.0718691274523735,-0.07490186393260956,1.4217724800109863,0.0,0.0,0.0,0,0
1786183700.5800397,11.298949938005535,APPROACH,BSPLINE,/home/eunseop/nrs_imitation/checkpoints/bspline/polishing/single_cam/20260808_0153,317.4380187988281,297.80047607421875,203.71731567382812,1.0645395377650857e-05,-4.5294764277059585e-06,1.5624704360961914,0.303754597902298,-0.26912516355514526,0.1771450936794281,354.3709716796875,290.0917663574219,227.258056640625,-0.0718691274523735,-0.07490186393260956,1.4217724800109863,0.0,0.0,0.0,0,0
1786183700.5880263,11.3069368150027,APPROACH,BSPLINE,/home/eunseop/nrs_imitation/checkpoints/bspline/polishing/single_cam/20260808_0153,317.4640808105469,297.8098449707031,203.73443603515625,-1.5952127796481363e-05,-8.510447514709085e-05,1.562434434890747,0.33034929633140564,-0.1993831992149353,0.629684567451477,354.3709716796875,290.0917663574219,227.258056640625,-0.0718691274523735,-0.07490186393260956,1.4217724800109863,0.0,0.0,0.0,0,0
1786183700.5960732,11.314983504998963,APPROACH,BSPLINE,/home/eunseop/nrs_imitation/checkpoints/bspline/polishing/single_cam/20260808_0153,317.44488525390625,297.826416015625,203.71803283691406,-3.331630296088406e-07,-5.100994894746691e-05,1.5624703168869019,0.3651757836341858,-0.34277498722076416,-0.019801706075668335,354.3709716796875,290.0917663574219,227.258056640625,-0.0718691274523735,-0.07490186393260956,1.4217724800109863,0.0,0.0,0.0,0,0
1786183700.6041057,11.323016088994336,APPROACH,BSPLINE,/home/eunseop/nrs_imitation/checkpoints/bspline/polishing/single_cam/20260808_0153,317.4574890136719,297.80755615234375,203.7118377685547,-9.61166551860515e-06,-2.6238267309963703e-05,1.5624463558197021,0.23000581562519073,-0.13540440797805786,-0.1545078307390213,354.3709716796875,290.0917663574219,227.258056640625,-0.0718691274523735,-0.07490186393260956,1.4217724800109863,0.0,0.0,0.0,0,0
1786183700.6121933,11.33110380799917,APPROACH,BSPLINE,/home/eunseop/nrs_imitation/checkpoints/bspline/polishing/single_cam/20260808_0153,317.45550537109375,297.802978515625,203.73167419433594,-1.2843581316701602e-05,-5.569463246501982e-05,1.562434434890747,0.11282098293304443,0.2731141149997711,0.34041517972946167,354.3709716796875,290.0917663574219,227.258056640625,-0.0718691274523735,-0.07490186393260956,1.4217724800109863,0.0,0.0,0.0,0,0
1786183700.6200728,11.338983419002034,APPROACH,BSPLINE,/home/eunseop/nrs_imitation/checkpoints/bspline/polishing/single_cam/20260808_0153,317.4441223144531,297.82476806640625,203.72764587402344,8.944428373069968e-06,-7.578120130347088e-05,1.5624703168869019,0.34708577394485474,-0.42647886276245117,-0.07258290797472,354.3709716796875,290.0917663574219,227.258056640625,-0.0718691274523735,-0.07490186393260956,1.4217724800109863,0.0,0.0,0.0,0,0
1786183700.628084,11.346994421997806,APPROACH,BSPLINE,/home/eunseop/nrs_imitation/checkpoints/bspline/polishing/single_cam/20260808_0153,317.4363098144531,297.79693603515625,203.6850128173828,1.8207028915639967e-05,1.2990230970899574e-05,1.5624223947525024,0.38638100028038025,-0.35334494709968567,-0.059033505618572235,354.3709716796875,290.0917663574219,227.258056640625,-0.0718691274523735,-0.07490186393260956,1.4217724800109863,0.0,0.0,0.0,0,0
1786183700.6360505,11.354960798998945,APPROACH,BSPLINE,/home/eunseop/nrs_imitation/checkpoints/bspline/polishing/single_cam/20260808_0153,317.4497985839844,297.7906188964844,203.71815490722656,-1.2843937838624697e-05,-5.5694643378956243e-05,1.5624464750289917,0.19310477375984192,-0.051800139248371124,0.07132082432508469,354.3709716796875,290.0917663574219,227.258056640625,-0.0718691274523735,-0.07490186393260956,1.4217724800109863,0.0,0.0,0.0,0,0
1786183700.6440423,11.36295251500269,APPROACH,BSPLINE,/home/eunseop/nrs_imitation/checkpoints/bspline/polishing/single_cam/20260808_0153,317.4486999511719,297.8238525390625,203.74009704589844,4.177044684183784e-05,-4.9928901717066765e-05,1.5624223947525024,0.1985223889350891,0.05567367747426033,0.2201826125383377,354.3709716796875,290.0917663574219,227.258056640625,-0.0718691274523735,-0.07490186393260956,1.4217724800109863,0.0,0.0,0.0,0,0
1786183700.652027,11.370937247003894,APPROACH,BSPLINE,/home/eunseop/nrs_imitation/checkpoints/bspline/polishing/single_cam/20260808_0153,317.43609619140625,297.8306579589844,203.72764587402344,2.132934059773106e-05,-7.114312757039443e-05,1.5625183582305908,0.33432984352111816,-0.27261248230934143,-0.011691375635564327,354.3709716796875,290.0917663574219,227.258056640625,-0.0718691274523735,-0.07490186393260956,1.4217724800109863,0.0,0.0,0.0,0,0
1786183700.6600373,11.378947838005843,APPROACH,BSPLINE,/home/eunseop/nrs_imitation/checkpoints/bspline/polishing/single_cam/20260808_0153,317.4339904785156,297.81500244140625,203.73167419433594,3.694716724567115e-05,-3.704721530084498e-05,1.5624343156814575,0.36955493688583374,-0.45114943385124207,-0.33986279368400574,354.3709716796875,290.0917663574219,227.258056640625,-0.0718691274523735,-0.07490186393260956,1.4217724800109863,0.0,0.0,0.0,0,0
1786183700.66865,11.387560332004796,APPROACH,BSPLINE,/home/eunseop/nrs_imitation/checkpoints/bspline/polishing/single_cam/20260808_0153,317.43035888671875,297.8192443847656,203.71434020996094,6.165639933897182e-05,-2.7228328690398484e-05,1.5624223947525024,0.2842593491077423,-0.24640564620494843,-0.1966329663991928,354.3709716796875,290.0917663574219,227.258056640625,-0.0718691274523735,-0.07490186393260956,1.4217724800109863,0.0,0.0,0.0,0,0
1786183700.6760292,11.3949394950032,APPROACH,BSPLINE,/home/eunseop/nrs_imitation/checkpoints/bspline/polishing/single_cam/20260808_0153,317.4288330078125,297.81512451171875,203.70510864257812,1.5284353139577433e-05,-1.6914718798943795e-05,1.5624703168869019,0.1470513790845871,0.2001679688692093,0.15438462793827057,354.3709716796875,290.0917663574219,227.258056640625,-0.0718691274523735,-0.07490186393260956,1.4217724800109863,0.0,0.0,0.0,0,0
1786183700.6840978,11.403008328998112,APPROACH,BSPLINE,/home/eunseop/nrs_imitation/checkpoints/bspline/polishing/single_cam/20260808_0153,317.4482116699219,297.8107604980469,203.73785400390625,2.132671397703234e-05,-7.114365871530026e-05,1.5624943971633911,0.5225616693496704,-0.56041419506073,-0.4088706076145172,354.3709716796875,290.0917663574219,227.258056640625,-0.0718691274523735,-0.07490186393260956,1.4217724800109863,0.0,0.0,0.0,0,0
1786183700.6920402,11.410950578996562,APPROACH,BSPLINE,/home/eunseop/nrs_imitation/checkpoints/bspline/polishing/single_cam/20260808_0153,317.46527099609375,297.8239440917969,203.7510986328125,-6.488162398454733e-06,-0.00011037127842428163,1.5624343156814575,0.26835131645202637,-0.287935346364975,0.10181116312742233,354.3709716796875,290.0917663574219,227.258056640625,-0.0718691274523735,-0.07490186393260956,1.4217724800109863,0.0,0.0,0.0,0,0
1786183700.7000737,11.418984075004118,APPROACH,BSPLINE,/home/eunseop/nrs_imitation/checkpoints/bspline/polishing/single_cam/20260808_0153,317.43988037109375,297.8157653808594,203.71527099609375,2.7742387374019017e-06,-2.160009171348065e-05,1.5625063180923462,0.23118159174919128,-0.18280847370624542,0.19023029506206512,354.3709716796875,290.0917663574219,227.258056640625,-0.0718691274523735,-0.07490186393260956,1.4217724800109863,0.0,0.0,0.0,0,0
1786183700.7080848,11.426995278001414,APPROACH,BSPLINE,/home/eunseop/nrs_imitation/checkpoints/bspline/polishing/single_cam/20260808_0153,317.45263671875,297.8090515136719,203.73245239257812,3.8476064219139516e-05,-7.884299702709541e-05,1.5623983144760132,0.17324359714984894,-0.4146190881729126,-0.3203459084033966,354.3709716796875,290.0917663574219,227.258056640625,-0.0718691274523735,-0.07490186393260956,1.4217724800109863,0.0,0.0,0.0,0,0
1786183700.716046,11.434956355005852,APPROACH,BSPLINE,/home/eunseop/nrs_imitation/checkpoints/bspline/polishing/single_cam/20260808_0153,317.42901611328125,297.8157958984375,203.7273712158203,4.6037999709369615e-05,-6.132468115538359e-05,1.5625063180923462,0.4393002688884735,-0.5831295251846313,-0.6833764910697937,354.3709716796875,290.0917663574219,227.258056640625,-0.0718691274523735,-0.07490186393260956,1.4217724800109863,0.0,0.0,0.0,0,0
1786183700.72404,11.442950374999782,APPROACH,BSPLINE,/home/eunseop/nrs_imitation/checkpoints/bspline/polishing/single_cam/20260808_0153,317.43206787109375,297.810791015625,203.70677185058594,2.28456046897918e-05,6.047143870091531e-07,1.5624583959579468,0.21684817969799042,-0.18046937882900238,-0.05309790000319481,354.3709716796875,290.0917663574219,227.258056640625,-0.0718691274523735,-0.07490186393260956,1.4217724800109863,0.0,0.0,0.0,0,0
1786183700.7320182,11.450928403995931,APPROACH,BSPLINE,/home/eunseop/nrs_imitation/checkpoints/bspline/polishing/single_cam/20260808_0153,317.4310302734375,297.8320617675781,203.73863220214844,7.264945452334359e-05,-9.429157944396138e-05,1.5624823570251465,0.29244527220726013,-0.05348113551735878,-0.04843888059258461,354.3709716796875,290.0917663574219,227.258056640625,-0.0718691274523735,-0.07490186393260956,1.4217724800109863,0.0,0.0,0.0,0,0
1786183700.7400837,11.458994251996046,APPROACH,BSPLINE,/home/eunseop/nrs_imitation/checkpoints/bspline/polishing/single_cam/20260808_0153,317.4393005371094,297.8269348144531,203.72421264648438,5.8733330661198124e-05,-5.7134016969939694e-05,1.562434434890747,0.19159698486328125,-0.17032170295715332,-0.13325758278369904,354.3709716796875,290.0917663574219,227.258056640625,-0.0718691274523735,-0.07490186393260956,1.4217724800109863,0.0,0.0,0.0,0,0
1786183700.7481515,11.467062042996986,APPROACH,BSPLINE,/home/eunseop/nrs_imitation/checkpoints/bspline/polishing/single_cam/20260808_0153,317.455810546875,297.804443359375,203.7372589111328,4.311437805881724e-05,-9.122831397689879e-05,1.562374472618103,0.13157443702220917,-0.11390488594770432,0.11584717780351639,354.3709716796875,290.0917663574219,227.258056640625,-0.0718691274523735,-0.07490186393260956,1.4217724800109863,0.0,0.0,0.0,0,0
1786183700.7560494,11.474959668004885,APPROACH,BSPLINE,/home/eunseop/nrs_imitation/checkpoints/bspline/polishing/single_cam/20260808_0153,317.45074462890625,297.8164978027344,203.73863220214844,4.775312845595181e-05,-0.0001036145695252344,1.5624223947525024,0.3407617509365082,-0.44997715950012207,-0.12313631922006607,354.3709716796875,290.0917663574219,227.258056640625,-0.0718691274523735,-0.07490186393260956,1.4217724800109863,0.0,0.0,0.0,0,0
1786183700.7639925,11.482903031006572,APPROACH,BSPLINE,/home/eunseop/nrs_imitation/checkpoints/bspline/polishing/single_cam/20260808_0153,317.45562744140625,297.81524658203125,203.73382568359375,3.060304879909381e-05,-9.591512207407504e-05,1.5624703168869019,0.25409865379333496,-0.6092624664306641,-0.10607387125492096,354.3709716796875,290.0917663574219,227.258056640625,-0.0718691274523735,-0.07490186393260956,1.4217724800109863,0.0,0.0,0.0,0,0
1786183700.7720385,11.490948689999641,APPROACH,BSPLINE,/home/eunseop/nrs_imitation/checkpoints/bspline/polishing/single_cam/20260808_0153,317.42840576171875,297.8258056640625,203.728759765625,3.829209163086489e-05,-7.834839198039845e-05,1.5625183582305908,0.13660591840744019,-0.14843463897705078,0.05278104171156883,354.3709716796875,290.0917663574219,227.258056640625,-0.0718691274523735,-0.07490186393260956,1.4217724800109863,0.0,0.0,0.0,0,0
1786183700.7800477,11.49895786900015,APPROACH,BSPLINE,/home/eunseop/nrs_imitation/checkpoints/bspline/polishing/single_cam/20260808_0153,317.43609619140625,297.8306579589844,203.72764587402344,2.133091038558632e-05,-7.114214531611651e-05,1.5624703168869019,0.28430041670799255,-0.1347653567790985,-0.010867420583963394,354.3709716796875,290.0917663574219,227.258056640625,-0.0718691274523735,-0.07490186393260956,1.4217724800109863,0.0,0.0,0.0,0,0
1786183700.7880347,11.506944926004508,APPROACH,BSPLINE,/home/eunseop/nrs_imitation/checkpoints/bspline/polishing/single_cam/20260808_0153,317.41241455078125,297.8033447265625,203.69386291503906,3.8464106182800606e-05,3.4699547541094944e-05,1.5624943971633911,0.2676445245742798,-0.34876975417137146,0.03171248733997345,354.3709716796875,290.0917663574219,227.258056640625,-0.0718691274523735,-0.07490186393260956,1.4217724800109863,0.0,0.0,0.0,0,0
1786183700.7960384,11.51494884499698,APPROACH,BSPLINE,/home/eunseop/nrs_imitation/checkpoints/bspline/polishing/single_cam/20260808_0153,317.4427490234375,297.8219909667969,203.74404907226562,3.0608072847826406e-05,-9.591300477040932e-05,1.562434434890747,0.12882593274116516,-0.5099344253540039,0.1764887273311615,354.3709716796875,290.0917663574219,227.258056640625,-0.0718691274523735,-0.07490186393260956,1.4217724800109863,0.0,0.0,0.0,0,0
1786183700.8040428,11.522953124003834,APPROACH,BSPLINE,/home/eunseop/nrs_imitation/checkpoints/bspline/polishing/single_cam/20260808_0153,317.427734375,297.81298828125,203.7163848876953,3.212293449905701e-05,-2.416650931991171e-05,1.5624704360961914,0.23086313903331757,-0.2910301089286804,0.2991343140602112,354.3709716796875,290.0917663574219,227.258056640625,-0.0718691274523735,-0.07490186393260956,1.4217724800109863,0.0,0.0,0.0,0,0
1786183700.8120887,11.530999373993836,APPROACH,BSPLINE,/home/eunseop/nrs_imitation/checkpoints/bspline/polishing/single_cam/20260808_0153,317.4405822753906,297.8055725097656,203.7147216796875,-3.331589084609732e-07,-5.1009781600441784e-05,1.5624463558197021,0.11134491115808487,0.04495185613632202,0.25178396701812744,354.3709716796875,290.0917663574219,227.258056640625,-0.0718691274523735,-0.07490186393260956,1.4217724800109863,0.0,0.0,0.0,0,0
1786183700.8200219,11.538932177005336,APPROACH,BSPLINE,/home/eunseop/nrs_imitation/checkpoints/bspline/polishing/single_cam/20260808_0153,317.4320068359375,297.810546875,203.697998046875,1.5098456970008556e-05,-1.6419709936599247e-05,1.5624943971633911,0.2162325084209442,-0.243216872215271,0.7099521160125732,354.3709716796875,290.0917663574219,227.258056640625,-0.0718691274523735,-0.07490186393260956,1.4217724800109863,0.0,0.0,0.0,0,0
1786183700.8280804,11.546990871007438,APPROACH,BSPLINE,/home/eunseop/nrs_imitation/checkpoints/bspline/polishing/single_cam/20260808_0153,317.4230651855469,297.8028564453125,203.70004272460938,2.2845802959636785e-05,6.043094344931887e-07,1.5625183582305908,0.33385857939720154,-0.007611359469592571,0.17677277326583862,354.3709716796875,290.0917663574219,227.258056640625,-0.0718691274523735,-0.07490186393260956,1.4217724800109863,0.0,0.0,0.0,0,0
1786183700.8360283,11.554938702000072,APPROACH,BSPLINE,/home/eunseop/nrs_imitation/checkpoints/bspline/polishing/single_cam/20260808_0153,317.404296875,297.78594970703125,203.6925506591797,4.633469143300317e-05,5.17702465003822e-05,1.5624583959579468,0.056634172797203064,0.21240828931331635,0.4261358082294464,354.3709716796875,290.0917663574219,227.258056640625,-0.0718691274523735,-0.07490186393260956,1.4217724800109863,0.0,0.0,0.0,0,0
1786183700.844044,11.562954403998447,APPROACH,BSPLINE,/home/eunseop/nrs_imitation/checkpoints/bspline/polishing/single_cam/20260808_0153,317.4405822753906,297.7941589355469,203.69943237304688,7.227668902487494e-06,-3.348997051944025e-05,1.5624223947525024,0.2900141775608063,-0.4266110956668854,-0.821334958076477,354.3709716796875,290.0917663574219,227.258056640625,-0.0718691274523735,-0.07490186393260956,1.4217724800109863,0.0,0.0,0.0,0,0
1786183700.8521063,11.5710166439967,APPROACH,BSPLINE,/home/eunseop/nrs_imitation/checkpoints/bspline/polishing/single_cam/20260808_0153,317.43853759765625,297.8362121582031,203.72808837890625,4.7569290472893044e-05,-0.00010311957885278389,1.5624942779541016,0.20777136087417603,-0.23937007784843445,-0.4747651219367981,354.3709716796875,290.0917663574219,227.258056640625,-0.0718691274523735,-0.07490186393260956,1.4217724800109863,0.0,0.0,0.0,0,0
1786183700.8600352,11.578945529006887,APPROACH,BSPLINE,/home/eunseop/nrs_imitation/checkpoints/bspline/polishing/single_cam/20260808_0153,317.4524230957031,297.81988525390625,203.72901916503906,2.5965846361941658e-05,-8.352896111318842e-05,1.5624704360961914,0.07513541728258133,-0.3151167035102844,-0.02321760542690754,354.3709716796875,290.0917663574219,227.258056640625,-0.0718691274523735,-0.07490186393260956,1.4217724800109863,0.0,0.0,0.0,0,0
1786183700.868092,11.587002629996277,APPROACH,BSPLINE,/home/eunseop/nrs_imitation/checkpoints/bspline/polishing/single_cam/20260808_0153,317.44305419921875,297.8232116699219,203.73382568359375,5.5500928283436224e-05,-8.659024751977995e-05,1.562434434890747,0.11404729634523392,-0.33177512884140015,0.02083555981516838,354.3709716796875,290.0917663574219,227.258056640625,-0.0718691274523735,-0.07490186393260956,1.4217724800109863,0.0,0.0,0.0,0,0
1786183700.8761637,11.595074379001744,APPROACH,BSPLINE,/home/eunseop/nrs_imitation/checkpoints/bspline/polishing/single_cam/20260808_0153,317.42938232421875,297.81634521484375,203.7137908935547,3.365295924595557e-05,-6.596272578462958e-05,1.5625063180923462,0.3665926456451416,-0.2603747248649597,0.18581439554691315,354.3709716796875,290.0917663574219,227.258056640625,-0.0718691274523735,-0.07490186393260956,1.4217724800109863,0.0,0.0,0.0,0,0
1786183700.8841505,11.603060994995758,APPROACH,BSPLINE,/home/eunseop/nrs_imitation/checkpoints/bspline/polishing/single_cam/20260808_0153,317.4507751464844,297.8167724609375,203.74740600585938,5.5499273003079e-05,-8.659111335873604e-05,1.5624223947525024,0.20326800644397736,-0.27749893069267273,0.3537916839122772,354.3709716796875,290.0917663574219,227.258056640625,-0.0718691274523735,-0.07490186393260956,1.4217724800109863,0.0,0.0,0.0,0,0
1786183700.892049,11.610959491998074,APPROACH,BSPLINE,/home/eunseop/nrs_imitation/checkpoints/bspline/polishing/single_cam/20260808_0153,317.44476318359375,297.8147888183594,203.71434020996094,1.1865300621138886e-05,-4.5876306103309616e-05,1.5624942779541016,0.03977634012699127,-0.08471886813640594,-0.5564725399017334,354.3709716796875,290.0917663574219,227.258056640625,-0.0718691274523735,-0.07490186393260956,1.4217724800109863,0.0,0.0,0.0,0,0
1786183700.900059,11.618969301998732,APPROACH,BSPLINE,/home/eunseop/nrs_imitation/checkpoints/bspline/polishing/single_cam/20260808_0153,317.4284973144531,297.82666015625,203.73245239257812,7.575830386485904e-05,-6.488020881079137e-05,1.5624343156814575,0.2356102615594864,-0.12360434979200363,-0.18950258195400238,354.3709716796875,290.0917663574219,227.258056640625,-0.0718691274523735,-0.07490186393260956,1.4217724800109863,0.0,0.0,0.0,0,0
1786183700.90803,11.626940397996805,APPROACH,BSPLINE,/home/eunseop/nrs_imitation/checkpoints/bspline/polishing/single_cam/20260808_0153,317.4481201171875,297.7987976074219,203.7099151611328,-4.973346676706569e-06,-3.862414450850338e-05,1.5624704360961914,-0.055076222866773605,0.0013233361532911658,0.7804068922996521,354.3709716796875,290.0917663574219,227.258056640625,-0.0718691274523735,-0.07490186393260956,1.4217724800109863,0.0,0.0,0.0,0,0
1786183700.9161644,11.635074746998725,APPROACH,BSPLINE,/home/eunseop/nrs_imitation/checkpoints/bspline/polishing/single_cam/20260808_0153,317.45867919921875,297.8099060058594,203.7186279296875,-2.212068284279667e-05,-3.092333281529136e-05,1.562434434890747,0.3721371293067932,-0.7233126759529114,-0.1598241627216339,354.3709716796875,290.0917663574219,227.258056640625,-0.0718691274523735,-0.07490186393260956,1.4217724800109863,0.0,0.0,0.0,0,0
1786183700.9241102,11.643020534000243,APPROACH,BSPLINE,/home/eunseop/nrs_imitation/checkpoints/bspline/polishing/single_cam/20260808_0153,317.4523010253906,297.807861328125,203.74266052246094,1.3580563063442241e-05,-8.816708577796817e-05,1.5624583959579468,0.1429649293422699,-0.4966641664505005,-0.39289116859436035,354.3709716796875,290.0917663574219,227.258056640625,-0.0718691274523735,-0.07490186393260956,1.4217724800109863,0.0,0.0,0.0,0,0
1786183700.9320369,11.650947065005312,APPROACH,BSPLINE,/home/eunseop/nrs_imitation/checkpoints/bspline/polishing/single_cam/20260808_0153,317.4309387207031,297.81976318359375,203.73648071289062,2.9200738936197013e-05,-5.4071595513960347e-05,1.5624703168869019,0.20356397330760956,-0.4573432207107544,-0.21871884167194366,354.3709716796875,290.0917663574219,227.258056640625,-0.0718691274523735,-0.07490186393260956,1.4217724800109863,0.0,0.0,0.0,0,0
1786183700.9400544,11.65896495099878,APPROACH,BSPLINE,/home/eunseop/nrs_imitation/checkpoints/bspline/polishing/single_cam/20260808_0153,317.43084716796875,297.8431396484375,203.74398803710938,6.801261770306155e-05,-8.190394873963669e-05,1.5624582767486572,0.15635612607002258,-0.2585226595401764,-0.07897207885980606,354.3709716796875,290.0917663574219,227.258056640625,-0.0718691274523735,-0.07490186393260956,1.4217724800109863,0.0,0.0,0.0,0,0
1786183700.9480517,11.666962197006796,APPROACH,BSPLINE,/home/eunseop/nrs_imitation/checkpoints/bspline/polishing/single_cam/20260808_0153,317.4346618652344,297.8049621582031,203.7099151611328,3.230788934160955e-05,-2.4662711439304985e-05,1.5624704360961914,0.40098583698272705,-0.42258018255233765,0.038931865245103836,354.3709716796875,290.0917663574219,227.258056640625,-0.0718691274523735,-0.07490186393260956,1.4217724800109863,0.0,0.0,0.0,0,0
1786183700.9561431,11.675053462997312,APPROACH,BSPLINE,/home/eunseop/nrs_imitation/checkpoints/bspline/polishing/single_cam/20260808_0153,317.44134521484375,297.8304748535156,203.73382568359375,3.06081710732542e-05,-9.591331763658673e-05,1.5624582767486572,0.31561020016670227,-0.2641853094100952,-0.1852189153432846,354.3709716796875,290.0917663574219,227.258056640625,-0.0718691274523735,-0.07490186393260956,1.4217724800109863,0.0,0.0,0.0,0,0
1786183700.9640265,11.68293672100117,APPROACH,BSPLINE,/home/eunseop/nrs_imitation/checkpoints/bspline/polishing/single_cam/20260808_0153,317.44549560546875,297.8045959472656,203.71868896484375,-9.611556379240938e-06,-2.6238452846882865e-05,1.5624823570251465,0.33341488242149353,-0.27902621030807495,-0.17112867534160614,354.3709716796875,290.0917663574219,227.258056640625,-0.0718691274523735,-0.07490186393260956,1.4217724800109863,0.0,0.0,0.0,0,0
1786183700.972044,11.690954296005657,APPROACH,BSPLINE,/home/eunseop/nrs_imitation/checkpoints/bspline/polishing/single_cam/20260808_0153,317.4263610839844,297.7984313964844,203.69325256347656,2.284564652654808e-05,6.045792133591021e-07,1.5624703168869019,0.1146445944905281,-0.0003102517803199589,0.1261465698480606,354.3709716796875,290.0917663574219,227.258056640625,-0.0718691274523735,-0.07490186393260956,1.4217724800109863,0.0,0.0,0.0,0,0
1786183700.9800692,11.698979376000352,APPROACH,BSPLINE,/home/eunseop/nrs_imitation/checkpoints/bspline/polishing/single_cam/20260808_0153,317.4293518066406,297.8275146484375,203.728759765625,2.5784374884096906e-05,-8.303256618091837e-05,1.5624942779541016,0.10302841663360596,-0.3334740698337555,-0.383517324924469,354.3709716796875,290.0917663574219,227.258056640625,-0.0718691274523735,-0.07490186393260956,1.4217724800109863,0.0,0.0,0.0,0,0
1786183700.988111,11.707021516995155,APPROACH,BSPLINE,/home/eunseop/nrs_imitation/checkpoints/bspline/polishing/single_cam/20260808_0153,317.43994140625,297.8050537109375,203.72488403320312,4.945556429447606e-05,-3.236356133129448e-05,1.5624223947525024,0.027627239003777504,0.006071774754673243,-0.38216879963874817,354.3709716796875,290.0917663574219,227.258056640625,-0.0718691274523735,-0.07490186393260956,1.4217724800109863,0.0,0.0,0.0,0,0
1786183700.9960723,11.714982484001666,APPROACH,BSPLINE,/home/eunseop/nrs_imitation/checkpoints/bspline/polishing/single_cam/20260808_0153,317.4382019042969,297.7884826660156,203.70828247070312,-2.2306152459350415e-05,-3.042818934773095e-05,1.5624704360961914,0.08302830904722214,-0.2737220227718353,-0.059793855994939804,354.3709716796875,290.0917663574219,227.258056640625,-0.0718691274523735,-0.07490186393260956,1.4217724800109863,0.0,0.0,0.0,0,0
1786183701.0040228,11.722933110999293,APPROACH,BSPLINE,/home/eunseop/nrs_imitation/checkpoints/bspline/polishing/single_cam/20260808_0153,317.422119140625,297.8122863769531,203.7150115966797,2.7484478778205812e-05,-1.178013098979136e-05,1.5624463558197021,0.4675505459308624,0.13949599862098694,0.5482051372528076,354.3709716796875,290.0917663574219,227.258056640625,-0.0718691274523735,-0.07490186393260956,1.4217724800109863,0.0,0.0,0.0,0,0
1786183701.0120478,11.73095834099513,APPROACH,BSPLINE,/home/eunseop/nrs_imitation/checkpoints/bspline/polishing/single_cam/20260808_0153,317.4521484375,297.8421630859375,203.76828002929688,4.159973104833625e-05,-0.00016297702677547932,1.5624942779541016,0.07492318004369736,-0.29483890533447266,0.013771994970738888,354.3709716796875,290.0917663574219,227.258056640625,-0.0718691274523735,-0.07490186393260956,1.4217724800109863,0.0,0.0,0.0,0,0
1786183701.020118,11.739028427007725,APPROACH,BSPLINE,/home/eunseop/nrs_imitation/checkpoints/bspline/polishing/single_cam/20260808_0153,317.45904541015625,297.81097412109375,203.72962951660156,4.3033401198044885e-06,-6.339552055578679e-05,1.5624463558197021,0.07517410069704056,-0.3325658142566681,0.3326531648635864,354.3709716796875,290.0917663574219,227.258056640625,-0.0718691274523735,-0.07490186393260956,1.4217724800109863,0.0,0.0,0.0,0,0
1786183701.0280359,11.746946109997225,APPROACH,BSPLINE,/home/eunseop/nrs_imitation/checkpoints/bspline/polishing/single_cam/20260808_0153,317.4254150390625,297.78436279296875,203.6707305908203,-2.060353654087521e-05,4.082446685060859e-05,1.5625063180923462,0.1033293604850769,-0.4755605161190033,-0.3081911504268646,354.3709716796875,290.0917663574219,227.258056640625,-0.0718691274523735,-0.07490186393260956,1.4217724800109863,0.0,0.0,0.0,0,0
1786183701.0360136,11.754923828993924,APPROACH,BSPLINE,/home/eunseop/nrs_imitation/checkpoints/bspline/polishing/single_cam/20260808_0153,317.4350280761719,297.8172607421875,203.7239532470703,4.603755587595515e-05,-6.132485577836633e-05,1.5624942779541016,-0.05683818459510803,-0.07464984059333801,0.35461363196372986,354.3709716796875,290.0917663574219,227.258056640625,-0.0718691274523735,-0.07490186393260956,1.4217724800109863,0.0,0.0,0.0,0,0
1786183701.0440774,11.762987652007723,APPROACH,BSPLINE,/home/eunseop/nrs_imitation/checkpoints/bspline/polishing/single_cam/20260808_0153,317.4311218261719,297.7975158691406,203.72462463378906,4.9270416639046744e-05,-3.186754111084156e-05,1.5624223947525024,0.4774964153766632,-0.2042711079120636,-0.10500919818878174,354.3709716796875,290.0917663574219,227.258056640625,-0.0718691274523735,-0.07490186393260956,1.4217724800109863,0.0,0.0,0.0,0,0
1786183701.0526605,11.771570860000793,APPROACH,BSPLINE,/home/eunseop/nrs_imitation/checkpoints/bspline/polishing/single_cam/20260808_0153,317.44671630859375,297.7843017578125,203.6952362060547,-6.688117991870968e-06,3.666897555376636e-06,1.5623983144760132,0.3484937846660614,-0.3414873480796814,-0.27283573150634766,354.3709716796875,290.0917663574219,227.258056640625,-0.0718691274523735,-0.07490186393260956,1.4217724800109863,0.0,0.0,0.0,0,0
1786183701.060108,11.779018543995335,APPROACH,BSPLINE,/home/eunseop/nrs_imitation/checkpoints/bspline/polishing/single_cam/20260808_0153,317.431640625,297.8215026855469,203.71267700195312,4.158623414696194e-05,-4.943263775203377e-05,1.5624463558197021,0.11880527436733246,-0.26976534724235535,0.02407040260732174,354.3709716796875,290.0917663574219,227.258056640625,-0.0718691274523735,-0.07490186393260956,1.4217724800109863,0.0,0.0,0.0,0,0
1786183701.0680463,11.78695663700637,APPROACH,BSPLINE,/home/eunseop/nrs_imitation/checkpoints/bspline/polishing/single_cam/20260808_0153,317.43243408203125,297.81158447265625,203.71388244628906,2.3031032469589263e-05,1.0970089192596788e-07,1.5624223947525024,0.2004455327987671,-0.2282993495464325,0.2420203536748886,354.3709716796875,290.0917663574219,227.258056640625,-0.0718691274523735,-0.07490186393260956,1.4217724800109863,0.0,0.0,0.0,0,0
1786183701.0769835,11.795893882997916,APPROACH,BSPLINE,/home/eunseop/nrs_imitation/checkpoints/bspline/polishing/single_cam/20260808_0153,317.45538330078125,297.8145751953125,203.74122619628906,8.942145541368518e-06,-7.578134682262316e-05,1.5624583959579468,0.32736366987228394,-0.21474285423755646,-0.06365664303302765,354.3709716796875,290.0917663574219,227.258056640625,-0.0718691274523735,-0.07490186393260956,1.4217724800109863,0.0,0.0,0.0,0,0
1786183701.08403,11.80294033899554,APPROACH,BSPLINE,/home/eunseop/nrs_imitation/checkpoints/bspline/polishing/single_cam/20260808_0153,317.4480895996094,297.8223571777344,203.74740600585938,4.311480006435886e-05,-9.122920891968533e-05,1.5624464750289917,0.07314760982990265,-0.29403504729270935,0.0716344490647316,354.3709716796875,290.0917663574219,227.258056640625,-0.0718691274523735,-0.07490186393260956,1.4217724800109863,0.0,0.0,0.0,0,0
1786183701.0920424,11.810952764004469,APPROACH,BSPLINE,/home/eunseop/nrs_imitation/checkpoints/bspline/polishing/single_cam/20260808_0153,317.42633056640625,297.7987365722656,203.7090606689453,5.3909418056719005e-05,-4.425254519446753e-05,1.5624223947525024,0.34068459272384644,-0.3978469669818878,-0.024605868384242058,354.3709716796875,290.0917663574219,227.258056640625,-0.0718691274523735,-0.07490186393260956,1.4217724800109863,0.0,0.0,0.0,0,0
1786183701.1000473,11.818957894996856,APPROACH,BSPLINE,/home/eunseop/nrs_imitation/checkpoints/bspline/polishing/single_cam/20260808_0153,317.437744140625,297.8224792480469,203.73587036132812,1.3582764040620532e-05,-8.816734043648466e-05,1.5625063180923462,-0.007944995537400246,-0.15455570816993713,0.4266599714756012,354.3709716796875,290.0917663574219,227.258056640625,-0.0718691274523735,-0.07490186393260956,1.4217724800109863,0.0,0.0,0.0,0,0
1786183701.108039,11.826949310998316,APPROACH,BSPLINE,/home/eunseop/nrs_imitation/checkpoints/bspline/polishing/single_cam/20260808_0153,317.4622802734375,297.80633544921875,203.73443603515625,8.941204214352183e-06,-7.578120130347088e-05,1.5624343156814575,0.20533400774002075,-0.23422861099243164,-0.10973559319972992,354.3709716796875,290.0917663574219,227.258056640625,-0.0718691274523735,-0.07490186393260956,1.4217724800109863,0.0,0.0,0.0,0,0
1786183701.1160989,11.83500919600192,APPROACH,BSPLINE,/home/eunseop/nrs_imitation/checkpoints/bspline/polishing/single_cam/20260808_0153,317.43963623046875,297.8150329589844,203.7296905517578,4.30637783210841e-06,-6.339531682897359e-05,1.5624463558197021,0.4067455232143402,-0.1769515872001648,0.5365159511566162,354.3709716796875,290.0917663574219,227.258056640625,-0.0718691274523735,-0.07490186393260956,1.4217724800109863,0.0,0.0,0.0,0,0
1786183701.1240635,11.842973849998089,APPROACH,BSPLINE,/home/eunseop/nrs_imitation/checkpoints/bspline/polishing/single_cam/20260808_0153,317.427734375,297.81298828125,203.7163848876953,3.212274896213785e-05,-2.4166973162209615e-05,1.5624943971633911,0.2023877203464508,0.004894142504781485,0.4040047824382782,354.3709716796875,290.0917663574219,227.258056640625,-0.0718691274523735,-0.07490186393260956,1.4217724800109863,0.0,0.0,0.0,0,0
1786183701.13203,11.850940338001237,APPROACH,BSPLINE,/home/eunseop/nrs_imitation/checkpoints/bspline/polishing/single_cam/20260808_0153,317.4376220703125,297.8223876953125,203.71434020996094,1.1867166904266924e-05,-4.5875582145527005e-05,1.5624582767486572,-0.14325465261936188,-0.16587147116661072,-0.5521984100341797,354.3709716796875,290.0917663574219,227.258056640625,-0.0718691274523735,-0.07490186393260956,1.4217724800109863,0.0,0.0,0.0,0,0
1786183701.1400194,11.858929798996542,APPROACH,BSPLINE,/home/eunseop/nrs_imitation/checkpoints/bspline/polishing/single_cam/20260808_0153,317.4207763671875,297.8215637207031,203.7296905517578,6.648086127825081e-05,-4.0110080590238795e-05,1.5624823570251465,0.174367755651474,-0.030921651050448418,-0.23917549848556519,354.3709716796875,290.0917663574219,227.258056640625,-0.0718691274523735,-0.07490186393260956,1.4217724800109863,0.0,0.0,0.0,0,0
1786183701.1480098,11.866920132000814,APPROACH,BSPLINE,/home/eunseop/nrs_imitation/checkpoints/bspline/polishing/single_cam/20260808_0153,317.4248962402344,297.8186950683594,203.72256469726562,5.3909767302684486e-05,-4.4252839870750904e-05,1.5624704360961914,0.2498219758272171,-0.2779003083705902,-0.38911691308021545,354.3709716796875,290.0917663574219,227.258056640625,-0.0718691274523735,-0.07490186393260956,1.4217724800109863,0.0,0.0,0.0,0,0
1786183701.1562119,11.87512235000031,APPROACH,BSPLINE,/home/eunseop/nrs_imitation/checkpoints/bspline/polishing/single_cam/20260808_0153,317.4374694824219,297.7992858886719,203.7037353515625,1.0645404472597875e-05,-4.529405032371869e-06,1.5624583959579468,0.3627224266529083,-0.152348592877388,-0.25322794914245605,354.3709716796875,290.0917663574219,227.258056640625,-0.0718691274523735,-0.07490186393260956,1.4217724800109863,0.0,0.0,0.0,0,0
1786183701.1639943,11.88290476500697,APPROACH,BSPLINE,/home/eunseop/nrs_imitation/checkpoints/bspline/polishing/single_cam/20260808_0153,317.421875,297.8005065917969,203.69325256347656,3.535523865139112e-05,5.289462933433242e-06,1.5624703168869019,0.270016074180603,-0.4131150543689728,-0.2511422634124756,354.3709716796875,290.0917663574219,227.258056640625,-0.0718691274523735,-0.07490186393260956,1.4217724800109863,0.0,0.0,0.0,0,0
1786183701.1720402,11.890950624001562,APPROACH,BSPLINE,/home/eunseop/nrs_imitation/checkpoints/bspline/polishing/single_cam/20260808_0153,317.4261169433594,297.8213806152344,203.70358276367188,5.8548659580992535e-05,-5.663807314704172e-05,1.5624583959579468,0.294556200504303,-0.1530836671590805,0.4279255270957947,354.3709716796875,290.0917663574219,227.258056640625,-0.0718691274523735,-0.07490186393260956,1.4217724800109863,0.0,0.0,0.0,0,0
1786183701.180144,11.899054684996372,APPROACH,BSPLINE,/home/eunseop/nrs_imitation/checkpoints/bspline/polishing/single_cam/20260808_0153,317.43707275390625,297.8099060058594,203.73226928710938,1.528410030005034e-05,-1.6914847947191447e-05,1.5624463558197021,0.005863790865987539,-0.22734449803829193,-0.6353244781494141,354.3709716796875,290.0917663574219,227.258056640625,-0.0718691274523735,-0.07490186393260956,1.4217724800109863,0.0,0.0,0.0,0,0
1786183701.1880724,11.906982729007723,APPROACH,BSPLINE,/home/eunseop/nrs_imitation/checkpoints/bspline/polishing/single_cam/20260808_0153,317.4512939453125,297.81744384765625,203.74343872070312,3.988089883932844e-05,-0.00012068634532624856,1.5624704360961914,0.23991906642913818,-0.32822126150131226,0.521010160446167,354.3709716796875,290.0917663574219,227.258056640625,-0.0718691274523735,-0.07490186393260956,1.4217724800109863,0.0,0.0,0.0,0,0
1786183701.1960485,11.914958673994988,APPROACH,BSPLINE,/home/eunseop/nrs_imitation/checkpoints/bspline/polishing/single_cam/20260808_0153,317.4289245605469,297.82708740234375,203.73304748535156,4.158613592153415e-05,-4.9433132517151535e-05,1.5624823570251465,0.2857747972011566,-0.2825832664966583,-0.026007935404777527,354.3709716796875,290.0917663574219,227.258056640625,-0.0718691274523735,-0.07490186393260956,1.4217724800109863,0.0,0.0,0.0,0,0
1786183701.2040236,11.92293387799873,APPROACH,BSPLINE,/home/eunseop/nrs_imitation/checkpoints/bspline/polishing/single_cam/20260808_0153,317.45074462890625,297.79266357421875,203.7150115966797,-2.2306661776383407e-05,-3.0427740057348274e-05,1.5624583959579468,0.40472981333732605,-0.698092520236969,-0.5956542491912842,354.3709716796875,290.0917663574219,227.258056640625,-0.0718691274523735,-0.07490186393260956,1.4217724800109863,0.0,0.0,0.0,0,0
1786183701.2120073,11.930917557998328,APPROACH,BSPLINE,/home/eunseop/nrs_imitation/checkpoints/bspline/polishing/single_cam/20260808_0153,317.4490661621094,297.8010559082031,203.7344970703125,2.1328209186322056e-05,-7.114245090633631e-05,1.5624223947525024,0.07288218289613724,-0.3617360293865204,0.06470505148172379,354.3709716796875,290.0917663574219,227.258056640625,-0.0718691274523735,-0.07490186393260956,1.4217724800109863,0.0,0.0,0.0,0,0
1786183701.2200894,11.938999677004176,APPROACH,BSPLINE,/home/eunseop/nrs_imitation/checkpoints/bspline/polishing/single_cam/20260808_0153,317.4544677734375,297.8125915527344,203.72052001953125,8.7579219325562e-06,-7.528538844780996e-05,1.5624223947525024,0.11012080311775208,-0.36159399151802063,-0.8516379594802856,354.3709716796875,290.0917663574219,227.258056640625,-0.0718691274523735,-0.07490186393260956,1.4217724800109863,0.0,0.0,0.0,0,0
1786183701.2280545,11.946964791000937,APPROACH,BSPLINE,/home/eunseop/nrs_imitation/checkpoints/bspline/polishing/single_cam/20260808_0153,317.4370422363281,297.80938720703125,203.7028045654297,-5.157748091733083e-06,-3.8128928281366825e-05,1.5624823570251465,0.1726449579000473,-0.3602582812309265,-0.01685616932809353,354.3709716796875,290.0917663574219,227.258056640625,-0.0718691274523735,-0.07490186393260956,1.4217724800109863,0.0,0.0,0.0,0,0
1786183701.2360563,11.954966746998252,APPROACH,BSPLINE,/home/eunseop/nrs_imitation/checkpoints/bspline/polishing/single_cam/20260808_0153,317.4305114746094,297.8190612792969,203.72007751464844,3.230876609450206e-05,-2.4661234419909306e-05,1.562434434890747,0.3343552350997925,-0.41943711042404175,-0.3529701232910156,354.3709716796875,290.0917663574219,227.258056640625,-0.0718691274523735,-0.07490186393260956,1.4217724800109863,0.0,0.0,0.0,0,0
1786183701.2440915,11.963001854994218,APPROACH,BSPLINE,/home/eunseop/nrs_imitation/checkpoints/bspline/polishing/single_cam/20260808_0153,317.44390869140625,297.8128967285156,203.74746704101562,3.0606923246523365e-05,-9.591336856829002e-05,1.5624343156814575,0.6135207414627075,-0.1276756376028061,-0.20799104869365692,354.3709716796875,290.0917663574219,227.258056640625,-0.0718691274523735,-0.07490186393260956,1.4217724800109863,0.0,0.0,0.0,0,0
1786183701.2521567,11.97106703100144,APPROACH,BSPLINE,/home/eunseop/nrs_imitation/checkpoints/bspline/polishing/single_cam/20260808_0153,317.44049072265625,297.8059997558594,203.7296905517578,4.158422234468162e-05,-4.943446401739493e-05,1.5624583959579468,0.3340606391429901,-0.36148935556411743,-0.12687715888023376,354.3709716796875,290.0917663574219,227.258056640625,-0.0718691274523735,-0.07490186393260956,1.4217724800109863,0.0,0.0,0.0,0,0
1786183701.2600396,11.978950039003394,APPROACH,BSPLINE,/home/eunseop/nrs_imitation/checkpoints/bspline/polishing/single_cam/20260808_0153,317.4359130859375,297.8190002441406,203.73587036132812,3.84777995350305e-05,-7.884294609539211e-05,1.5624583959579468,0.3593505322933197,-0.24760983884334564,-0.38124045729637146,354.3709716796875,290.0917663574219,227.258056640625,-0.0718691274523735,-0.07490186393260956,1.4217724800109863,0.0,0.0,0.0,0,0
1786183701.2680542,11.986964718002127,APPROACH,BSPLINE,/home/eunseop/nrs_imitation/checkpoints/bspline/polishing/single_cam/20260808_0153,317.422119140625,297.7890625,203.68629455566406,-1.2732301911455579e-05,5.789512215415016e-05,1.5625063180923462,0.12664809823036194,-0.5106843113899231,-0.0428495854139328,354.3709716796875,290.0917663574219,227.258056640625,-0.0718691274523735,-0.07490186393260956,1.4217724800109863,0.0,0.0,0.0,0,0
1786183701.276742,11.9956522660068,APPROACH,BSPLINE,/home/eunseop/nrs_imitation/checkpoints/bspline/polishing/single_cam/20260808_0153,317.43023681640625,297.8299255371094,203.714111328125,4.641041232389398e-05,-6.231423321878538e-05,1.5624823570251465,0.23463724553585052,-0.35492539405822754,-0.4243134558200836,354.3709716796875,290.0917663574219,227.258056640625,-0.0718691274523735,-0.07490186393260956,1.4217724800109863,0.0,0.0,0.0,0,0
1786183701.2841632,12.00307371999952,APPROACH,BSPLINE,/home/eunseop/nrs_imitation/checkpoints/bspline/polishing/single_cam/20260808_0153,317.44622802734375,297.81744384765625,203.71914672851562,-8.388564310735092e-06,-6.758521340088919e-05,1.5624463558197021,0.03652074560523033,-0.28445732593536377,-0.11477355659008026,354.3709716796875,290.0917663574219,227.258056640625,-0.0718691274523735,-0.07490186393260956,1.4217724800109863,0.0,0.0,0.0,0,0
1786183701.2921576,12.011068171006627,APPROACH,BSPLINE,/home/eunseop/nrs_imitation/checkpoints/bspline/polishing/single_cam/20260808_0153,317.4518737792969,297.79534912109375,203.72830200195312,-3.3469075333414366e-07,-5.1009690650971606e-05,1.562434434890747,0.3968264162540436,-0.34669065475463867,-0.40393826365470886,354.3709716796875,290.0917663574219,227.258056640625,-0.0718691274523735,-0.07490186393260956,1.4217724800109863,0.0,0.0,0.0,0,0
1786183701.3001497,12.019060267004534,APPROACH,BSPLINE,/home/eunseop/nrs_imitation/checkpoints/bspline/polishing/single_cam/20260808_0153,317.43646240234375,297.80810546875,203.73080444335938,8.759315278439317e-06,-7.528559945058078e-05,1.5624582767486572,0.1674928367137909,-0.1546357274055481,-0.25145721435546875,354.3709716796875,290.0917663574219,227.258056640625,-0.0718691274523735,-0.07490186393260956,1.4217724800109863,0.0,0.0,0.0,0,0
1786183701.3081467,12.027057182000135,APPROACH,BSPLINE,/home/eunseop/nrs_imitation/checkpoints/bspline/polishing/single_cam/20260808_0153,317.44989013671875,297.8258056640625,203.75933837890625,2.304436929989606e-05,-0.00011343410005792975,1.5624823570251465,0.10760779678821564,0.0262905266135931,-0.3980467915534973,354.3709716796875,290.0917663574219,227.258056640625,-0.0718691274523735,-0.07490186393260956,1.4217724800109863,0.0,0.0,0.0,0,0
1786183701.3161476,12.035057845001575,APPROACH,BSPLINE,/home/eunseop/nrs_imitation/checkpoints/bspline/polishing/single_cam/20260808_0153,317.42449951171875,297.8178405761719,203.7393035888672,6.337229569908231e-05,-6.95201160851866e-05,1.5624823570251465,0.03922240436077118,0.02943204529583454,0.2216896265745163,354.3709716796875,290.0917663574219,227.258056640625,-0.0718691274523735,-0.07490186393260956,1.4217724800109863,0.0,0.0,0.0,0,0
1786183701.324079,12.042989535999368,APPROACH,BSPLINE,/home/eunseop/nrs_imitation/checkpoints/bspline/polishing/single_cam/20260808_0153,317.43402099609375,297.8035888671875,203.69601440429688,3.212244700989686e-05,-2.4167045921785757e-05,1.5624583959579468,0.20815174281597137,-0.38798367977142334,-0.17765629291534424,354.3709716796875,290.0917663574219,227.258056640625,-0.0718691274523735,-0.07490186393260956,1.4217724800109863,0.0,0.0,0.0,0,0
1786183701.3322155,12.051126118996763,APPROACH,BSPLINE,/home/eunseop/nrs_imitation/checkpoints/bspline/polishing/single_cam/20260808_0153,317.43310546875,297.8244323730469,203.72625732421875,2.9199909477028996e-05,-5.4072384955361485e-05,1.5625063180923462,0.32431310415267944,-0.15070052444934845,0.16956911981105804,354.3709716796875,290.0917663574219,227.258056640625,-0.0718691274523735,-0.07490186393260956,1.4217724800109863,0.0,0.0,0.0,0,0
1786183701.3402221,12.059132802998647,APPROACH,BSPLINE,/home/eunseop/nrs_imitation/checkpoints/bspline/polishing/single_cam/20260808_0153,317.4475402832031,297.809326171875,203.73587036132812,2.596814010757953e-05,-8.352750592166558e-05,1.5624104738235474,0.23446176946163177,-0.3516617715358734,-0.24793638288974762,354.3709716796875,290.0917663574219,227.258056640625,-0.0718691274523735,-0.07490186393260956,1.4217724800109863,0.0,0.0,0.0,0,0
1786183701.3481722,12.067082777997712,APPROACH,BSPLINE,/home/eunseop/nrs_imitation/checkpoints/bspline/polishing/single_cam/20260808_0153,317.43463134765625,297.8280029296875,203.71090698242188,3.6761579394806176e-05,-3.6552191886585206e-05,1.5624704360961914,0.21987541019916534,-0.37257272005081177,-0.019473325461149216,354.3709716796875,290.0917663574219,227.258056640625,-0.0718691274523735,-0.07490186393260956,1.4217724800109863,0.0,0.0,0.0,0,0
1786183701.356182,12.075092597995535,APPROACH,BSPLINE,/home/eunseop/nrs_imitation/checkpoints/bspline/polishing/single_cam/20260808_0153,317.42791748046875,297.8139343261719,203.7296905517578,6.648069393122569e-05,-4.0108890971168876e-05,1.5624104738235474,0.16539904475212097,-0.11372118443250656,0.1673201471567154,354.3709716796875,290.0917663574219,227.258056640625,-0.0718691274523735,-0.07490186393260956,1.4217724800109863,0.0,0.0,0.0,0,0
1786183701.364077,12.082987608999247,APPROACH,BSPLINE,/home/eunseop/nrs_imitation/checkpoints/bspline/polishing/single_cam/20260808_0153,317.4527893066406,297.7968444824219,203.70059204101562,-4.860768240178004e-05,2.090495854645269e-06,1.5624583959579468,0.293113648891449,-0.44609272480010986,-0.2886023223400116,354.3709716796875,290.0917663574219,227.258056640625,-0.0718691274523735,-0.07490186393260956,1.4217724800109863,0.0,0.0,0.0,0,0
1786183701.3721535,12.091064127002028,APPROACH,BSPLINE,/home/eunseop/nrs_imitation/checkpoints/bspline/polishing/single_cam/20260808_0153,317.4305114746094,297.8190612792969,203.72007751464844,3.230819493182935e-05,-2.466263686073944e-05,1.5625063180923462,0.4226122200489044,-0.4001295268535614,-0.7507227063179016,354.3709716796875,290.0917663574219,227.258056640625,-0.0718691274523735,-0.07490186393260956,1.4217724800109863,0.0,0.0,0.0,0,0
1786183701.3802018,12.099112140000216,APPROACH,BSPLINE,/home/eunseop/nrs_imitation/checkpoints/bspline/polishing/single_cam/20260808_0153,317.4295654296875,297.8406066894531,203.74879455566406,8.503518620273098e-05,-8.965299639385194e-05,1.5624823570251465,0.07389388233423233,0.09889400750398636,0.15457622706890106,354.3709716796875,290.0917663574219,227.258056640625,-0.0718691274523735,-0.07490186393260956,1.4217724800109863,0.0,0.0,0.0,0,0
1786183701.3881564,12.107066975004273,APPROACH,BSPLINE,/home/eunseop/nrs_imitation/checkpoints/bspline/polishing/single_cam/20260808_0153,317.4231872558594,297.8150329589844,203.72830200195312,4.9456550186732784e-05,-3.236293196096085e-05,1.5624823570251465,0.2583153247833252,-0.48568153381347656,-0.03586612269282341,354.3709716796875,290.0917663574219,227.258056640625,-0.0718691274523735,-0.07490186393260956,1.4217724800109863,0.0,0.0,0.0,0,0
1786183701.3962054,12.115115890002926,APPROACH,BSPLINE,/home/eunseop/nrs_imitation/checkpoints/bspline/polishing/single_cam/20260808_0153,317.4286804199219,297.83819580078125,203.74542236328125,6.0141745052533224e-05,-9.897562267724425e-05,1.5624943971633911,0.284502774477005,-0.06604962050914764,-0.0281022060662508,354.3709716796875,290.0917663574219,227.258056640625,-0.0718691274523735,-0.07490186393260956,1.4217724800109863,0.0,0.0,0.0,0,0
1786183701.4041564,12.123066888001631,APPROACH,BSPLINE,/home/eunseop/nrs_imitation/checkpoints/bspline/polishing/single_cam/20260808_0153,317.4364013671875,297.8079528808594,203.70082092285156,-5.190198066884477e-07,-5.051460539107211e-05,1.5624823570251465,0.4201699495315552,-0.021816357970237732,-0.1085842102766037,354.3709716796875,290.0917663574219,227.258056640625,-0.0718691274523735,-0.07490186393260956,1.4217724800109863,0.0,0.0,0.0,0,0
1786183701.4120386,12.130948984005954,APPROACH,BSPLINE,/home/eunseop/nrs_imitation/checkpoints/bspline/polishing/single_cam/20260808_0153,317.4322204589844,297.8111572265625,203.732177734375,5.067771780886687e-05,-7.370856474153697e-05,1.5624343156814575,0.12983113527297974,-0.29830923676490784,-0.03163908049464226,354.3709716796875,290.0917663574219,227.258056640625,-0.0718691274523735,-0.07490186393260956,1.4217724800109863,0.0,0.0,0.0,0,0
1786183701.4201593,12.139069855998969,APPROACH,BSPLINE,/home/eunseop/nrs_imitation/checkpoints/bspline/polishing/single_cam/20260808_0153,317.448486328125,297.79962158203125,203.70510864257812,-9.611869245418347e-06,-2.623833825055044e-05,1.5624823570251465,0.23491832613945007,-0.0781901553273201,0.1281401515007019,354.3709716796875,290.0917663574219,227.258056640625,-0.0718691274523735,-0.07490186393260956,1.4217724800109863,0.0,0.0,0.0,0,0
1786183701.4281533,12.147063905998948,APPROACH,BSPLINE,/home/eunseop/nrs_imitation/checkpoints/bspline/polishing/single_cam/20260808_0153,317.4476318359375,297.82135009765625,203.72195434570312,3.847590778605081e-05,-7.884387014200911e-05,1.5624583959579468,0.010309064760804176,0.1686335653066635,0.283206582069397,354.3709716796875,290.0917663574219,227.258056640625,-0.0718691274523735,-0.07490186393260956,1.4217724800109863,0.0,0.0,0.0,0,0
1786183701.4361506,12.155060912002227,APPROACH,BSPLINE,/home/eunseop/nrs_imitation/checkpoints/bspline/polishing/single_cam/20260808_0153,317.4170837402344,297.80133056640625,203.71539306640625,2.766995021374896e-05,-1.22761102829827e-05,1.5624823570251465,0.13368789851665497,-0.02224799245595932,-0.047382939606904984,354.3709716796875,290.0917663574219,227.258056640625,-0.0718691274523735,-0.07490186393260956,1.4217724800109863,0.0,0.0,0.0,0,0
1786183701.4441085,12.16301902399573,APPROACH,BSPLINE,/home/eunseop/nrs_imitation/checkpoints/bspline/polishing/single_cam/20260808_0153,317.45892333984375,297.79815673828125,203.697998046875,-5.958705150987953e-05,-4.439051917870529e-05,1.5624704360961914,0.24536442756652832,-0.3716687560081482,-0.21428577601909637,354.3709716796875,290.0917663574219,227.258056640625,-0.0718691274523735,-0.07490186393260956,1.4217724800109863,0.0,0.0,0.0,0,0
1786183701.4520226,12.170932890003314,APPROACH,BSPLINE,/home/eunseop/nrs_imitation/checkpoints/bspline/polishing/single_cam/20260808_0153,317.4294128417969,297.78125,203.6871337890625,-2.371249684074428e-05,1.1414208529458847e-05,1.5624943971633911,0.19434018433094025,-0.5612387657165527,-0.2732364237308502,354.3709716796875,290.0917663574219,227.258056640625,-0.0718691274523735,-0.07490186393260956,1.4217724800109863,0.0,0.0,0.0,0,0
1786183701.460181,12.179091455007438,APPROACH,BSPLINE,/home/eunseop/nrs_imitation/checkpoints/bspline/polishing/single_cam/20260808_0153,317.4228210449219,297.8142395019531,203.72119140625,4.927144982502796e-05,-3.186611502314918e-05,1.562434434890747,0.19288049638271332,-0.12979473173618317,0.05262579768896103,354.3709716796875,290.0917663574219,227.258056640625,-0.0718691274523735,-0.07490186393260956,1.4217724800109863,0.0,0.0,0.0,0,0
1786183701.4681528,12.187063192002825,APPROACH,BSPLINE,/home/eunseop/nrs_imitation/checkpoints/bspline/polishing/single_cam/20260808_0153,317.432861328125,297.80145263671875,203.7099151611328,5.720296030631289e-05,-1.5340265235863626e-05,1.5624463558197021,0.1888238489627838,-0.13216841220855713,0.0001432247372576967,354.3709716796875,290.0917663574219,227.258056640625,-0.0718691274523735,-0.07490186393260956,1.4217724800109863,0.0,0.0,0.0,0,0
1786183701.4761453,12.195055509000667,APPROACH,BSPLINE,/home/eunseop/nrs_imitation/checkpoints/bspline/polishing/single_cam/20260808_0153,317.447998046875,297.7989501953125,203.7041778564453,2.4374545319005847e-05,-4.119136792724021e-05,1.5624343156814575,0.1845851093530655,-0.3428124487400055,0.18815776705741882,354.3709716796875,290.0917663574219,227.258056640625,-0.0718691274523735,-0.07490186393260956,1.4217724800109863,0.0,0.0,0.0,0,0
1786183701.4848754,12.203785917998175,APPROACH,BSPLINE,/home/eunseop/nrs_imitation/checkpoints/bspline/polishing/single_cam/20260808_0153,317.4256591796875,297.8085021972656,203.7269287109375,3.2308573281625286e-05,-2.4661701900186017e-05,1.5624583959579468,0.3069078028202057,-0.237614706158638,-0.7209161520004272,354.3709716796875,290.0917663574219,227.258056640625,-0.0718691274523735,-0.07490186393260956,1.4217724800109863,0.0,0.0,0.0,0,0
1786183701.4921598,12.21107041000505,APPROACH,BSPLINE,/home/eunseop/nrs_imitation/checkpoints/bspline/polishing/single_cam/20260808_0153,317.4505615234375,297.7922668457031,203.7085418701172,-2.212068284279667e-05,-3.092333281529136e-05,1.562434434890747,0.1668921262025833,-0.3275478482246399,0.09934061765670776,354.3709716796875,290.0917663574219,227.258056640625,-0.0718691274523735,-0.07490186393260956,1.4217724800109863,0.0,0.0,0.0,0,0
1786183701.500181,12.219091492006555,APPROACH,BSPLINE,/home/eunseop/nrs_imitation/checkpoints/bspline/polishing/single_cam/20260808_0153,317.4433898925781,297.8231201171875,203.7372589111328,1.821972728066612e-05,-0.00010055354505311698,1.5625182390213013,0.3020438253879547,-0.2298794537782669,0.671170175075531,354.3709716796875,290.0917663574219,227.258056640625,-0.0718691274523735,-0.07490186393260956,1.4217724800109863,0.0,0.0,0.0,0,0
1786183701.5081728,12.227083247998962,APPROACH,BSPLINE,/home/eunseop/nrs_imitation/checkpoints/bspline/polishing/single_cam/20260808_0153,317.4607238769531,297.8146057128906,203.73580932617188,1.3579501683125272e-05,-8.81672531249933e-05,1.5624583959579468,0.2323383241891861,-0.3451022505760193,-0.44852161407470703,354.3709716796875,290.0917663574219,227.258056640625,-0.0718691274523735,-0.07490186393260956,1.4217724800109863,0.0,0.0,0.0,0,0
1786183701.5161204,12.2350307089946,APPROACH,BSPLINE,/home/eunseop/nrs_imitation/checkpoints/bspline/polishing/single_cam/20260808_0153,317.452392578125,297.8196105957031,203.72024536132812,1.8220180209027603e-05,-0.00010055261373054236,1.5624583959579468,0.21872785687446594,-0.1143978089094162,-0.21039517223834991,354.3709716796875,290.0917663574219,227.258056640625,-0.0718691274523735,-0.07490186393260956,1.4217724800109863,0.0,0.0,0.0,0,0
1786183701.5240762,12.242986675002612,APPROACH,BSPLINE,/home/eunseop/nrs_imitation/checkpoints/bspline/polishing/single_cam/20260808_0153,317.4383544921875,297.8243103027344,203.72052001953125,3.365353404660709e-05,-6.596188904950395e-05,1.5624583959579468,0.38567915558815,-0.4115217626094818,0.6084024906158447,354.3709716796875,290.0917663574219,227.258056640625,-0.0718691274523735,-0.07490186393260956,1.4217724800109863,0.0,0.0,0.0,0,0
1786183701.5320754,12.25098582499777,APPROACH,BSPLINE,/home/eunseop/nrs_imitation/checkpoints/bspline/polishing/single_cam/20260808_0153,317.45208740234375,297.8075866699219,203.70306396484375,7.412611921608914e-06,-3.3985583286266774e-05,1.562434434890747,0.2553298771381378,0.07667507976293564,0.38499465584754944,354.3709716796875,290.0917663574219,227.258056640625,-0.0718691274523735,-0.07490186393260956,1.4217724800109863,0.0,0.0,0.0,0,0
1786183701.5401578,12.259068054001546,APPROACH,BSPLINE,/home/eunseop/nrs_imitation/checkpoints/bspline/polishing/single_cam/20260808_0153,317.4397277832031,297.7923278808594,203.713623046875,-2.0495665467024082e-06,-8.718770914128982e-06,1.5624223947525024,-0.03142860531806946,-0.5344697833061218,-0.49089983105659485,354.3709716796875,290.0917663574219,227.258056640625,-0.0718691274523735,-0.07490186393260956,1.4217724800109863,0.0,0.0,0.0,0,0
1786183701.54815,12.26706052100053,APPROACH,BSPLINE,/home/eunseop/nrs_imitation/checkpoints/bspline/polishing/single_cam/20260808_0153,317.4271545410156,297.8120422363281,203.72349548339844,4.481791620492004e-05,-1.9976534531451762e-05,1.5624343156814575,0.4300832152366638,-0.44210177659988403,0.13278836011886597,354.3709716796875,290.0917663574219,227.258056640625,-0.0718691274523735,-0.07490186393260956,1.4217724800109863,0.0,0.0,0.0,0,0
1786183701.5560837,12.274994095001603,APPROACH,BSPLINE,/home/eunseop/nrs_imitation/checkpoints/bspline/polishing/single_cam/20260808_0153,317.4243469238281,297.8056640625,203.71104431152344,3.6761579394806176e-05,-3.6552191886585206e-05,1.5624704360961914,0.04198835417628288,-0.10200335085391998,-0.0755363330245018,354.3709716796875,290.0917663574219,227.258056640625,-0.0718691274523735,-0.07490186393260956,1.4217724800109863,0.0,0.0,0.0,0,0
1786183701.564094,12.283004286000505,APPROACH,BSPLINE,/home/eunseop/nrs_imitation/checkpoints/bspline/polishing/single_cam/20260808_0153,317.4222412109375,297.8360290527344,203.73245239257812,6.337333616102114e-05,-6.951958494028077e-05,1.5625063180923462,0.3074347674846649,-0.27950671315193176,0.015515167266130447,354.3709716796875,290.0917663574219,227.258056640625,-0.0718691274523735,-0.07490186393260956,1.4217724800109863,0.0,0.0,0.0,0,0
1786183701.572095,12.291005449995282,APPROACH,BSPLINE,/home/eunseop/nrs_imitation/checkpoints/bspline/polishing/single_cam/20260808_0153,317.43499755859375,297.80517578125,203.7221221923828,2.7743628834286937e-06,-2.1600040781777352e-05,1.5624943971633911,0.39638346433639526,-0.403595507144928,0.21869602799415588,354.3709716796875,290.0917663574219,227.258056640625,-0.0718691274523735,-0.07490186393260956,1.4217724800109863,0.0,0.0,0.0,0,0
1786183701.5800693,12.298979722007061,APPROACH,BSPLINE,/home/eunseop/nrs_imitation/checkpoints/bspline/polishing/single_cam/20260808_0153,317.42474365234375,297.8064880371094,203.70623779296875,3.212302544852719e-05,-2.4166276489268057e-05,1.5624583959579468,0.25973013043403625,0.18326103687286377,-0.08951017260551453,354.3709716796875,290.0917663574219,227.258056640625,-0.0718691274523735,-0.07490186393260956,1.4217724800109863,0.0,0.0,0.0,0,0
1786183701.5880752,12.306985514995176,APPROACH,BSPLINE,/home/eunseop/nrs_imitation/checkpoints/bspline/polishing/single_cam/20260808_0153,317.44830322265625,297.81097412109375,203.72625732421875,1.6688823961885646e-05,-5.8757574151968583e-05,1.5624823570251465,0.4226033687591553,-0.6521205306053162,-0.35931894183158875,354.3709716796875,290.0917663574219,227.258056640625,-0.0718691274523735,-0.07490186393260956,1.4217724800109863,0.0,0.0,0.0,0,0
1786183701.5961134,12.315023970004404,APPROACH,BSPLINE,/home/eunseop/nrs_imitation/checkpoints/bspline/polishing/single_cam/20260808_0153,317.4336242675781,297.84893798828125,203.73863220214844,6.03277949267067e-05,-9.947052603820339e-05,1.5624823570251465,0.16686683893203735,-0.10231366008520126,0.6079912781715393,354.3709716796875,290.0917663574219,227.258056640625,-0.0718691274523735,-0.07490186393260956,1.4217724800109863,0.0,0.0,0.0,0,0
1786183701.6041932,12.323103653994622,APPROACH,BSPLINE,/home/eunseop/nrs_imitation/checkpoints/bspline/polishing/single_cam/20260808_0153,317.4176330566406,297.80255126953125,203.71705627441406,2.2845631974632852e-05,6.051266154827317e-07,1.5624703168869019,0.30308178067207336,-0.3510657548904419,0.027311354875564575,354.3709716796875,290.0917663574219,227.258056640625,-0.0718691274523735,-0.07490186393260956,1.4217724800109863,0.0,0.0,0.0,0,0
1786183701.6121495,12.33106010100164,APPROACH,BSPLINE,/home/eunseop/nrs_imitation/checkpoints/bspline/polishing/single_cam/20260808_0153,317.4169006347656,297.7894592285156,203.69590759277344,8.929697287385352e-06,3.776189623749815e-05,1.5624704360961914,0.14014281332492828,0.13509920239448547,0.4485867917537689,354.3709716796875,290.0917663574219,227.258056640625,-0.0718691274523735,-0.07490186393260956,1.4217724800109863,0.0,0.0,0.0,0,0
1786183701.621405,12.340315285997349,APPROACH,BSPLINE,/home/eunseop/nrs_imitation/checkpoints/bspline/polishing/single_cam/20260808_0153,317.44854736328125,297.7882995605469,203.7317352294922,1.2051490557496436e-05,-4.637084202840924e-05,1.562386393547058,0.11342530697584152,-0.35991552472114563,-0.2321998029947281,354.3709716796875,290.0917663574219,227.258056640625,-0.0718691274523735,-0.07490186393260956,1.4217724800109863,0.0,0.0,0.0,0,0
1786183701.6281633,12.34707394099678,APPROACH,BSPLINE,/home/eunseop/nrs_imitation/checkpoints/bspline/polishing/single_cam/20260808_0153,317.44342041015625,297.812255859375,203.71914672851562,2.9013810490141623e-05,-5.3576692153001204e-05,1.5624464750289917,0.2762678861618042,-0.11600331217050552,0.0352710485458374,354.3709716796875,290.0917663574219,227.258056640625,-0.0718691274523735,-0.07490186393260956,1.4217724800109863,0.0,0.0,0.0,0,0
1786183701.6362138,12.355124228997738,APPROACH,BSPLINE,/home/eunseop/nrs_imitation/checkpoints/bspline/polishing/single_cam/20260808_0153,317.42889404296875,297.83917236328125,203.74681091308594,8.967329631559551e-05,-0.0001020394338411279,1.5624943971633911,0.08967024087905884,-0.34375667572021484,-0.22573275864124298,354.3709716796875,290.0917663574219,227.258056640625,-0.0718691274523735,-0.07490186393260956,1.4217724800109863,0.0,0.0,0.0,0,0
1786183701.6440778,12.3629882200039,APPROACH,BSPLINE,/home/eunseop/nrs_imitation/checkpoints/bspline/polishing/single_cam/20260808_0153,317.41680908203125,297.8007507324219,203.69668579101562,2.284575384692289e-05,6.047183660484734e-07,1.5625063180923462,0.15129728615283966,-0.5359666347503662,0.1878567487001419,354.3709716796875,290.0917663574219,227.258056640625,-0.0718691274523735,-0.07490186393260956,1.4217724800109863,0.0,0.0,0.0,0,0
1786183701.6522362,12.3711468649999,APPROACH,BSPLINE,/home/eunseop/nrs_imitation/checkpoints/bspline/polishing/single_cam/20260808_0153,317.4425048828125,297.822265625,203.72901916503906,6.337135710055009e-05,-6.951993418624625e-05,1.5624223947525024,0.02264336310327053,-0.5131173729896545,0.003062740433961153,354.3709716796875,290.0917663574219,227.258056640625,-0.0718691274523735,-0.07490186393260956,1.4217724800109863,0.0,0.0,0.0,0,0
1786183701.6602097,12.379120105004404,APPROACH,BSPLINE,/home/eunseop/nrs_imitation/checkpoints/bspline/polishing/single_cam/20260808_0153,317.4403381347656,297.80499267578125,203.69601440429688,-5.15796727995621e-06,-3.812883733189665e-05,1.5624704360961914,0.24259942770004272,-0.34272459149360657,-0.3598555326461792,354.3709716796875,290.0917663574219,227.258056640625,-0.0718691274523735,-0.07490186393260956,1.4217724800109863,0.0,0.0,0.0,0,0
1786183701.6682205,12.387130777002312,APPROACH,BSPLINE,/home/eunseop/nrs_imitation/checkpoints/bspline/polishing/single_cam/20260808_0153,317.4402160644531,297.85162353515625,203.74905395507812,6.032659803167917e-05,-9.947125363396481e-05,1.5624823570251465,0.4939225912094116,0.000798023131210357,0.3015802800655365,354.3709716796875,290.0917663574219,227.258056640625,-0.0718691274523735,-0.07490186393260956,1.4217724800109863,0.0,0.0,0.0,0,0
1786183701.676091,12.39500119999866,APPROACH,BSPLINE,/home/eunseop/nrs_imitation/checkpoints/bspline/polishing/single_cam/20260808_0153,317.4510498046875,297.8398132324219,203.72216796875,1.3584235603048e-05,-8.816637273412198e-05,1.5624463558197021,0.06269219517707825,0.07867173850536346,0.6661868095397949,354.3709716796875,290.0917663574219,227.258056640625,-0.0718691274523735,-0.07490186393260956,1.4217724800109863,0.0,0.0,0.0,0,0
1786183701.6841583,12.403068671002984,APPROACH,BSPLINE,/home/eunseop/nrs_imitation/checkpoints/bspline/polishing/single_cam/20260808_0153,317.4477233886719,297.8091735839844,203.7296905517578,-8.204241567000281e-06,-6.808059697505087e-05,1.5624583959579468,0.4090985357761383,0.08161447942256927,0.26434850692749023,354.3709716796875,290.0917663574219,227.258056640625,-0.0718691274523735,-0.07490186393260956,1.4217724800109863,0.0,0.0,0.0,0,0
1786183701.6922197,12.411130210006377,APPROACH,BSPLINE,/home/eunseop/nrs_imitation/checkpoints/bspline/polishing/single_cam/20260808_0153,317.4249267578125,297.81927490234375,203.7174835205078,8.362818334717304e-05,-4.7811689000809565e-05,1.5624583959579468,0.18911482393741608,-0.1727476865053177,0.6484454274177551,354.3709716796875,290.0917663574219,227.258056640625,-0.0718691274523735,-0.07490186393260956,1.4217724800109863,0.0,0.0,0.0,0,0
1786183701.7002916,12.419202108998434,APPROACH,BSPLINE,/home/eunseop/nrs_imitation/checkpoints/bspline/polishing/single_cam/20260808_0153,317.4140930175781,297.8193359375,203.72256469726562,0.0001036995745380409,-2.5607294446672313e-05,1.5624583959579468,0.3225546181201935,-0.2898938059806824,0.22534213960170746,354.3709716796875,290.0917663574219,227.258056640625,-0.0718691274523735,-0.07490186393260956,1.4217724800109863,0.0,0.0,0.0,0,0
1786183701.708634,12.427544345002389,APPROACH,BSPLINE,/home/eunseop/nrs_imitation/checkpoints/bspline/polishing/single_cam/20260808_0153,317.4241943359375,297.8052978515625,203.6975555419922,1.3753209714195691e-05,2.4880953787942417e-05,1.5624228715896606,0.108148492872715,0.17751474678516388,0.3587448298931122,354.3709716796875,290.0917663574219,227.258056640625,-0.0718691274523735,-0.07490186393260956,1.4217724800109863,0.0,0.0,0.0,0,0
1786183701.7161925,12.435102971998276,APPROACH,BSPLINE,/home/eunseop/nrs_imitation/checkpoints/bspline/polishing/single_cam/20260808_0153,317.4359130859375,297.83056640625,203.7061004638672,1.9737455659196712e-05,-2.8805085094063543e-05,1.5624823570251465,0.46202990412712097,-0.4039546251296997,-0.3882860839366913,354.3709716796875,290.0917663574219,227.258056640625,-0.0718691274523735,-0.07490186393260956,1.4217724800109863,0.0,0.0,0.0,0,0
1786183701.7241943,12.443104806996416,APPROACH,BSPLINE,/home/eunseop/nrs_imitation/checkpoints/bspline/polishing/single_cam/20260808_0153,317.4428405761719,297.8222351074219,203.72052001953125,2.1143656340427697e-05,-7.064723467919976e-05,1.5624704360961914,0.37430718541145325,0.06985189765691757,0.14613351225852966,354.3709716796875,290.0917663574219,227.258056640625,-0.0718691274523735,-0.07490186393260956,1.4217724800109863,0.0,0.0,0.0,0,0
1786183701.732153,12.451063418993726,APPROACH,BSPLINE,/home/eunseop/nrs_imitation/checkpoints/bspline/polishing/single_cam/20260808_0153,317.44091796875,297.81854248046875,203.714111328125,4.6409368223976344e-05,-6.231437873793766e-05,1.562434434890747,0.12230861932039261,-0.0836808905005455,-0.26102787256240845,354.3709716796875,290.0917663574219,227.258056640625,-0.0718691274523735,-0.07490186393260956,1.4217724800109863,0.0,0.0,0.0,0,0
