t_wall,t_elapsed_sec,stage,policy_class,ckpt_dir,meas_x_mm,meas_y_mm,meas_z_mm,meas_rx,meas_ry,meas_rz,meas_fx_N,meas_fy_N,meas_fz_N,cmd_x_mm,cmd_y_mm,cmd_z_mm,cmd_rx,cmd_ry,cmd_rz,cmd_fx_N,cmd_fy_N,cmd_fz_N,contact,cmd_safety_blocked
1786257254.3096292,0.011058982985559851,APPROACH,FLOW,/home/eunseop/nrs_imitation/checkpoints/flow/polishing/single_cam/20260809_0014,450.666015625,354.6376037597656,215.57183837890625,-0.08229850232601166,0.06347109377384186,2.848851442337036,0.31955686211586,0.02529088221490383,0.100014328956604,450.666015625,354.6376037597656,215.57183837890625,-0.08229850232601166,0.06347109377384186,2.848851442337036,0.0,0.0,0.0,0,0
1786257254.318343,0.019772786006797105,APPROACH,FLOW,/home/eunseop/nrs_imitation/checkpoints/flow/polishing/single_cam/20260809_0014,450.6719055175781,354.6742248535156,215.61871337890625,-0.08236456662416458,0.06336868554353714,2.8489089012145996,0.32526230812072754,-0.14578138291835785,0.2822721600532532,450.6719055175781,354.6742248535156,215.61871337890625,-0.08236456662416458,0.06336868554353714,2.8489089012145996,0.0,0.0,0.0,0,0
1786257254.3256032,0.027033293998101726,APPROACH,FLOW,/home/eunseop/nrs_imitation/checkpoints/flow/polishing/single_cam/20260809_0014,450.7008056640625,354.6651306152344,215.60984802246094,-0.0824081301689148,0.0633513405919075,2.8488595485687256,0.3355172872543335,0.30208462476730347,0.1400865614414215,450.67230224609375,354.6739501953125,215.61883544921875,-0.0823642686009407,0.06336865574121475,2.8489086627960205,0.0,0.0,0.0,0,0
1786257254.3336234,0.035053161991527304,APPROACH,FLOW,/home/eunseop/nrs_imitation/checkpoints/flow/polishing/single_cam/20260809_0014,450.6732482910156,354.65203857421875,215.60877990722656,-0.08235606551170349,0.06338558346033096,2.8488852977752686,0.5526395440101624,-0.10996736586093903,0.2856307029724121,450.6735534667969,354.673095703125,215.6192169189453,-0.08236336708068848,0.06336855888366699,2.8489081859588623,0.0,0.0,0.0,0,0
1786257254.3415954,0.04302525898674503,APPROACH,FLOW,/home/eunseop/nrs_imitation/checkpoints/flow/polishing/single_cam/20260809_0014,450.6864318847656,354.6637878417969,215.58702087402344,-0.08237204700708389,0.06339188665151596,2.8488848209381104,0.5848743319511414,0.1909325122833252,0.48414143919944763,450.675537109375,354.6716613769531,215.6198272705078,-0.0823618620634079,0.06336840242147446,2.848907232284546,0.0,0.0,0.0,0,0
1786257254.3497002,0.05113008900661953,APPROACH,FLOW,/home/eunseop/nrs_imitation/checkpoints/flow/polishing/single_cam/20260809_0014,450.7138366699219,354.6615295410156,215.61846923828125,-0.08240741491317749,0.0633491724729538,2.84879994392395,0.345674067735672,-0.008584444411098957,0.1268349438905716,450.67840576171875,354.6696472167969,215.62069702148438,-0.08235976099967957,0.06336817890405655,2.8489058017730713,0.0,0.0,0.0,0,0
1786257254.3576105,0.05904038800508715,APPROACH,FLOW,/home/eunseop/nrs_imitation/checkpoints/flow/polishing/single_cam/20260809_0014,450.6954650878906,354.6323547363281,215.5966033935547,-0.08237214386463165,0.06342966854572296,2.84881329536438,-0.04612346738576889,0.10378709435462952,-0.11229801177978516,450.6820373535156,354.6671447753906,215.62179565429688,-0.08235708624124527,0.06336789578199387,2.8489041328430176,0.0,0.0,0.0,0,0
1786257254.3656092,0.06703908598865382,APPROACH,FLOW,/home/eunseop/nrs_imitation/checkpoints/flow/polishing/single_cam/20260809_0014,450.6832275390625,354.6343688964844,215.59466552734375,-0.08235662430524826,0.0634244903922081,2.8488614559173584,0.6043785214424133,0.09797528386116028,-0.27711156010627747,450.68646240234375,354.6640319824219,215.62315368652344,-0.08235380798578262,0.06336753815412521,2.8489017486572266,0.0,0.0,0.0,0,0
1786257254.3735917,0.07502139199641533,APPROACH,FLOW,/home/eunseop/nrs_imitation/checkpoints/flow/polishing/single_cam/20260809_0014,450.689453125,354.68072509765625,215.62327575683594,-0.08239426463842392,0.06334035098552704,2.8488361835479736,0.2252495139837265,-0.02855057641863823,0.44906166195869446,450.69171142578125,354.6603698730469,215.624755859375,-0.08234994113445282,0.06336713582277298,2.8488993644714355,0.0,0.0,0.0,0,0
1786257254.3815894,0.08301930900779553,APPROACH,FLOW,/home/eunseop/nrs_imitation/checkpoints/flow/polishing/single_cam/20260809_0014,450.6885681152344,354.64288330078125,215.59732055664062,-0.08237074315547943,0.06339245289564133,2.848860740661621,0.28057700395584106,0.11458605527877808,0.32709336280822754,450.69769287109375,354.6561279296875,215.62660217285156,-0.08234548568725586,0.06336665898561478,2.8488965034484863,0.0,0.0,0.0,0,0
1786257254.3895817,0.09101127300527878,APPROACH,FLOW,/home/eunseop/nrs_imitation/checkpoints/flow/polishing/single_cam/20260809_0014,450.69488525390625,354.6494445800781,215.58575439453125,-0.08239904046058655,0.06345781683921814,2.848848581314087,0.869793713092804,0.03758920729160309,0.3954070508480072,450.70452880859375,354.6513671875,215.62867736816406,-0.08234043419361115,0.0633661299943924,2.8488929271698,0.0,0.0,0.0,0,0
1786257254.3975823,0.09901222499320284,APPROACH,FLOW,/home/eunseop/nrs_imitation/checkpoints/flow/polishing/single_cam/20260809_0014,450.6779479980469,354.6502990722656,215.60269165039062,-0.08236484974622726,0.06340821832418442,2.8488850593566895,0.5794349908828735,0.05281999334692955,0.4470047652721405,450.712158203125,354.64605712890625,215.63101196289062,-0.08233481645584106,0.06336553394794464,2.8488895893096924,0.0,0.0,0.0,0,0
1786257254.4056184,0.10704825399443507,APPROACH,FLOW,/home/eunseop/nrs_imitation/checkpoints/flow/polishing/single_cam/20260809_0014,450.67620849609375,354.6260070800781,215.5723114013672,-0.08235978335142136,0.0634605884552002,2.8488495349884033,0.05758323147892952,-0.20855748653411865,0.43772709369659424,450.7205505371094,354.64013671875,215.63357543945312,-0.08232859522104263,0.06336487829685211,2.8488855361938477,0.0,0.0,0.0,0,0
1786257254.413606,0.11503576100221835,APPROACH,FLOW,/home/eunseop/nrs_imitation/checkpoints/flow/polishing/single_cam/20260809_0014,450.6836242675781,354.6714172363281,215.61395263671875,-0.0823797956109047,0.06337596476078033,2.8489081859588623,0.2510569095611572,-0.031602561473846436,0.4666953980922699,450.729736328125,354.63372802734375,215.63636779785156,-0.08232180774211884,0.06336415559053421,2.8488807678222656,0.0,0.0,0.0,0,0
1786257254.421591,0.12302097197971307,APPROACH,FLOW,/home/eunseop/nrs_imitation/checkpoints/flow/polishing/single_cam/20260809_0014,450.6830139160156,354.6495361328125,215.61073303222656,-0.08233664929866791,0.06334047764539719,2.8488495349884033,0.24242985248565674,-0.1533069759607315,0.21841399371623993,450.73968505859375,354.6267395019531,215.63941955566406,-0.08231443911790848,0.06336337327957153,2.8488762378692627,0.0,0.0,0.0,0,0
1786257254.4295814,0.13101116399047896,APPROACH,FLOW,/home/eunseop/nrs_imitation/checkpoints/flow/polishing/single_cam/20260809_0014,450.7254638671875,354.66156005859375,215.64035034179688,-0.08245251327753067,0.06333377957344055,2.8488340377807617,0.31257376074790955,0.08383847773075104,0.23396840691566467,450.75042724609375,354.6191711425781,215.6427001953125,-0.08230648934841156,0.06336253136396408,2.8488709926605225,0.0,0.0,0.0,0,0
1786257254.4375823,0.13901228600298055,APPROACH,FLOW,/home/eunseop/nrs_imitation/checkpoints/flow/polishing/single_cam/20260809_0014,450.6980285644531,354.6822509765625,215.618408203125,-0.08238638192415237,0.06335844099521637,2.848860263824463,0.13412900269031525,0.06074962392449379,0.25737953186035156,450.761962890625,354.6111145019531,215.64622497558594,-0.08229797333478928,0.06336162984371185,2.848865509033203,0.0,0.0,0.0,0,0
1786257254.4456213,0.14705095998942852,APPROACH,FLOW,/home/eunseop/nrs_imitation/checkpoints/flow/polishing/single_cam/20260809_0014,450.696044921875,354.6668701171875,215.61593627929688,-0.08239907771348953,0.06332933902740479,2.8488717079162598,0.4001885652542114,0.04415372014045715,0.39080220460891724,450.7742614746094,354.6025085449219,215.64999389648438,-0.08228887617588043,0.06336066871881485,2.8488593101501465,0.0,0.0,0.0,0,0
1786257254.453609,0.1550386669987347,APPROACH,FLOW,/home/eunseop/nrs_imitation/checkpoints/flow/polishing/single_cam/20260809_0014,450.7049255371094,354.6352844238281,215.5729217529297,-0.08237166702747345,0.06343002617359161,2.84881329536438,0.2750394940376282,-0.11918040364980698,0.4185629189014435,450.7873229980469,354.5933837890625,215.6539764404297,-0.08227922022342682,0.06335964053869247,2.848853349685669,0.0,0.0,0.0,0,0
1786257254.4615963,0.16302607298712246,APPROACH,FLOW,/home/eunseop/nrs_imitation/checkpoints/flow/polishing/single_cam/20260809_0014,450.68353271484375,354.6741943359375,215.6143035888672,-0.08239652216434479,0.06338127702474594,2.848896026611328,0.1936151385307312,0.17338043451309204,0.7557281851768494,450.8011779785156,354.5836486816406,215.658203125,-0.08226898312568665,0.06335855275392532,2.848846435546875,0.0,0.0,0.0,0,0
1786257254.4695911,0.17102078298921697,APPROACH,FLOW,/home/eunseop/nrs_imitation/checkpoints/flow/polishing/single_cam/20260809_0014,450.7037658691406,354.6640319824219,215.62393188476562,-0.08238936960697174,0.06330594420433044,2.8488359451293945,0.1936151385307312,0.17338043451309204,0.7557281851768494,450.8157653808594,354.5734558105469,215.6626739501953,-0.0822581797838211,0.063357412815094,2.848839521408081,0.0,0.0,0.0,0,0
1786257254.4776044,0.17903428900172003,APPROACH,FLOW,/home/eunseop/nrs_imitation/checkpoints/flow/polishing/single_cam/20260809_0014,450.6998291015625,354.69781494140625,215.64181518554688,-0.08236324787139893,0.06323832273483276,2.848860263824463,0.183912456035614,0.3044680058956146,0.5832603573799133,450.83111572265625,354.5626525878906,215.6673583984375,-0.0822468176484108,0.06335620582103729,2.84883189201355,0.0,0.0,0.0,0,0
1786257254.4866269,0.18805663200328127,APPROACH,FLOW,/home/eunseop/nrs_imitation/checkpoints/flow/polishing/single_cam/20260809_0014,450.6998596191406,354.64862060546875,215.60691833496094,-0.08237732201814651,0.06337492167949677,2.8488128185272217,0.34653353691101074,0.22210189700126648,0.21253980696201324,450.849365234375,354.54986572265625,215.6729278564453,-0.08223333209753036,0.06335477530956268,2.848823308944702,0.0,0.0,0.0,0,0
1786257254.4936006,0.19503025198355317,APPROACH,FLOW,/home/eunseop/nrs_imitation/checkpoints/flow/polishing/single_cam/20260809_0014,450.70013427734375,354.6426696777344,215.59286499023438,-0.08240257948637009,0.06340573728084564,2.8488481044769287,0.5185028910636902,0.08058571070432663,0.17566107213497162,450.8641662597656,354.5395202636719,215.6774444580078,-0.08222238719463348,0.06335362046957016,2.848816156387329,0.0,0.0,0.0,0,0
1786257254.5015838,0.2030137609981466,APPROACH,FLOW,/home/eunseop/nrs_imitation/checkpoints/flow/polishing/single_cam/20260809_0014,450.7029724121094,354.6564636230469,215.60211181640625,-0.08239331841468811,0.06338513642549515,2.848883867263794,0.0635458379983902,-0.15891151130199432,0.5183542966842651,450.8818054199219,354.5271911621094,215.68284606933594,-0.08220936357975006,0.06335223466157913,2.8488075733184814,0.0,0.0,0.0,0,0
1786257254.5095875,0.21101717700366862,APPROACH,FLOW,/home/eunseop/nrs_imitation/checkpoints/flow/polishing/single_cam/20260809_0014,450.69061279296875,354.6646423339844,215.64083862304688,-0.08236686140298843,0.06331569701433182,2.848860502243042,0.6535787582397461,-0.026560580357909203,0.11197243630886078,450.90020751953125,354.5142822265625,215.68846130371094,-0.08219573646783829,0.06335079669952393,2.8487985134124756,0.0,0.0,0.0,0,0
1786257254.5175774,0.21900732899666764,APPROACH,FLOW,/home/eunseop/nrs_imitation/checkpoints/flow/polishing/single_cam/20260809_0014,450.6796875,354.6651611328125,215.612060546875,-0.08237972855567932,0.06337519735097885,2.8488845825195312,0.4027595818042755,0.25274303555488586,0.21470999717712402,450.9193420410156,354.5008544921875,215.69430541992188,-0.08218159526586533,0.06334929913282394,2.8487894535064697,0.0,0.0,0.0,0,0
1786257254.5255945,0.2270241009828169,APPROACH,FLOW,/home/eunseop/nrs_imitation/checkpoints/flow/polishing/single_cam/20260809_0014,450.6771545410156,354.6402282714844,215.60142517089844,-0.08232312649488449,0.06336978822946548,2.8488144874572754,0.20927612483501434,-0.06974533945322037,0.5577335953712463,450.9392395019531,354.4869384765625,215.7003936767578,-0.0821668729186058,0.06334773451089859,2.8487799167633057,0.0,0.0,0.0,0,0
1786257254.5336494,0.2350793159857858,APPROACH,FLOW,/home/eunseop/nrs_imitation/checkpoints/flow/polishing/single_cam/20260809_0014,450.68426513671875,354.6510314941406,215.59765625,-0.08238770067691803,0.0634002760052681,2.8489081859588623,0.47274136543273926,0.12170371413230896,0.05470529571175575,450.9599609375,354.472412109375,215.70672607421875,-0.08215156197547913,0.06334611028432846,2.8487696647644043,0.0,0.0,0.0,0,0
1786257254.5416055,0.24303511198377237,APPROACH,FLOW,/home/eunseop/nrs_imitation/checkpoints/flow/polishing/single_cam/20260809_0014,450.697021484375,354.6590881347656,215.6082763671875,-0.08240823447704315,0.06335064023733139,2.8488476276397705,0.35356447100639343,0.25086233019828796,0.14564093947410583,450.98126220703125,354.45745849609375,215.71322631835938,-0.08213578909635544,0.06334444135427475,2.848759412765503,0.0,0.0,0.0,0,0
1786257254.5495975,0.25102714699460194,APPROACH,FLOW,/home/eunseop/nrs_imitation/checkpoints/flow/polishing/single_cam/20260809_0014,450.693359375,354.6626281738281,215.6014862060547,-0.08238576352596283,0.06335724890232086,2.8488125801086426,0.23136892914772034,-0.07886406779289246,0.6938276886940002,451.00341796875,354.44195556640625,215.72000122070312,-0.082119420170784,0.06334271281957626,2.8487486839294434,0.0,0.0,0.0,0,0
1786257254.5576365,0.2590663519804366,APPROACH,FLOW,/home/eunseop/nrs_imitation/checkpoints/flow/polishing/single_cam/20260809_0014,450.6639099121094,354.66778564453125,215.61611938476562,-0.0823320671916008,0.06335567682981491,2.848897695541382,0.5355103611946106,0.1696653813123703,0.04794399067759514,451.0263366699219,354.4259338378906,215.7270050048828,-0.08210249245166779,0.0633409172296524,2.8487377166748047,0.0,0.0,0.0,0,0
1786257254.565608,0.26703763799741864,APPROACH,FLOW,/home/eunseop/nrs_imitation/checkpoints/flow/polishing/single_cam/20260809_0014,450.6874694824219,354.658935546875,215.6060333251953,-0.08241134881973267,0.06338988244533539,2.84889554977417,0.19349420070648193,-0.07944036275148392,0.4023371636867523,451.0498962402344,354.4093933105469,215.73419189453125,-0.08208505809307098,0.06333906948566437,2.848726272583008,0.0,0.0,0.0,0,0
1786257254.5735466,0.2749765809858218,APPROACH,FLOW,/home/eunseop/nrs_imitation/checkpoints/flow/polishing/single_cam/20260809_0014,450.6874694824219,354.658935546875,215.6060333251953,-0.08241134881973267,0.06338988244533539,2.84889554977417,0.19349420070648193,-0.07944036275148392,0.4023371636867523,451.0740966796875,354.3924255371094,215.7415771484375,-0.08206716179847717,0.06333716958761215,2.848714590072632,0.0,0.0,0.0,0,0
1786257254.581599,0.2830288209952414,APPROACH,FLOW,/home/eunseop/nrs_imitation/checkpoints/flow/polishing/single_cam/20260809_0014,450.6726989746094,354.6511535644531,215.61521911621094,-0.08236309140920639,0.06336917728185654,2.8488731384277344,-0.14493119716644287,-0.0004571446334011853,0.0765814408659935,451.0992736816406,354.37481689453125,215.74928283691406,-0.08204854279756546,0.06333519518375397,2.8487024307250977,0.0,0.0,0.0,0,0
1786257254.5896137,0.2910433090000879,APPROACH,FLOW,/home/eunseop/nrs_imitation/checkpoints/flow/polishing/single_cam/20260809_0014,450.6986083984375,354.66802978515625,215.61648559570312,-0.08236926048994064,0.06335277855396271,2.848848819732666,-0.060297977179288864,-0.021992923691868782,0.4152630865573883,451.1250915527344,354.3567199707031,215.7571563720703,-0.08202945441007614,0.0633331760764122,2.8486900329589844,0.0,0.0,0.0,0,0
1786257254.5975893,0.29901900299591944,APPROACH,FLOW,/home/eunseop/nrs_imitation/checkpoints/flow/polishing/single_cam/20260809_0014,450.69671630859375,354.6407165527344,215.5985565185547,-0.0823536217212677,0.06338679045438766,2.848849296569824,0.20456534624099731,-0.0763607770204544,0.043768249452114105,451.1515808105469,354.338134765625,215.7652587890625,-0.08200985938310623,0.06333109736442566,2.848677158355713,0.0,0.0,0.0,0,0
1786257254.6055777,0.30700767098460346,APPROACH,FLOW,/home/eunseop/nrs_imitation/checkpoints/flow/polishing/single_cam/20260809_0014,450.68890380859375,354.6647033691406,215.5869903564453,-0.08234156668186188,0.06341728568077087,2.8488738536834717,0.4172821640968323,0.18096095323562622,0.4865269958972931,451.1788330078125,354.319091796875,215.77359008789062,-0.08198972791433334,0.06332896649837494,2.8486642837524414,0.0,0.0,0.0,0,0
1786257254.6135893,0.315019083005609,APPROACH,FLOW,/home/eunseop/nrs_imitation/checkpoints/flow/polishing/single_cam/20260809_0014,450.691162109375,354.6497802734375,215.5989532470703,-0.08239439129829407,0.06338205188512802,2.8488481044769287,0.4450521767139435,-0.2950461208820343,0.19021791219711304,451.206787109375,354.2994689941406,215.78213500976562,-0.08196903765201569,0.06332677602767944,2.8486506938934326,0.0,0.0,0.0,0,0
1786257254.621683,0.3231128119805362,APPROACH,FLOW,/home/eunseop/nrs_imitation/checkpoints/flow/polishing/single_cam/20260809_0014,450.70880126953125,354.6692810058594,215.6386260986328,-0.08237317204475403,0.06329713016748428,2.8487887382507324,0.10805042088031769,-0.012803230434656143,0.6081811785697937,451.2356872558594,354.27923583984375,215.79095458984375,-0.08194766938686371,0.06332451105117798,2.8486366271972656,0.0,0.0,0.0,0,0
1786257254.6296184,0.3310483089881018,APPROACH,FLOW,/home/eunseop/nrs_imitation/checkpoints/flow/polishing/single_cam/20260809_0014,450.68914794921875,354.6615905761719,215.5867156982422,-0.08239100873470306,0.06343420594930649,2.848848819732666,0.3422785699367523,0.2623946964740753,-0.0669851079583168,451.2648620605469,354.2587890625,215.79986572265625,-0.08192609250545502,0.06332222372293472,2.8486223220825195,0.0,0.0,0.0,0,0
1786257254.637588,0.33901787098147906,APPROACH,FLOW,/home/eunseop/nrs_imitation/checkpoints/flow/polishing/single_cam/20260809_0014,450.7074890136719,354.64794921875,215.60157775878906,-0.08244162052869797,0.06340436637401581,2.8488707542419434,0.3422785699367523,0.2623946964740753,-0.0669851079583168,451.294921875,354.2377014160156,215.80906677246094,-0.0819038450717926,0.0633198693394661,2.8486080169677734,0.0,0.0,0.0,0,0
1786257254.6455977,0.34702750999713317,APPROACH,FLOW,/home/eunseop/nrs_imitation/checkpoints/flow/polishing/single_cam/20260809_0014,450.6866760253906,354.67340087890625,215.59498596191406,-0.08235654979944229,0.0633835569024086,2.8488614559173584,0.03740347921848297,-0.02267076075077057,0.4121880829334259,451.3257751464844,354.2160949707031,215.8184814453125,-0.08188104629516602,0.06331745535135269,2.84859299659729,0.0,0.0,0.0,0,0
1786257254.653667,0.3550970229844097,APPROACH,FLOW,/home/eunseop/nrs_imitation/checkpoints/flow/polishing/single_cam/20260809_0014,450.71124267578125,354.6452941894531,215.60140991210938,-0.08237118273973465,0.06343205273151398,2.84883713722229,-0.017638638615608215,-0.04006921127438545,0.12073446810245514,451.3572998046875,354.19403076171875,215.828125,-0.08185774087905884,0.06331498175859451,2.8485779762268066,0.0,0.0,0.0,0,0
1786257254.6616185,0.3630482199951075,APPROACH,FLOW,/home/eunseop/nrs_imitation/checkpoints/flow/polishing/single_cam/20260809_0014,450.7143859863281,354.6717224121094,215.64031982421875,-0.08241891860961914,0.06328145414590836,2.848834991455078,0.11171466112136841,-0.15552957355976105,0.0936647579073906,451.3895263671875,354.17144775390625,215.83795166015625,-0.08183391392230988,0.06331245601177216,2.848562479019165,0.0,0.0,0.0,0,0
1786257254.6695864,0.3710163490031846,APPROACH,FLOW,/home/eunseop/nrs_imitation/checkpoints/flow/polishing/single_cam/20260809_0014,450.690185546875,354.67254638671875,215.58895874023438,-0.08238877356052399,0.06339719891548157,2.848872423171997,0.35959911346435547,-0.143949493765831,0.16918450593948364,451.4224548339844,354.1484069824219,215.8480224609375,-0.08180958032608032,0.06330987811088562,2.8485465049743652,0.0,0.0,0.0,0,0
1786257254.6776276,0.37905749800847843,APPROACH,FLOW,/home/eunseop/nrs_imitation/checkpoints/flow/polishing/single_cam/20260809_0014,450.6797180175781,354.67742919921875,215.5940399169922,-0.08236643671989441,0.06340702623128891,2.8489089012145996,0.10955576598644257,-0.0012811224441975355,0.5786998867988586,451.45611572265625,354.1247863769531,215.85830688476562,-0.08178465813398361,0.06330724060535431,2.8485302925109863,0.0,0.0,0.0,0,0
1786257254.6856234,0.38705322999157943,APPROACH,FLOW,/home/eunseop/nrs_imitation/checkpoints/flow/polishing/single_cam/20260809_0014,450.6849365234375,354.69842529296875,215.63893127441406,-0.08235752582550049,0.06325416266918182,2.8488965034484863,-0.09681420028209686,-0.16289423406124115,0.12322308123111725,451.490478515625,354.1007080078125,215.86878967285156,-0.0817592591047287,0.06330454349517822,2.84851336479187,0.0,0.0,0.0,0,0
1786257254.693609,0.39503890299238265,APPROACH,FLOW,/home/eunseop/nrs_imitation/checkpoints/flow/polishing/single_cam/20260809_0014,450.68414306640625,354.62933349609375,215.5873565673828,-0.08238250017166138,0.06345110386610031,2.848824977874756,0.2762826681137085,0.1848652958869934,0.23201623558998108,451.525390625,354.0762634277344,215.8794708251953,-0.08173344284296036,0.06330180913209915,2.848496913909912,0.0,0.0,0.0,0,0
1786257254.7016127,0.40304273000219837,APPROACH,FLOW,/home/eunseop/nrs_imitation/checkpoints/flow/polishing/single_cam/20260809_0014,450.6910095214844,354.67108154296875,215.6088104248047,-0.08237956464290619,0.06337344646453857,2.848848819732666,0.14271315932273865,-0.05985091254115105,0.4842265546321869,451.5611267089844,354.05120849609375,215.890380859375,-0.08170701563358307,0.0632990151643753,2.8484795093536377,0.0,0.0,0.0,0,0
1786257254.70961,0.41103979499894194,APPROACH,FLOW,/home/eunseop/nrs_imitation/checkpoints/flow/polishing/single_cam/20260809_0014,450.7066345214844,354.6685791015625,215.60464477539062,-0.08236140757799149,0.06336940079927444,2.84883713722229,0.31478142738342285,0.1951032131910324,0.20023460686206818,451.5975036621094,354.0257568359375,215.90150451660156,-0.08168012648820877,0.06329616159200668,2.848461866378784,0.0,0.0,0.0,0,0
1786257254.7176914,0.4191213010053616,APPROACH,FLOW,/home/eunseop/nrs_imitation/checkpoints/flow/polishing/single_cam/20260809_0014,450.6911315917969,354.6647644042969,215.58128356933594,-0.08239729702472687,0.06342270225286484,2.8489198684692383,0.31478142738342285,0.1951032131910324,0.20023460686206818,451.6348571777344,353.99957275390625,215.9129180908203,-0.08165249973535538,0.06329323351383209,2.8484437465667725,0.0,0.0,0.0,0,0
1786257254.725625,0.4270550450019073,APPROACH,FLOW,/home/eunseop/nrs_imitation/checkpoints/flow/polishing/single_cam/20260809_0014,450.68212890625,354.6569519042969,215.60504150390625,-0.082386314868927,0.06335766613483429,2.848836660385132,0.1787484586238861,0.007164385635405779,0.42089515924453735,451.6723327636719,353.9732971191406,215.9243621826172,-0.08162477612495422,0.06329029053449631,2.8484256267547607,0.0,0.0,0.0,0,0
1786257254.7336235,0.4350533609976992,APPROACH,FLOW,/home/eunseop/nrs_imitation/checkpoints/flow/polishing/single_cam/20260809_0014,450.6983947753906,354.6734924316406,215.60401916503906,-0.08239500969648361,0.06338324397802353,2.848896026611328,0.14999978244304657,0.1949223130941391,0.4898926019668579,451.71075439453125,353.9463806152344,215.9361114501953,-0.08159635961055756,0.06328728795051575,2.84840726852417,0.0,0.0,0.0,0,0
1786257254.7416146,0.4430444639874622,APPROACH,FLOW,/home/eunseop/nrs_imitation/checkpoints/flow/polishing/single_cam/20260809_0014,450.6802673339844,354.6631774902344,215.5921173095703,-0.08234941959381104,0.06340066343545914,2.8488855361938477,0.500544548034668,-0.014305795542895794,0.6378428339958191,451.74993896484375,353.9189453125,215.9480743408203,-0.08156740665435791,0.06328421831130981,2.848388195037842,0.0,0.0,0.0,0,0
1786257254.7496712,0.45110112300608307,APPROACH,FLOW,/home/eunseop/nrs_imitation/checkpoints/flow/polishing/single_cam/20260809_0014,450.6802673339844,354.6631774902344,215.5921173095703,-0.08234941959381104,0.06340066343545914,2.8488855361938477,0.500544548034668,-0.014305795542895794,0.6378428339958191,451.7896728515625,353.8910827636719,215.96022033691406,-0.08153801411390305,0.0632811039686203,2.8483691215515137,0.0,0.0,0.0,0,0
1786257254.7579286,0.459358694992261,APPROACH,FLOW,/home/eunseop/nrs_imitation/checkpoints/flow/polishing/single_cam/20260809_0014,450.68994140625,354.64154052734375,215.58389282226562,-0.08240564167499542,0.06344421207904816,2.848884105682373,0.649535596370697,0.15174101293087006,0.45481646060943604,451.831787109375,353.861572265625,215.97308349609375,-0.0815068706870079,0.06327780336141586,2.848348617553711,0.0,0.0,0.0,0,0
1786257254.7656033,0.46703315299237147,APPROACH,FLOW,/home/eunseop/nrs_imitation/checkpoints/flow/polishing/single_cam/20260809_0014,450.6893005371094,354.6410217285156,215.60369873046875,-0.08235426992177963,0.06338650733232498,2.8488612174987793,0.19733887910842896,0.32483673095703125,0.13895902037620544,451.8713073730469,353.8338928222656,215.9851531982422,-0.08147762715816498,0.06327470391988754,2.848329544067383,0.0,0.0,0.0,0,0
1786257254.7735872,0.4750171329942532,APPROACH,FLOW,/home/eunseop/nrs_imitation/checkpoints/flow/polishing/single_cam/20260809_0014,450.6819152832031,354.6751403808594,215.60107421875,-0.08234740048646927,0.063362255692482,2.8488852977752686,0.10309117287397385,0.009009359404444695,0.1741185039281845,451.9131164550781,353.8045959472656,215.99790954589844,-0.08144672960042953,0.0632714331150055,2.848309278488159,0.0,0.0,0.0,0,0
1786257254.7816057,0.4830354379955679,APPROACH,FLOW,/home/eunseop/nrs_imitation/checkpoints/flow/polishing/single_cam/20260809_0014,450.7109375,354.6506652832031,215.6227264404297,-0.08243943005800247,0.06336420774459839,2.848834753036499,0.5079817175865173,0.028261417523026466,-0.14268307387828827,451.9555969238281,353.77484130859375,216.01089477539062,-0.08141531050205231,0.06326810270547867,2.8482887744903564,0.0,0.0,0.0,0,0
1786257254.789591,0.4910208499932196,APPROACH,FLOW,/home/eunseop/nrs_imitation/checkpoints/flow/polishing/single_cam/20260809_0014,450.70166015625,354.6421813964844,215.59352111816406,-0.08239979296922684,0.0633683130145073,2.8488478660583496,0.7493343949317932,0.1766812801361084,0.41858384013175964,451.99871826171875,353.74462890625,216.02407836914062,-0.08138342946767807,0.06326472014188766,2.8482680320739746,0.0,0.0,0.0,0,0
1786257254.7975998,0.4990295769821387,APPROACH,FLOW,/home/eunseop/nrs_imitation/checkpoints/flow/polishing/single_cam/20260809_0014,450.70166015625,354.6421813964844,215.59352111816406,-0.08239979296922684,0.0633683130145073,2.8488478660583496,0.49001801013946533,0.17923526465892792,0.18558578193187714,452.04254150390625,353.7139587402344,216.03746032714844,-0.08135104924440384,0.06326129287481308,2.8482470512390137,0.0,0.0,0.0,0,0
1786257254.8055813,0.5070110819942784,APPROACH,FLOW,/home/eunseop/nrs_imitation/checkpoints/flow/polishing/single_cam/20260809_0014,450.6889953613281,354.6157531738281,215.57894897460938,-0.08236966282129288,0.06352254003286362,2.8488376140594482,0.5351205468177795,0.024848870933055878,0.5493413805961609,452.08697509765625,353.68280029296875,216.051025390625,-0.08131816983222961,0.06325780600309372,2.8482253551483154,0.0,0.0,0.0,0,0
1786257254.8135886,0.5150185759994201,APPROACH,FLOW,/home/eunseop/nrs_imitation/checkpoints/flow/polishing/single_cam/20260809_0014,450.68695068359375,354.66461181640625,215.60650634765625,-0.0823586955666542,0.06342127174139023,2.8488614559173584,0.45388051867485046,-0.029225502163171768,0.4423786699771881,452.132080078125,353.6512145996094,216.0648193359375,-0.08128482848405838,0.06325427442789078,2.8482038974761963,0.0,0.0,0.0,0,0
1786257254.8215792,0.5230090089899022,APPROACH,FLOW,/home/eunseop/nrs_imitation/checkpoints/flow/polishing/single_cam/20260809_0014,450.69805908203125,354.6636657714844,215.59573364257812,-0.08241090923547745,0.06338876485824585,2.8488597869873047,0.5407813191413879,0.21654590964317322,0.7198304533958435,452.1778259277344,353.6191101074219,216.07879638671875,-0.08125098049640656,0.06325069069862366,2.8481814861297607,0.0,0.0,0.0,0,0
1786257254.8296106,0.5310402879840694,APPROACH,FLOW,/home/eunseop/nrs_imitation/checkpoints/flow/polishing/single_cam/20260809_0014,450.6850280761719,354.6464538574219,215.60369873046875,-0.08235503733158112,0.06338552385568619,2.8488612174987793,0.3590342104434967,0.07804826647043228,0.32282891869544983,452.2242736816406,353.5866394042969,216.09298706054688,-0.08121665567159653,0.06324705481529236,2.8481593132019043,0.0,0.0,0.0,0,0
1786257254.837587,0.539016894006636,APPROACH,FLOW,/home/eunseop/nrs_imitation/checkpoints/flow/polishing/single_cam/20260809_0014,450.67816162109375,354.67193603515625,215.61300659179688,-0.0823708325624466,0.06335326284170151,2.8488965034484863,0.03762609884142876,-0.05488737300038338,0.19305381178855896,452.27130126953125,353.55364990234375,216.10736083984375,-0.08118186146020889,0.06324336677789688,2.8481364250183105,0.0,0.0,0.0,0,0
1786257254.846551,0.5479808450036217,APPROACH,FLOW,/home/eunseop/nrs_imitation/checkpoints/flow/polishing/single_cam/20260809_0014,450.71380615234375,354.6587219238281,215.60496520996094,-0.08238355815410614,0.06336097419261932,2.8488364219665527,0.45544758439064026,0.0246726181358099,0.15955623984336853,452.32470703125,353.5162658691406,216.1236572265625,-0.0811423808336258,0.06323917955160141,2.8481106758117676,0.0,0.0,0.0,0,0
1786257254.853604,0.5550338869797997,APPROACH,FLOW,/home/eunseop/nrs_imitation/checkpoints/flow/polishing/single_cam/20260809_0014,450.6587829589844,354.6689147949219,215.56861877441406,-0.08227488398551941,0.06344152987003326,2.8488759994506836,0.02656974457204342,-0.05485565587878227,-0.12478534877300262,452.3674011230469,353.4863586425781,216.13670349121094,-0.08111083507537842,0.06323584169149399,2.848090171813965,0.0,0.0,0.0,0,0
1786257254.8615954,0.5630251399998087,APPROACH,FLOW,/home/eunseop/nrs_imitation/checkpoints/flow/polishing/single_cam/20260809_0014,450.70550537109375,354.6390075683594,215.57998657226562,-0.08238808065652847,0.06343743950128555,2.848836660385132,0.3138917088508606,0.001253359136171639,0.3784107267856598,452.41632080078125,353.4520568847656,216.1516571044922,-0.08107462525367737,0.06323200464248657,2.8480663299560547,0.0,0.0,0.0,0,0
1786257254.8695838,0.5710136590059847,APPROACH,FLOW,/home/eunseop/nrs_imitation/checkpoints/flow/polishing/single_cam/20260809_0014,450.7071228027344,354.6816101074219,215.6402587890625,-0.08239684253931046,0.06329064816236496,2.8488595485687256,0.26401522755622864,0.20656540989875793,0.10495798289775848,452.4659423828125,353.41729736328125,216.1668243408203,-0.08103793114423752,0.06322811543941498,2.8480424880981445,0.0,0.0,0.0,0,0
1786257254.8776066,0.5790364719869103,APPROACH,FLOW,/home/eunseop/nrs_imitation/checkpoints/flow/polishing/single_cam/20260809_0014,450.7012939453125,354.64739990234375,215.60665893554688,-0.08241903781890869,0.06341168284416199,2.8488476276397705,0.14274924993515015,-0.11036969721317291,0.3605723977088928,452.5162048339844,353.3820495605469,216.1821746826172,-0.08100076019763947,0.0632241740822792,2.848018169403076,0.0,0.0,0.0,0,0
1786257254.8855906,0.5870202409860212,APPROACH,FLOW,/home/eunseop/nrs_imitation/checkpoints/flow/polishing/single_cam/20260809_0014,450.6828918457031,354.6673583984375,215.59339904785156,-0.08235634118318558,0.06338495761156082,2.8488852977752686,0.23479357361793518,-0.25990030169487,0.3508761525154114,452.56707763671875,353.346435546875,216.19772338867188,-0.080963134765625,0.06322018802165985,2.8479933738708496,0.0,0.0,0.0,0,0
1786257254.8935988,0.5950285980070475,APPROACH,FLOW,/home/eunseop/nrs_imitation/checkpoints/flow/polishing/single_cam/20260809_0014,450.680419921875,354.6755065917969,215.5869903564453,-0.08234308660030365,0.06341531872749329,2.8488738536834717,0.5617612600326538,0.3166902959346771,0.08557435870170593,452.61859130859375,353.3103332519531,216.2134552001953,-0.08092506229877472,0.06321614980697632,2.847968816757202,0.0,0.0,0.0,0,0
1786257254.901587,0.6030168349971063,APPROACH,FLOW,/home/eunseop/nrs_imitation/checkpoints/flow/polishing/single_cam/20260809_0014,450.6747131347656,354.6757507324219,215.6197052001953,-0.08235514163970947,0.06334634125232697,2.8489089012145996,0.18528428673744202,0.20991256833076477,0.35152196884155273,452.6707458496094,353.2738037109375,216.22940063476562,-0.08088649809360504,0.0632120743393898,2.8479437828063965,0.0,0.0,0.0,0,0
1786257254.9096103,0.6110401999903843,APPROACH,FLOW,/home/eunseop/nrs_imitation/checkpoints/flow/polishing/single_cam/20260809_0014,450.6747131347656,354.6757507324219,215.6197052001953,-0.08235514163970947,0.06334634125232697,2.8489089012145996,0.4015043377876282,0.17139320075511932,0.0808996632695198,452.7234802246094,353.2368469238281,216.24551391601562,-0.08084748685359955,0.06320793181657791,2.8479182720184326,0.0,0.0,0.0,0,0
1786257254.9175894,0.619019189995015,APPROACH,FLOW,/home/eunseop/nrs_imitation/checkpoints/flow/polishing/single_cam/20260809_0014,450.6813049316406,354.6954650878906,215.61737060546875,-0.08233954012393951,0.06333871185779572,2.8488974571228027,0.32660409808158875,-0.13771852850914001,0.19116058945655823,452.7768859863281,353.19940185546875,216.26181030273438,-0.08080799132585526,0.06320375204086304,2.8478922843933105,0.0,0.0,0.0,0,0
1786257254.9257016,0.6271316949860193,APPROACH,FLOW,/home/eunseop/nrs_imitation/checkpoints/flow/polishing/single_cam/20260809_0014,450.6955871582031,354.654052734375,215.60691833496094,-0.08237787336111069,0.06337533891201019,2.848836660385132,-0.22059686481952667,-0.05768498405814171,0.19539771974086761,452.83099365234375,353.1615295410156,216.27835083007812,-0.08076798915863037,0.06319951266050339,2.8478662967681885,0.0,0.0,0.0,0,0
1786257254.933585,0.6350147420016583,APPROACH,FLOW,/home/eunseop/nrs_imitation/checkpoints/flow/polishing/single_cam/20260809_0014,450.7104187011719,354.66485595703125,215.62466430664062,-0.0824568122625351,0.06336923688650131,2.84883451461792,0.2885783910751343,-0.14203910529613495,0.20019662380218506,452.885498046875,353.1233825683594,216.2949981689453,-0.0807277038693428,0.06319524347782135,2.847839832305908,0.0,0.0,0.0,0,0
1786257254.9416316,0.6430612510011997,APPROACH,FLOW,/home/eunseop/nrs_imitation/checkpoints/flow/polishing/single_cam/20260809_0014,450.7142333984375,354.65289306640625,215.61724853515625,-0.08242275565862656,0.06335967034101486,2.8488590717315674,0.20950621366500854,-0.1693865805864334,0.3198651373386383,452.9407958984375,353.0845947265625,216.3118896484375,-0.0806867927312851,0.06319090723991394,2.847813129425049,0.0,0.0,0.0,0,0
1786257254.9496143,0.6510440779966302,APPROACH,FLOW,/home/eunseop/nrs_imitation/checkpoints/flow/polishing/single_cam/20260809_0014,450.6918029785156,354.64801025390625,215.60533142089844,-0.08237776905298233,0.0633760392665863,2.848848581314087,0.6093233227729797,-0.05827141925692558,-0.016978610306978226,452.9966125488281,353.0455017089844,216.32894897460938,-0.08064553141593933,0.06318654119968414,2.8477861881256104,0.0,0.0,0.0,0,0
1786257254.9576895,0.6591193320055027,APPROACH,FLOW,/home/eunseop/nrs_imitation/checkpoints/flow/polishing/single_cam/20260809_0014,450.67340087890625,354.6643981933594,215.5908203125,-0.08234314620494843,0.06341609358787537,2.848897695541382,0.2657158374786377,0.37945255637168884,0.28112727403640747,453.0531005859375,353.0058898925781,216.34620666503906,-0.08060375601053238,0.06318210810422897,2.8477587699890137,0.0,0.0,0.0,0,0
1786257254.965612,0.6670420049922541,APPROACH,FLOW,/home/eunseop/nrs_imitation/checkpoints/flow/polishing/single_cam/20260809_0014,450.67376708984375,354.65576171875,215.58958435058594,-0.08235885947942734,0.06342301517724991,2.8488972187042236,0.714720606803894,-0.12418591976165771,0.12077020108699799,453.11004638671875,352.96600341796875,216.3636016845703,-0.08056163787841797,0.06317764520645142,2.847731351852417,0.0,0.0,0.0,0,0
1786257254.9736133,0.675043116993038,APPROACH,FLOW,/home/eunseop/nrs_imitation/checkpoints/flow/polishing/single_cam/20260809_0014,450.69024658203125,354.6790771484375,215.6168975830078,-0.08239094913005829,0.06330642104148865,2.848883867263794,0.5658652186393738,-0.20032998919487,-0.18015752732753754,453.1677551269531,352.92559814453125,216.38124084472656,-0.08051896840333939,0.06317312270402908,2.847703695297241,0.0,0.0,0.0,0,0
1786257254.981639,0.683068746002391,APPROACH,FLOW,/home/eunseop/nrs_imitation/checkpoints/flow/polishing/single_cam/20260809_0014,450.70672607421875,354.6474304199219,215.60821533203125,-0.08238328248262405,0.06336160004138947,2.8488364219665527,0.6734212636947632,0.057931166142225266,-0.15651065111160278,453.2261047363281,352.8846740722656,216.3990478515625,-0.080475814640522,0.06316854804754257,2.847675323486328,0.0,0.0,0.0,0,0
1786257254.9896057,0.6910355929867364,APPROACH,FLOW,/home/eunseop/nrs_imitation/checkpoints/flow/polishing/single_cam/20260809_0014,450.7031555175781,354.6567687988281,215.6156005859375,-0.0824006199836731,0.06336810439825058,2.8488717079162598,0.7208443284034729,-0.06616270542144775,0.06286093592643738,453.28485107421875,352.84356689453125,216.4169921875,-0.08043238520622253,0.06316395103931427,2.847646951675415,0.0,0.0,0.0,0,0
1786257254.997654,0.69908392499201,APPROACH,FLOW,/home/eunseop/nrs_imitation/checkpoints/flow/polishing/single_cam/20260809_0014,450.7018737792969,354.6518249511719,215.6014862060547,-0.08238393068313599,0.06336131691932678,2.848848342895508,0.3261075019836426,0.033400580286979675,0.11431531608104706,453.3442687988281,352.8019104003906,216.43516540527344,-0.08038842678070068,0.06315929442644119,2.847618341445923,0.0,0.0,0.0,0,0
1786257255.0055962,0.7070259749889374,APPROACH,FLOW,/home/eunseop/nrs_imitation/checkpoints/flow/polishing/single_cam/20260809_0014,450.7041015625,354.67327880859375,215.61854553222656,-0.08243174105882645,0.06334241479635239,2.8488826751708984,0.4296679198741913,0.04301350191235542,0.22528629004955292,453.40435791015625,352.7598571777344,216.45350646972656,-0.08034402877092361,0.06315459311008453,2.8475894927978516,0.0,0.0,0.0,0,0
1786257255.0136118,0.7150415549986064,APPROACH,FLOW,/home/eunseop/nrs_imitation/checkpoints/flow/polishing/single_cam/20260809_0014,450.6895446777344,354.6779479980469,215.6229248046875,-0.08237791061401367,0.06333370506763458,2.8488247394561768,0.6175538301467896,-0.4366668164730072,-0.009287292137742043,453.4649658203125,352.71734619140625,216.4720458984375,-0.08029916882514954,0.0631498321890831,2.847559928894043,0.0,0.0,0.0,0,0
1786257255.0217278,0.723157636995893,APPROACH,FLOW,/home/eunseop/nrs_imitation/checkpoints/flow/polishing/single_cam/20260809_0014,450.6895446777344,354.6779479980469,215.6229248046875,-0.08237791061401367,0.06333370506763458,2.8488247394561768,0.6175538301467896,-0.4366668164730072,-0.009287292137742043,453.5266418457031,352.6741638183594,216.49087524414062,-0.08025360852479935,0.06314500421285629,2.8475301265716553,0.0,0.0,0.0,0,0
1786257255.029677,0.7311067599803209,APPROACH,FLOW,/home/eunseop/nrs_imitation/checkpoints/flow/polishing/single_cam/20260809_0014,450.65765380859375,354.67938232421875,215.5900115966797,-0.082288958132267,0.0634126290678978,2.848935127258301,0.4678208827972412,-0.14484508335590363,0.1487487256526947,453.5881652832031,352.63104248046875,216.50967407226562,-0.08020808547735214,0.06314018368721008,2.8475005626678467,0.0,0.0,0.0,0,0
1786257255.037666,0.7390960500051733,APPROACH,FLOW,/home/eunseop/nrs_imitation/checkpoints/flow/polishing/single_cam/20260809_0014,450.6936340332031,354.6352233886719,215.59033203125,-0.08241180330514908,0.06342948973178864,2.848883628845215,0.2904040515422821,0.12894348800182343,0.45923924446105957,453.6505432128906,352.58734130859375,216.5287322998047,-0.08016195893287659,0.0631352961063385,2.84747052192688,0.0,0.0,0.0,0,0
1786257255.0456688,0.747098844993161,APPROACH,FLOW,/home/eunseop/nrs_imitation/checkpoints/flow/polishing/single_cam/20260809_0014,450.70166015625,354.6758117675781,215.5982666015625,-0.08237810432910919,0.06337786465883255,2.8488962650299072,0.2314808964729309,0.016277318820357323,0.05398358404636383,453.7135009765625,352.543212890625,216.54795837402344,-0.080115407705307,0.06313035637140274,2.847440004348755,0.0,0.0,0.0,0,0
1786257255.0547416,0.7561713439936284,APPROACH,FLOW,/home/eunseop/nrs_imitation/checkpoints/flow/polishing/single_cam/20260809_0014,450.684326171875,354.64825439453125,215.59732055664062,-0.08237171173095703,0.06339006870985031,2.84883713722229,0.5492389798164368,-0.11206607520580292,0.26319873332977295,453.78594970703125,352.49249267578125,216.57009887695312,-0.08006185293197632,0.06312469393014908,2.847404956817627,0.0,0.0,0.0,0,0
1786257255.0616431,0.7630729959928431,APPROACH,FLOW,/home/eunseop/nrs_imitation/checkpoints/flow/polishing/single_cam/20260809_0014,450.68487548828125,354.6455993652344,215.58961486816406,-0.08239245414733887,0.0634753480553627,2.8488965034484863,0.3902166187763214,-0.09484770894050598,0.7493811249732971,453.8410339355469,352.453857421875,216.58692932128906,-0.08002109080553055,0.06312036514282227,2.8473782539367676,0.0,0.0,0.0,0,0
1786257255.0695992,0.7710291429830249,APPROACH,FLOW,/home/eunseop/nrs_imitation/checkpoints/flow/polishing/single_cam/20260809_0014,450.6859130859375,354.6629943847656,215.60662841796875,-0.08238578587770462,0.06336116790771484,2.848896026611328,-0.018619948998093605,0.14584887027740479,0.20882488787174225,453.9056701660156,352.4085998535156,216.60667419433594,-0.07997330278158188,0.06311530619859695,2.8473472595214844,0.0,0.0,0.0,0,0
1786257255.0776207,0.7790505139855668,APPROACH,FLOW,/home/eunseop/nrs_imitation/checkpoints/flow/polishing/single_cam/20260809_0014,450.6702575683594,354.6808776855469,215.60621643066406,-0.08234860002994537,0.06336238980293274,2.848921298980713,0.1685943305492401,0.12135493755340576,-0.026347007602453232,453.970947265625,352.36285400390625,216.62661743164062,-0.0799250453710556,0.06311019510030746,2.847315788269043,0.0,0.0,0.0,0,0
1786257255.0856404,0.7870702509826515,APPROACH,FLOW,/home/eunseop/nrs_imitation/checkpoints/flow/polishing/single_cam/20260809_0014,450.6702575683594,354.6808776855469,215.60621643066406,-0.08234860002994537,0.06336238980293274,2.848921298980713,0.1685943305492401,0.12135493755340576,-0.026347007602453232,454.036865234375,352.316650390625,216.64674377441406,-0.07987628877162933,0.0631050243973732,2.8472838401794434,0.0,0.0,0.0,0,0
1786257255.0936003,0.7950301649980247,APPROACH,FLOW,/home/eunseop/nrs_imitation/checkpoints/flow/polishing/single_cam/20260809_0014,450.69305419921875,354.6500244140625,215.61904907226562,-0.08237766474485397,0.06337673962116241,2.848860502243042,0.7416317462921143,-0.030087051913142204,0.28386005759239197,454.1031188964844,352.2702331542969,216.66700744628906,-0.07982728630304337,0.06309983134269714,2.8472516536712646,0.0,0.0,0.0,0,0
1786257255.101643,0.8030727469886187,APPROACH,FLOW,/home/eunseop/nrs_imitation/checkpoints/flow/polishing/single_cam/20260809_0014,450.6994934082031,354.6480407714844,215.6268310546875,-0.08239112794399261,0.06334498524665833,2.8488478660583496,0.40952861309051514,0.002723763696849346,0.4932017922401428,454.1701965332031,352.2232666015625,216.68748474121094,-0.07977771013975143,0.06309457868337631,2.847219228744507,0.0,0.0,0.0,0,0
1786257255.1096046,0.8110343629959971,APPROACH,FLOW,/home/eunseop/nrs_imitation/checkpoints/flow/polishing/single_cam/20260809_0014,450.6923522949219,354.6731872558594,215.6094970703125,-0.08239281177520752,0.06334476172924042,2.848883867263794,0.30534353852272034,0.06883306801319122,0.3479354679584503,454.237548828125,352.1760559082031,216.7080841064453,-0.07972788065671921,0.06308930367231369,2.847186803817749,0.0,0.0,0.0,0,0
1786257255.1176593,0.8190893489809241,APPROACH,FLOW,/home/eunseop/nrs_imitation/checkpoints/flow/polishing/single_cam/20260809_0014,450.6695861816406,354.6582946777344,215.6023406982422,-0.08235000818967819,0.06339961290359497,2.8488736152648926,0.6150723099708557,-0.08807558566331863,0.0644935742020607,454.3057556152344,352.1282653808594,216.72891235351562,-0.07967744022607803,0.0630839541554451,2.847153902053833,0.0,0.0,0.0,0,0
1786257255.125654,0.8270837979798671,APPROACH,FLOW,/home/eunseop/nrs_imitation/checkpoints/flow/polishing/single_cam/20260809_0014,450.69091796875,354.6766357421875,215.60951232910156,-0.08241249620914459,0.06338756531476974,2.848883628845215,0.04678111895918846,0.08805745840072632,0.45264580845832825,454.37432861328125,352.0802307128906,216.74986267089844,-0.07962674647569656,0.06307858228683472,2.847120761871338,0.0,0.0,0.0,0,0
1786257255.133632,0.8350619270058814,APPROACH,FLOW,/home/eunseop/nrs_imitation/checkpoints/flow/polishing/single_cam/20260809_0014,450.709716796875,354.6695251464844,215.6317901611328,-0.0824965089559555,0.0633675828576088,2.8488690853118896,0.4203253388404846,0.01814049296081066,0.17818251252174377,454.4434814453125,352.03179931640625,216.77098083496094,-0.07957562804222107,0.06307317316532135,2.8470876216888428,0.0,0.0,0.0,0,0
1786257255.141603,0.8430328409885988,APPROACH,FLOW,/home/eunseop/nrs_imitation/checkpoints/flow/polishing/single_cam/20260809_0014,450.6976623535156,354.6543273925781,215.58798217773438,-0.08236119151115417,0.06337080150842667,2.8488609790802,0.15726758539676666,-0.01677234098315239,0.33743956685066223,454.5130920410156,351.9830322265625,216.79225158691406,-0.07952412962913513,0.0630677118897438,2.8470537662506104,0.0,0.0,0.0,0,0
1786257255.1496348,0.851064761984162,APPROACH,FLOW,/home/eunseop/nrs_imitation/checkpoints/flow/polishing/single_cam/20260809_0014,450.6948547363281,354.6835021972656,215.6251678466797,-0.08237481117248535,0.06329838186502457,2.848860263824463,0.15726758539676666,-0.01677234098315239,0.33743956685066223,454.58343505859375,351.9337463378906,216.81375122070312,-0.0794721245765686,0.06306219846010208,2.847019910812378,0.0,0.0,0.0,0,0
1786257255.1576447,0.8590747819980606,APPROACH,FLOW,/home/eunseop/nrs_imitation/checkpoints/flow/polishing/single_cam/20260809_0014,450.70025634765625,354.63995361328125,215.60568237304688,-0.08239307999610901,0.06338261812925339,2.8488242626190186,0.2956089377403259,-0.09350327402353287,0.43798795342445374,454.6542053222656,351.8841247558594,216.8353729248047,-0.07941976189613342,0.06305665522813797,2.8469855785369873,0.0,0.0,0.0,0,0
1786257255.1656003,0.8670300969970413,APPROACH,FLOW,/home/eunseop/nrs_imitation/checkpoints/flow/polishing/single_cam/20260809_0014,450.6968688964844,354.6317443847656,215.61001586914062,-0.08235611766576767,0.06342092901468277,2.848778009414673,0.5192749500274658,0.22905233502388,0.2732113003730774,454.7254943847656,351.834228515625,216.85714721679688,-0.07936707884073257,0.06305107474327087,2.8469512462615967,0.0,0.0,0.0,0,0
1786257255.1735826,0.8750125030055642,APPROACH,FLOW,/home/eunseop/nrs_imitation/checkpoints/flow/polishing/single_cam/20260809_0014,450.6964416503906,354.6675109863281,215.60910034179688,-0.08237188309431076,0.06339013576507568,2.848848819732666,0.544886589050293,0.1594548225402832,0.4584895670413971,454.79736328125,351.7838439941406,216.87908935546875,-0.07931393384933472,0.063045434653759,2.846916437149048,0.0,0.0,0.0,0,0
1786257255.1815832,0.8830130040005315,APPROACH,FLOW,/home/eunseop/nrs_imitation/checkpoints/flow/polishing/single_cam/20260809_0014,450.6881103515625,354.6421813964844,215.5833740234375,-0.08234288543462753,0.06345520913600922,2.8488500118255615,0.1298093944787979,-0.1620011180639267,0.16713549196720123,454.8697814941406,351.7331237792969,216.90122985839844,-0.07926037162542343,0.06303976476192474,2.846881628036499,0.0,0.0,0.0,0,0
1786257255.1896129,0.8910425310023129,APPROACH,FLOW,/home/eunseop/nrs_imitation/checkpoints/flow/polishing/single_cam/20260809_0014,450.685302734375,354.67120361328125,215.60740661621094,-0.08234952390193939,0.06339996308088303,2.8488736152648926,-0.01052402425557375,-0.0961306244134903,0.2946034371852875,454.94287109375,351.681884765625,216.92355346679688,-0.07920633256435394,0.06303403526544571,2.846846342086792,0.0,0.0,0.0,0,0
1786257255.1976154,0.8990451160061639,APPROACH,FLOW,/home/eunseop/nrs_imitation/checkpoints/flow/polishing/single_cam/20260809_0014,450.6802978515625,354.6568603515625,215.5904998779297,-0.08236098289489746,0.06346073001623154,2.8488855361938477,0.21880950033664703,0.0568397082388401,0.3136783838272095,455.0162353515625,351.6305236816406,216.9459686279297,-0.07915209978818893,0.06302829086780548,2.846811056137085,0.0,0.0,0.0,0,0
1786257255.2055905,0.9070202790026087,APPROACH,FLOW,/home/eunseop/nrs_imitation/checkpoints/flow/polishing/single_cam/20260809_0014,450.6930847167969,354.6806640625,215.6365509033203,-0.08234642446041107,0.0633646696805954,2.848909616470337,0.5864683389663696,0.06382907927036285,0.366248220205307,455.0901794433594,351.57867431640625,216.96856689453125,-0.07909739017486572,0.06302249431610107,2.8467750549316406,0.0,0.0,0.0,0,0
1786257255.21398,0.9154098329890985,APPROACH,FLOW,/home/eunseop/nrs_imitation/checkpoints/flow/polishing/single_cam/20260809_0014,450.64404296875,354.6854248046875,215.57557678222656,-0.082241952419281,0.06339115649461746,2.8489365577697754,0.46544069051742554,-0.017946142703294754,0.22856302559375763,455.168212890625,351.5240478515625,216.99241638183594,-0.07903970032930374,0.0630163848400116,2.8467373847961426,0.0,0.0,0.0,0,0
1786257255.2216468,0.923076637001941,APPROACH,FLOW,/home/eunseop/nrs_imitation/checkpoints/flow/polishing/single_cam/20260809_0014,450.70733642578125,354.6327209472656,215.6188507080078,-0.08241811394691467,0.0634109154343605,2.848811626434326,0.6213753819465637,-0.2221137434244156,0.31159040331840515,455.2398681640625,351.47381591796875,217.0142822265625,-0.07898671180009842,0.06301076710224152,2.846702814102173,0.0,0.0,0.0,0,0
1786257255.2296102,0.9310400969989132,APPROACH,FLOW,/home/eunseop/nrs_imitation/checkpoints/flow/polishing/single_cam/20260809_0014,450.6907653808594,354.62774658203125,215.57481384277344,-0.08236083388328552,0.06350138038396835,2.8488736152648926,0.16592352092266083,-0.022427180781960487,0.5388877987861633,455.3153381347656,351.4209289550781,217.037353515625,-0.07893089205026627,0.06300485134124756,2.8466663360595703,0.0,0.0,0.0,0,0
1786257255.2375922,0.9390222729998641,APPROACH,FLOW,/home/eunseop/nrs_imitation/checkpoints/flow/polishing/single_cam/20260809_0014,450.68548583984375,354.67437744140625,215.60821533203125,-0.08238675445318222,0.06335878372192383,2.848872184753418,0.19626125693321228,-0.1305197775363922,0.35455411672592163,455.39141845703125,351.36761474609375,217.0605926513672,-0.07887464761734009,0.06299889087677002,2.8466293811798096,0.0,0.0,0.0,0,0
1786257255.2455893,0.947019087994704,APPROACH,FLOW,/home/eunseop/nrs_imitation/checkpoints/flow/polishing/single_cam/20260809_0014,450.71392822265625,354.6558837890625,215.6046142578125,-0.08236730098724365,0.06335362792015076,2.8488128185272217,0.23241165280342102,0.16286015510559082,0.057025108486413956,455.468017578125,351.3139953613281,217.08401489257812,-0.07881800830364227,0.0629928931593895,2.846592664718628,0.0,0.0,0.0,0,0
1786257255.2535834,0.9550132669974118,APPROACH,FLOW,/home/eunseop/nrs_imitation/checkpoints/flow/polishing/single_cam/20260809_0014,450.6711120605469,354.66375732421875,215.5833740234375,-0.08234570920467377,0.06345267593860626,2.848874092102051,0.24551111459732056,-0.046725112944841385,0.44461295008659363,455.54510498046875,351.25994873046875,217.10755920410156,-0.07876099646091461,0.06298685073852539,2.846555471420288,0.0,0.0,0.0,0,0
1786257255.261609,0.9630389259837102,APPROACH,FLOW,/home/eunseop/nrs_imitation/checkpoints/flow/polishing/single_cam/20260809_0014,450.6961364746094,354.6549377441406,215.60047912597656,-0.08237084746360779,0.06339175254106522,2.848848819732666,0.16556398570537567,0.18660253286361694,0.3825436234474182,455.62274169921875,351.20556640625,217.1312713623047,-0.07870358973741531,0.0629807636141777,2.84651780128479,0.0,0.0,0.0,0,0
1786257255.269592,0.971021903998917,APPROACH,FLOW,/home/eunseop/nrs_imitation/checkpoints/flow/polishing/single_cam/20260809_0014,450.668212890625,354.6382141113281,215.59239196777344,-0.08230259269475937,0.06341942399740219,2.848875045776367,0.03909343108534813,0.1197766587138176,0.41739422082901,455.7008361816406,351.1508483886719,217.15512084960938,-0.07864584028720856,0.06297464668750763,2.846480369567871,0.0,0.0,0.0,0,0
1786257255.2776005,0.9790304299967829,APPROACH,FLOW,/home/eunseop/nrs_imitation/checkpoints/flow/polishing/single_cam/20260809_0014,450.7041015625,354.65185546875,215.62142944335938,-0.0824330598115921,0.06338033825159073,2.8488588333129883,0.38627567887306213,-0.01284034177660942,0.4890272915363312,455.7795104980469,351.09576416015625,217.17916870117188,-0.07858767360448837,0.06296848505735397,2.846442222595215,0.0,0.0,0.0,0,0
1786257255.2856035,0.9870334959996399,APPROACH,FLOW,/home/eunseop/nrs_imitation/checkpoints/flow/polishing/single_cam/20260809_0014,450.6940002441406,354.693603515625,215.6198272705078,-0.0824408307671547,0.0633244588971138,2.8488943576812744,0.6611770391464233,-0.15015122294425964,0.08406712859869003,455.8586120605469,351.04034423828125,217.2033233642578,-0.07852917909622192,0.06296228617429733,2.8464040756225586,0.0,0.0,0.0,0,0
1786257255.293617,0.9950467009912245,APPROACH,FLOW,/home/eunseop/nrs_imitation/checkpoints/flow/polishing/single_cam/20260809_0014,450.66436767578125,354.647216796875,215.5994110107422,-0.0823192223906517,0.06342711299657822,2.848910331726074,0.44841110706329346,-0.10734587907791138,0.5225091576576233,455.93829345703125,350.9844665527344,217.2276611328125,-0.07847024500370026,0.06295604258775711,2.846365451812744,0.0,0.0,0.0,0,0
1786257255.3015864,1.0030162629846018,APPROACH,FLOW,/home/eunseop/nrs_imitation/checkpoints/flow/polishing/single_cam/20260809_0014,450.7010498046875,354.6562194824219,215.60821533203125,-0.08240339905023575,0.06340552866458893,2.848871946334839,0.7512363791465759,0.13834518194198608,0.050619713962078094,456.0183410644531,350.92840576171875,217.2521209716797,-0.07841106504201889,0.0629497691988945,2.8463268280029297,0.0,0.0,0.0,0,0
1786257255.3097627,1.011192759993719,APPROACH,FLOW,/home/eunseop/nrs_imitation/checkpoints/flow/polishing/single_cam/20260809_0014,450.70989990234375,354.6675109863281,215.6323699951172,-0.08243565261363983,0.06328675895929337,2.848822593688965,-0.11398496478796005,-0.11608856916427612,0.1345115453004837,456.0995788574219,350.87152099609375,217.27694702148438,-0.07835099846124649,0.06294340640306473,2.846287727355957,0.0,0.0,0.0,0,0
1786257255.3177216,1.0191515919868834,APPROACH,FLOW,/home/eunseop/nrs_imitation/checkpoints/flow/polishing/single_cam/20260809_0014,450.6745300292969,354.672607421875,215.59271240234375,-0.08232498168945312,0.06336963921785355,2.848862409591675,0.1265004277229309,0.1620493084192276,0.21044117212295532,456.1806640625,350.8146667480469,217.3017120361328,-0.07829102873802185,0.06293705105781555,2.8462483882904053,0.0,0.0,0.0,0,0
1786257255.32687,1.0282998659822624,APPROACH,FLOW,/home/eunseop/nrs_imitation/checkpoints/flow/polishing/single_cam/20260809_0014,450.68994140625,354.68438720703125,215.6171875,-0.08240344375371933,0.06336557120084763,2.848895788192749,0.522407591342926,-0.19087283313274384,0.14231476187705994,456.2744140625,350.7490234375,217.3303680419922,-0.07822170853614807,0.06292970478534698,2.846203327178955,0.0,0.0,0.0,0,0
1786257255.3336318,1.0350615209899843,APPROACH,FLOW,/home/eunseop/nrs_imitation/checkpoints/flow/polishing/single_cam/20260809_0014,450.6908264160156,354.64923095703125,215.58506774902344,-0.08236680924892426,0.06344418227672577,2.848837375640869,0.7185628414154053,-0.10704004019498825,0.1061219722032547,456.3438415527344,350.7003479003906,217.35157775878906,-0.07817034423351288,0.06292426586151123,2.8461697101593018,0.0,0.0,0.0,0,0
1786257255.3416119,1.0430415229930077,APPROACH,FLOW,/home/eunseop/nrs_imitation/checkpoints/flow/polishing/single_cam/20260809_0014,450.6876525878906,354.6657409667969,215.60047912597656,-0.08237204700708389,0.06339188665151596,2.8488848209381104,0.4846816062927246,0.2880919575691223,-0.05051726475358009,456.42633056640625,350.642578125,217.37677001953125,-0.07810937613248825,0.0629177987575531,2.846129894256592,0.0,0.0,0.0,0,0
1786257255.349586,1.0510156329837628,APPROACH,FLOW,/home/eunseop/nrs_imitation/checkpoints/flow/polishing/single_cam/20260809_0014,450.6868591308594,354.6736755371094,215.6084747314453,-0.08236364275217056,0.06336792558431625,2.8488729000091553,0.2851051390171051,0.07799099385738373,0.34598952531814575,456.50933837890625,350.58441162109375,217.40213012695312,-0.0780479833483696,0.06291130185127258,2.8460898399353027,0.0,0.0,0.0,0,0
1786257255.35781,1.059239901980618,APPROACH,FLOW,/home/eunseop/nrs_imitation/checkpoints/flow/polishing/single_cam/20260809_0014,450.68499755859375,354.6707458496094,215.6143035888672,-0.08237721025943756,0.06333713233470917,2.848872423171997,0.3075923025608063,-0.27664437890052795,0.45042848587036133,456.5937805175781,350.5252380371094,217.4279327392578,-0.07798554003238678,0.06290467828512192,2.8460488319396973,0.0,0.0,0.0,0,0
1786257255.365746,1.0671758399985265,APPROACH,FLOW,/home/eunseop/nrs_imitation/checkpoints/flow/polishing/single_cam/20260809_0014,450.7095642089844,354.67626953125,215.64675903320312,-0.08242639154195786,0.06326616555452347,2.848858594894409,0.38770759105682373,-0.13283346593379974,0.12468075007200241,456.677490234375,350.46661376953125,217.45352172851562,-0.07792365550994873,0.06289812922477722,2.846008777618408,0.0,0.0,0.0,0,0
1786257255.3736446,1.075074296008097,APPROACH,FLOW,/home/eunseop/nrs_imitation/checkpoints/flow/polishing/single_cam/20260809_0014,450.67218017578125,354.6809387207031,215.6131591796875,-0.08232531696557999,0.0633714571595192,2.848909854888916,0.5661459565162659,0.11999779939651489,0.25992271304130554,456.7614440917969,350.40777587890625,217.47915649414062,-0.07786155492067337,0.06289154291152954,2.845968008041382,0.0,0.0,0.0,0,0
1786257255.381595,1.0830246709811036,APPROACH,FLOW,/home/eunseop/nrs_imitation/checkpoints/flow/polishing/single_cam/20260809_0014,450.68603515625,354.67864990234375,215.6157989501953,-0.0823381245136261,0.06333997845649719,2.8488852977752686,0.5400384664535522,0.2764773964881897,0.23551562428474426,456.8462829589844,350.34832763671875,217.5050811767578,-0.07779883593320847,0.06288489699363708,2.8459270000457764,0.0,0.0,0.0,0,0
1786257255.3896048,1.0910346299933735,APPROACH,FLOW,/home/eunseop/nrs_imitation/checkpoints/flow/polishing/single_cam/20260809_0014,450.6938171386719,354.6725158691406,215.6229248046875,-0.08237683027982712,0.06333678960800171,2.848860502243042,0.2864186763763428,-0.29891759157180786,0.07396841049194336,456.9316711425781,350.2884826660156,217.53115844726562,-0.07773566991090775,0.06287820637226105,2.845885753631592,0.0,0.0,0.0,0,0
1786257255.3976035,1.0990334879898,APPROACH,FLOW,/home/eunseop/nrs_imitation/checkpoints/flow/polishing/single_cam/20260809_0014,450.6906433105469,354.6797180175781,215.61004638671875,-0.08236364275217056,0.06336792558431625,2.8488729000091553,-0.20814180374145508,-0.36507219076156616,0.3495776951313019,457.017578125,350.22833251953125,217.5574188232422,-0.07767216861248016,0.06287147849798203,2.845844268798828,0.0,0.0,0.0,0,0
1786257255.4055836,1.107013389992062,APPROACH,FLOW,/home/eunseop/nrs_imitation/checkpoints/flow/polishing/single_cam/20260809_0014,450.6802062988281,354.6481018066406,215.59661865234375,-0.08233938366174698,0.06337712705135345,2.8488378524780273,0.5418468713760376,-0.01669451594352722,0.5282189249992371,457.1038818359375,350.1678771972656,217.5837860107422,-0.07760834693908691,0.06286471337080002,2.8458027839660645,0.0,0.0,0.0,0,0
1786257255.413614,1.1150440189812798,APPROACH,FLOW,/home/eunseop/nrs_imitation/checkpoints/flow/polishing/single_cam/20260809_0014,450.6869812011719,354.64312744140625,215.5966033935547,-0.08237335085868835,0.0634298026561737,2.848849058151245,0.3747809827327728,-0.28472229838371277,0.34109774231910706,457.1907043457031,350.10699462890625,217.6103057861328,-0.07754413038492203,0.06285791099071503,2.8457608222961426,0.0,0.0,0.0,0,0
1786257255.421611,1.1230408730043564,APPROACH,FLOW,/home/eunseop/nrs_imitation/checkpoints/flow/polishing/single_cam/20260809_0014,450.6733703613281,354.6707458496094,215.59242248535156,-0.08233168721199036,0.06335533410310745,2.8488857746124268,0.24039731919765472,0.09930568933486938,0.5098966360092163,457.2779541015625,350.0458984375,217.636962890625,-0.07747960835695267,0.06285107135772705,2.8457186222076416,0.0,0.0,0.0,0,0
1786257255.4296198,1.1310496899823193,APPROACH,FLOW,/home/eunseop/nrs_imitation/checkpoints/flow/polishing/single_cam/20260809_0014,450.6946105957031,354.6617126464844,215.60142517089844,-0.08236195892095566,0.06336981803178787,2.8488609790802,0.441364049911499,-0.2017848938703537,0.16191495954990387,457.36566162109375,349.98443603515625,217.66375732421875,-0.07741475850343704,0.06284420192241669,2.8456764221191406,0.0,0.0,0.0,0,0
1786257255.4375908,1.1390205849893391,APPROACH,FLOW,/home/eunseop/nrs_imitation/checkpoints/flow/polishing/single_cam/20260809_0014,450.6971435546875,354.6499938964844,215.60630798339844,-0.08240333199501038,0.06340475380420685,2.8488481044769287,0.18093524873256683,0.19755510985851288,0.21111585199832916,457.4538269042969,349.9226989746094,217.69070434570312,-0.07734958082437515,0.06283729523420334,2.8456337451934814,0.0,0.0,0.0,0,0
1786257255.4456167,1.1470463940058835,APPROACH,FLOW,/home/eunseop/nrs_imitation/checkpoints/flow/polishing/single_cam/20260809_0014,450.69659423828125,354.6613464355469,215.5947265625,-0.0823969617486,0.06342087686061859,2.848872184753418,0.4257622957229614,-0.06971938163042068,0.19117791950702667,457.54248046875,349.8605651855469,217.7177734375,-0.07728399336338043,0.06283034384250641,2.845590829849243,0.0,0.0,0.0,0,0
1786257255.4536338,1.1550637779873796,APPROACH,FLOW,/home/eunseop/nrs_imitation/checkpoints/flow/polishing/single_cam/20260809_0014,450.6943664550781,354.652099609375,215.5934600830078,-0.08237787336111069,0.06337533891201019,2.848836660385132,0.6167730689048767,-0.04026588052511215,0.230512335896492,457.6316833496094,349.7980651855469,217.74502563476562,-0.07721804082393646,0.0628233551979065,2.845547676086426,0.0,0.0,0.0,0,0
1786257255.461619,1.1630489189992659,APPROACH,FLOW,/home/eunseop/nrs_imitation/checkpoints/flow/polishing/single_cam/20260809_0014,450.66363525390625,354.6766357421875,215.61766052246094,-0.08231647312641144,0.06334805488586426,2.84889817237854,0.4102642834186554,0.05042511224746704,0.10709496587514877,457.72113037109375,349.73541259765625,217.77235412597656,-0.07715191692113876,0.06281635165214539,2.8455047607421875,0.0,0.0,0.0,0,0
1786257255.469612,1.1710416860005353,APPROACH,FLOW,/home/eunseop/nrs_imitation/checkpoints/flow/polishing/single_cam/20260809_0014,450.7019348144531,354.65191650390625,215.61465454101562,-0.0823911651968956,0.06334351003170013,2.8488123416900635,0.35615772008895874,0.14428892731666565,0.5104509592056274,457.8109130859375,349.6724853515625,217.7998046875,-0.07708550244569778,0.06280931085348129,2.845461368560791,0.0,0.0,0.0,0,0
1786257255.477644,1.179073866980616,APPROACH,FLOW,/home/eunseop/nrs_imitation/checkpoints/flow/polishing/single_cam/20260809_0014,450.6980285644531,354.62139892578125,215.5761260986328,-0.08235514909029007,0.06342331320047379,2.848801612854004,0.3324665427207947,0.07639533281326294,0.0783744752407074,457.9015197753906,349.6090087890625,217.8274688720703,-0.07701852172613144,0.06280221045017242,2.8454174995422363,0.0,0.0,0.0,0,0
1786257255.4856865,1.1871164589829277,APPROACH,FLOW,/home/eunseop/nrs_imitation/checkpoints/flow/polishing/single_cam/20260809_0014,450.6980285644531,354.62139892578125,215.5761260986328,-0.08235514909029007,0.06342331320047379,2.848801612854004,0.3324665427207947,0.07639533281326294,0.0783744752407074,457.9929504394531,349.5449523925781,217.8553924560547,-0.07695090025663376,0.06279505044221878,2.8453731536865234,0.0,0.0,0.0,0,0
1786257255.493605,1.1950348230020609,APPROACH,FLOW,/home/eunseop/nrs_imitation/checkpoints/flow/polishing/single_cam/20260809_0014,450.6700134277344,354.6897277832031,215.63404846191406,-0.08234715461730957,0.06332124769687653,2.8488733768463135,0.41249942779541016,0.055284082889556885,0.3241957724094391,458.08331298828125,349.48162841796875,217.8830108642578,-0.07688408344984055,0.0627879723906517,2.845329523086548,0.0,0.0,0.0,0,0
1786257255.5015838,1.2030136729881633,APPROACH,FLOW,/home/eunseop/nrs_imitation/checkpoints/flow/polishing/single_cam/20260809_0014,450.6865234375,354.6644287109375,215.61387634277344,-0.08232127130031586,0.06333144754171371,2.8488261699676514,0.4058409333229065,-0.1131763607263565,0.09848782420158386,458.1749572753906,349.41748046875,217.9110107421875,-0.07681632041931152,0.06278079003095627,2.845285415649414,0.0,0.0,0.0,0,0
1786257255.5095952,1.211024924996309,APPROACH,FLOW,/home/eunseop/nrs_imitation/checkpoints/flow/polishing/single_cam/20260809_0014,450.7018737792969,354.6946716308594,215.634765625,-0.08238183706998825,0.06328197568655014,2.8488481044769287,0.38922715187072754,0.09892551600933075,0.3019610643386841,458.26708984375,349.3529052734375,217.93914794921875,-0.07674819976091385,0.06277357041835785,2.845240831375122,0.0,0.0,0.0,0,0
1786257255.5176072,1.219037078000838,APPROACH,FLOW,/home/eunseop/nrs_imitation/checkpoints/flow/polishing/single_cam/20260809_0014,450.6933898925781,354.6383361816406,215.59088134765625,-0.08236316591501236,0.06340844184160233,2.848849058151245,0.45739778876304626,-0.023548699915409088,0.08612252026796341,458.359619140625,349.2880554199219,217.96742248535156,-0.0766797661781311,0.06276632100343704,2.84519624710083,0.0,0.0,0.0,0,0
1786257255.5256007,1.2270305659912992,APPROACH,FLOW,/home/eunseop/nrs_imitation/checkpoints/flow/polishing/single_cam/20260809_0014,450.6926574707031,354.6764831542969,215.61611938476562,-0.08238856494426727,0.06339859962463379,2.8488962650299072,0.41896653175354004,-0.01219728123396635,0.6280423998832703,458.4525146484375,349.22296142578125,217.99581909179688,-0.07661104202270508,0.06275903433561325,2.84515118598938,0.0,0.0,0.0,0,0
1786257255.5336194,1.2350492019904777,APPROACH,FLOW,/home/eunseop/nrs_imitation/checkpoints/flow/polishing/single_cam/20260809_0014,450.7061767578125,354.6673889160156,215.61114501953125,-0.08243381977081299,0.06337935477495193,2.8488590717315674,0.3990037143230438,-0.07583798468112946,0.44532814621925354,458.546142578125,349.1573791503906,218.0244140625,-0.07654182612895966,0.06275170296430588,2.8451061248779297,0.0,0.0,0.0,0,0
1786257255.541641,1.2430708530009724,APPROACH,FLOW,/home/eunseop/nrs_imitation/checkpoints/flow/polishing/single_cam/20260809_0014,450.677490234375,354.6708679199219,215.59312438964844,-0.08236391097307205,0.06336896866559982,2.8488967418670654,0.5784285068511963,0.18494415283203125,0.14480942487716675,458.6400146484375,349.09161376953125,218.05308532714844,-0.0764724388718605,0.06274434924125671,2.8450608253479004,0.0,0.0,0.0,0,0
1786257255.5495918,1.2510215890069958,APPROACH,FLOW,/home/eunseop/nrs_imitation/checkpoints/flow/polishing/single_cam/20260809_0014,450.68121337890625,354.6647033691406,215.6127166748047,-0.0823771059513092,0.06333783268928528,2.848884344100952,0.4317285120487213,0.07035869359970093,0.36377227306365967,458.7339782714844,349.0257568359375,218.081787109375,-0.0764029398560524,0.06273698806762695,2.845015287399292,0.0,0.0,0.0,0,0
1786257255.5576525,1.259082264994504,APPROACH,FLOW,/home/eunseop/nrs_imitation/checkpoints/flow/polishing/single_cam/20260809_0014,450.6836242675781,354.6319885253906,215.58717346191406,-0.08231256902217865,0.0634806826710701,2.848850965499878,0.18222974240779877,-0.3750463128089905,-0.20700806379318237,458.828857421875,348.95928955078125,218.11077880859375,-0.07633277773857117,0.06272955238819122,2.8449695110321045,0.0,0.0,0.0,0,0
1786257255.5655928,1.267022811982315,APPROACH,FLOW,/home/eunseop/nrs_imitation/checkpoints/flow/polishing/single_cam/20260809_0014,450.6974792480469,354.6448059082031,215.5931854248047,-0.0823841392993927,0.06335991621017456,2.8488245010375977,0.5456055998802185,0.1045999675989151,0.13151103258132935,458.923583984375,348.8929443359375,218.13973999023438,-0.07626274228096008,0.06272213160991669,2.844923734664917,0.0,0.0,0.0,0,0
1786257255.5736027,1.2750323799846228,APPROACH,FLOW,/home/eunseop/nrs_imitation/checkpoints/flow/polishing/single_cam/20260809_0014,450.7057800292969,354.66094970703125,215.6168975830078,-0.08240807056427002,0.06334888935089111,2.8488118648529053,0.29531213641166687,-0.0560293085873127,0.46811220049858093,459.01904296875,348.82611083984375,218.16888427734375,-0.07619217038154602,0.06271465122699738,2.8448777198791504,0.0,0.0,0.0,0,0
1786257255.581888,1.2833179059962276,APPROACH,FLOW,/home/eunseop/nrs_imitation/checkpoints/flow/polishing/single_cam/20260809_0014,450.7057800292969,354.66094970703125,215.6168975830078,-0.08240807056427002,0.06334888935089111,2.8488118648529053,0.29531213641166687,-0.0560293085873127,0.46811220049858093,459.1182861328125,348.75653076171875,218.19921875,-0.07611875981092453,0.06270687282085419,2.844829797744751,0.0,0.0,0.0,0,0
1786257255.5895958,1.2910256180039141,APPROACH,FLOW,/home/eunseop/nrs_imitation/checkpoints/flow/polishing/single_cam/20260809_0014,450.6753845214844,354.6432189941406,215.587890625,-0.08233485370874405,0.06343159079551697,2.8488502502441406,0.3421509265899658,-0.00833173282444477,0.38739004731178284,459.21112060546875,348.6914978027344,218.22756958007812,-0.07605011761188507,0.06269960105419159,2.84478497505188,0.0,0.0,0.0,0,0
1786257255.5975816,1.2990113109990489,APPROACH,FLOW,/home/eunseop/nrs_imitation/checkpoints/flow/polishing/single_cam/20260809_0014,450.68206787109375,354.6480407714844,215.59011840820312,-0.08230896294116974,0.06340330094099045,2.848850727081299,0.5092716813087463,0.028626522049307823,0.30855119228363037,459.3077087402344,348.6238098144531,218.257080078125,-0.07597868144512177,0.06269203126430511,2.844738245010376,0.0,0.0,0.0,0,0
1786257255.6055994,1.3070293449854944,APPROACH,FLOW,/home/eunseop/nrs_imitation/checkpoints/flow/polishing/single_cam/20260809_0014,450.6892395019531,354.6624755859375,215.60079956054688,-0.0823531225323677,0.06334641575813293,2.848849296569824,0.4346117675304413,0.12233336269855499,0.040287718176841736,459.40478515625,348.5558166503906,218.2867431640625,-0.075906902551651,0.06268443167209625,2.844691514968872,0.0,0.0,0.0,0,0
1786257255.613634,1.3150638309889473,APPROACH,FLOW,/home/eunseop/nrs_imitation/checkpoints/flow/polishing/single_cam/20260809_0014,450.7133483886719,354.6972961425781,215.6306610107422,-0.08242972195148468,0.06330400705337524,2.8488826751708984,-0.06517548114061356,-0.0498187318444252,0.2512388527393341,459.5024719238281,348.4873962402344,218.3165740966797,-0.07583469152450562,0.06267677992582321,2.844644546508789,0.0,0.0,0.0,0,0
1786257255.6217263,1.3231561179854907,APPROACH,FLOW,/home/eunseop/nrs_imitation/checkpoints/flow/polishing/single_cam/20260809_0014,450.6910705566406,354.6496276855469,215.61170959472656,-0.08238103240728378,0.06341143697500229,2.848824977874756,0.16491058468818665,0.40458422899246216,0.11609432846307755,459.60076904296875,348.4184875488281,218.34661865234375,-0.07576197385787964,0.0626690685749054,2.8445966243743896,0.0,0.0,0.0,0,0
1786257255.6296484,1.3310782290063798,APPROACH,FLOW,/home/eunseop/nrs_imitation/checkpoints/flow/polishing/single_cam/20260809_0014,450.6979064941406,354.6634521484375,215.59507751464844,-0.08239014446735382,0.0634358823299408,2.848860740661621,0.22491812705993652,-0.33443573117256165,0.07417599856853485,459.69830322265625,348.35015869140625,218.37640380859375,-0.07568985223770142,0.06266142427921295,2.8445496559143066,0.0,0.0,0.0,0,0
1786257255.637596,1.3390257989813108,APPROACH,FLOW,/home/eunseop/nrs_imitation/checkpoints/flow/polishing/single_cam/20260809_0014,450.70733642578125,354.6541442871094,215.61595153808594,-0.0824165940284729,0.06337439268827438,2.8488593101501465,0.38781091570854187,-0.05894147977232933,0.2507967948913574,459.796875,348.28106689453125,218.4065399169922,-0.07561694085597992,0.06265370547771454,2.8445022106170654,0.0,0.0,0.0,0,0
1786257255.645618,1.3470477320079226,APPROACH,FLOW,/home/eunseop/nrs_imitation/checkpoints/flow/polishing/single_cam/20260809_0014,450.6908264160156,354.6556701660156,215.59983825683594,-0.08236248046159744,0.06336631625890732,2.848801374435425,0.3274957537651062,0.3930353820323944,0.06368876248598099,459.89593505859375,348.2117004394531,218.43679809570312,-0.07554372400045395,0.06264594197273254,2.844454288482666,0.0,0.0,0.0,0,0
1786257255.653624,1.3550539429998025,APPROACH,FLOW,/home/eunseop/nrs_imitation/checkpoints/flow/polishing/single_cam/20260809_0014,450.6784362792969,354.6845703125,215.6216278076172,-0.08237208425998688,0.06335024535655975,2.8488729000091553,0.37595194578170776,0.22274789214134216,0.5967291593551636,459.9952392578125,348.14215087890625,218.46713256835938,-0.07547027617692947,0.06263816356658936,2.8444063663482666,0.0,0.0,0.0,0,0
1786257255.6616063,1.3630361190007534,APPROACH,FLOW,/home/eunseop/nrs_imitation/checkpoints/flow/polishing/single_cam/20260809_0014,450.6914367675781,354.6566467285156,215.6065673828125,-0.08236227184534073,0.06336771696805954,2.848825216293335,-0.07107703387737274,0.11806796491146088,0.36899009346961975,460.0949401855469,348.072265625,218.4976043701172,-0.07539655268192291,0.06263034790754318,2.844357967376709,0.0,0.0,0.0,0,0
1786257255.6695938,1.3710236059851013,APPROACH,FLOW,/home/eunseop/nrs_imitation/checkpoints/flow/polishing/single_cam/20260809_0014,450.6962585449219,354.65789794921875,215.62741088867188,-0.08240088820457458,0.06336914747953415,2.84889554977417,0.3631382882595062,-0.24117204546928406,0.2312275469303131,460.195068359375,348.00213623046875,218.5281982421875,-0.07532250881195068,0.06262250244617462,2.8443098068237305,0.0,0.0,0.0,0,0
1786257255.6775873,1.3790169130079448,APPROACH,FLOW,/home/eunseop/nrs_imitation/checkpoints/flow/polishing/single_cam/20260809_0014,450.6897277832031,354.66900634765625,215.60821533203125,-0.08238610625267029,0.06335906684398651,2.848860502243042,0.31207865476608276,-0.07992417365312576,0.37820979952812195,460.2956237792969,347.93170166015625,218.55889892578125,-0.07524818181991577,0.06261463463306427,2.8442611694335938,0.0,0.0,0.0,0,0
1786257255.685609,1.3870391259843018,APPROACH,FLOW,/home/eunseop/nrs_imitation/checkpoints/flow/polishing/single_cam/20260809_0014,450.692138671875,354.6849670410156,215.63772583007812,-0.08240789920091629,0.06331033259630203,2.8488595485687256,0.41078415513038635,0.14375656843185425,0.05451946333050728,460.396484375,347.86102294921875,218.5897216796875,-0.07517358660697937,0.06260672956705093,2.844212532043457,0.0,0.0,0.0,0,0
1786257255.693624,1.3950537939963397,APPROACH,FLOW,/home/eunseop/nrs_imitation/checkpoints/flow/polishing/single_cam/20260809_0014,450.6929626464844,354.671142578125,215.5895538330078,-0.0823628157377243,0.06336813420057297,2.848849058151245,0.3469295799732208,-0.18606330454349518,0.10991901159286499,460.49774169921875,347.79010009765625,218.6206512451172,-0.07509870827198029,0.06259879469871521,2.844163417816162,0.0,0.0,0.0,0,0
1786257255.7016017,1.4030317419965286,APPROACH,FLOW,/home/eunseop/nrs_imitation/checkpoints/flow/polishing/single_cam/20260809_0014,450.68109130859375,354.6610107421875,215.6114044189453,-0.08240459859371185,0.06340733915567398,2.8489315509796143,0.33545616269111633,-0.1332300454378128,0.405118465423584,460.5992736816406,347.7189025878906,218.65167236328125,-0.0750235989689827,0.0625908300280571,2.8441145420074463,0.0,0.0,0.0,0,0
1786257255.709594,1.4110238779976498,APPROACH,FLOW,/home/eunseop/nrs_imitation/checkpoints/flow/polishing/single_cam/20260809_0014,450.6876525878906,354.6564025878906,215.6322784423828,-0.08240899443626404,0.0633496567606926,2.8488478660583496,0.5677998065948486,0.053642380982637405,0.38251522183418274,460.70123291015625,347.6474914550781,218.6828155517578,-0.07494824379682541,0.06258285045623779,2.8440654277801514,0.0,0.0,0.0,0,0
1786257255.7176,1.4190299290057737,APPROACH,FLOW,/home/eunseop/nrs_imitation/checkpoints/flow/polishing/single_cam/20260809_0014,450.6983337402344,354.6427001953125,215.599365234375,-0.08243299275636673,0.06337956339120865,2.8488352298736572,0.26876598596572876,-0.1877327561378479,-0.2679421901702881,460.80352783203125,347.5758056640625,218.71408081054688,-0.07487258315086365,0.0625748261809349,2.8440160751342773,0.0,0.0,0.0,0,0
1786257255.725592,1.4270215230062604,APPROACH,FLOW,/home/eunseop/nrs_imitation/checkpoints/flow/polishing/single_cam/20260809_0014,450.67120361328125,354.6458435058594,215.56126403808594,-0.08230531960725784,0.06345608830451965,2.848863124847412,0.37214893102645874,-0.16319727897644043,-0.12168160825967789,460.90625,347.50384521484375,218.74545288085938,-0.0747966319322586,0.06256678700447083,2.843966484069824,0.0,0.0,0.0,0,0
1786257255.7335804,1.435010021989001,APPROACH,FLOW,/home/eunseop/nrs_imitation/checkpoints/flow/polishing/single_cam/20260809_0014,450.6885986328125,354.657958984375,215.59280395507812,-0.08238120377063751,0.06341318786144257,2.848860740661621,0.31713756918907166,-0.1433739960193634,0.07223838567733765,461.00927734375,347.4316711425781,218.77691650390625,-0.07472044229507446,0.06255871057510376,2.843916416168213,0.0,0.0,0.0,0,0
1786257255.7415905,1.4430202709918376,APPROACH,FLOW,/home/eunseop/nrs_imitation/checkpoints/flow/polishing/single_cam/20260809_0014,450.706787109375,354.65325927734375,215.6223907470703,-0.08242341130971909,0.06335938721895218,2.8488709926605225,0.1630972921848297,0.07749806344509125,0.5319644212722778,461.1126403808594,347.3592529296875,218.8085174560547,-0.07464399933815002,0.0625506043434143,2.8438665866851807,0.0,0.0,0.0,0,0
1786257255.7495778,1.451007527008187,APPROACH,FLOW,/home/eunseop/nrs_imitation/checkpoints/flow/polishing/single_cam/20260809_0014,450.6634826660156,354.6822204589844,215.6183624267578,-0.08234945684671402,0.06336071342229843,2.848909378051758,0.520817756652832,0.14245158433914185,0.23588605225086212,461.21636962890625,347.28656005859375,218.8402099609375,-0.0745672807097435,0.06254248321056366,2.8438162803649902,0.0,0.0,0.0,0,0
1786257255.75882,1.4602498300082516,APPROACH,FLOW,/home/eunseop/nrs_imitation/checkpoints/flow/polishing/single_cam/20260809_0014,450.6741943359375,354.6876220703125,215.6087188720703,-0.08230457454919815,0.0632861778140068,2.8488504886627197,0.14606685936450958,0.11515045911073685,-0.11554107069969177,461.33636474609375,347.2025146484375,218.8768768310547,-0.07447855919599533,0.06253308057785034,2.8437585830688477,0.0,0.0,0.0,0,0
1786257255.7655869,1.467016884998884,APPROACH,FLOW,/home/eunseop/nrs_imitation/checkpoints/flow/polishing/single_cam/20260809_0014,450.72052001953125,354.6658935546875,215.62046813964844,-0.08244603872299194,0.0633506029844284,2.848870277404785,0.42944273352622986,0.04050812870264053,-0.1332383155822754,461.4248962402344,347.1404724121094,218.90391540527344,-0.07441310584545135,0.0625261440873146,2.8437156677246094,0.0,0.0,0.0,0,0
1786257255.773599,1.4750287079950795,APPROACH,FLOW,/home/eunseop/nrs_imitation/checkpoints/flow/polishing/single_cam/20260809_0014,450.68121337890625,354.6340026855469,215.58734130859375,-0.08235978335142136,0.0634605884552002,2.8488495349884033,-0.1677110493183136,0.08138817548751831,0.0753549337387085,461.52972412109375,347.0670166015625,218.93594360351562,-0.07433557510375977,0.0625179260969162,2.843665361404419,0.0,0.0,0.0,0,0
1786257255.7815611,1.482991035998566,APPROACH,FLOW,/home/eunseop/nrs_imitation/checkpoints/flow/polishing/single_cam/20260809_0014,450.683837890625,354.6630554199219,215.61293029785156,-0.08233055472373962,0.06335596740245819,2.8488738536834717,0.3831818699836731,-0.035794347524642944,0.239791139960289,461.6341552734375,346.9938659667969,218.96783447265625,-0.07425837218761444,0.06250974535942078,2.8436148166656494,0.0,0.0,0.0,0,0
1786257255.789598,1.4910278870083857,APPROACH,FLOW,/home/eunseop/nrs_imitation/checkpoints/flow/polishing/single_cam/20260809_0014,450.703125,354.67462158203125,215.61143493652344,-0.08242754638195038,0.06339477747678757,2.8488712310791016,0.12257110327482224,-0.14580558240413666,0.08194682747125626,461.74029541015625,346.9195251464844,219.00027465820312,-0.07417988777160645,0.06250143051147461,2.8435635566711426,0.0,0.0,0.0,0,0
1786257255.7976327,1.4990625430073123,APPROACH,FLOW,/home/eunseop/nrs_imitation/checkpoints/flow/polishing/single_cam/20260809_0014,450.69976806640625,354.6541748046875,215.60760498046875,-0.08240983635187149,0.06339184939861298,2.848895311355591,0.19661588966846466,0.06720335781574249,0.09387879818677902,461.8460693359375,346.84539794921875,219.0325927734375,-0.07410166412591934,0.06249314174056053,2.843512535095215,0.0,0.0,0.0,0,0
1786257255.8055863,1.5070162749907468,APPROACH,FLOW,/home/eunseop/nrs_imitation/checkpoints/flow/polishing/single_cam/20260809_0014,450.6835021972656,354.6654357910156,215.5866241455078,-0.08233290165662766,0.0633939579129219,2.8488738536834717,0.27375227212905884,0.30646467208862305,0.04838785529136658,461.9521484375,346.77105712890625,219.0649871826172,-0.07402320206165314,0.062484826892614365,2.843461036682129,0.0,0.0,0.0,0,0
1786257255.8137517,1.5151816910074558,APPROACH,FLOW,/home/eunseop/nrs_imitation/checkpoints/flow/polishing/single_cam/20260809_0014,450.684326171875,354.6632385253906,215.5796356201172,-0.08237472176551819,0.06343001127243042,2.8488967418670654,0.1271257847547531,-0.1218673437833786,0.5481591820716858,462.05926513671875,346.696044921875,219.09771728515625,-0.07394401729106903,0.06247644126415253,2.843409538269043,0.0,0.0,0.0,0,0
1786257255.8217218,1.5231517239881214,APPROACH,FLOW,/home/eunseop/nrs_imitation/checkpoints/flow/polishing/single_cam/20260809_0014,450.7008056640625,354.64373779296875,215.6127471923828,-0.08240960538387299,0.06338933110237122,2.8488359451293945,0.34459590911865234,-0.07587017118930817,0.2579818367958069,462.1661376953125,346.6211242675781,219.13038635253906,-0.07386497408151627,0.062468063086271286,2.843357801437378,0.0,0.0,0.0,0,0
1786257255.8296018,1.5310315949900541,APPROACH,FLOW,/home/eunseop/nrs_imitation/checkpoints/flow/polishing/single_cam/20260809_0014,450.68011474609375,354.67852783203125,215.62159729003906,-0.08233620971441269,0.06330087035894394,2.8488733768463135,0.21125535666942596,-0.04399389401078224,0.2557551860809326,462.2724609375,346.5466613769531,219.16287231445312,-0.07378634810447693,0.062459733337163925,2.843306541442871,0.0,0.0,0.0,0,0
1786257255.8375847,1.539014371985104,APPROACH,FLOW,/home/eunseop/nrs_imitation/checkpoints/flow/polishing/single_cam/20260809_0014,450.694580078125,354.6489562988281,215.6188507080078,-0.08241976797580719,0.06341216713190079,2.8488833904266357,0.7514901161193848,0.19777576625347137,0.061397530138492584,462.3798828125,346.4714050292969,219.1956787109375,-0.07370692491531372,0.0624513179063797,2.843254566192627,0.0,0.0,0.0,0,0
1786257255.845626,1.5470560920075513,APPROACH,FLOW,/home/eunseop/nrs_imitation/checkpoints/flow/polishing/single_cam/20260809_0014,450.681396484375,354.69561767578125,215.6046142578125,-0.08235342055559158,0.0633058249950409,2.8488612174987793,0.22586971521377563,-0.11740465462207794,-0.010670636780560017,462.4877014160156,346.3958435058594,219.22862243652344,-0.07362717390060425,0.06244286522269249,2.843202590942383,0.0,0.0,0.0,0,0
1786257255.8535872,1.555016986996634,APPROACH,FLOW,/home/eunseop/nrs_imitation/checkpoints/flow/polishing/single_cam/20260809_0014,450.7110290527344,354.6842956542969,215.60154724121094,-0.08242454379796982,0.06335874646902084,2.8488829135894775,0.564924418926239,0.11687018722295761,0.3502574563026428,462.5956726074219,346.32025146484375,219.26161193847656,-0.07354736328125,0.06243440881371498,2.8431503772735596,0.0,0.0,0.0,0,0
1786257255.8615944,1.5630241309991106,APPROACH,FLOW,/home/eunseop/nrs_imitation/checkpoints/flow/polishing/single_cam/20260809_0014,450.72412109375,354.640869140625,215.6169891357422,-0.0824631080031395,0.06339622288942337,2.848857879638672,0.43654897809028625,-0.0009132064878940582,-0.02124718576669693,462.70404052734375,346.2442932128906,219.29470825195312,-0.07346722483634949,0.062425918877124786,2.8430981636047363,0.0,0.0,0.0,0,0
1786257255.8702352,1.571665016002953,APPROACH,FLOW,/home/eunseop/nrs_imitation/checkpoints/flow/polishing/single_cam/20260809_0014,450.6625671386719,354.6841735839844,215.5987548828125,-0.08229384571313858,0.06335683912038803,2.8488988876342773,0.12553590536117554,-0.18608687818050385,0.2075434923171997,462.8212890625,346.16217041015625,219.33053588867188,-0.07338052242994308,0.06241673231124878,2.84304141998291,0.0,0.0,0.0,0,0
1786257255.8776033,1.5790332290052902,APPROACH,FLOW,/home/eunseop/nrs_imitation/checkpoints/flow/polishing/single_cam/20260809_0014,450.6881408691406,354.6549072265625,215.61257934570312,-0.08231349289417267,0.06334883719682693,2.8488383293151855,0.22102022171020508,-0.13238075375556946,0.25931286811828613,462.9217224121094,346.091796875,219.3612060546875,-0.07330626994371414,0.06240886449813843,2.8429932594299316,0.0,0.0,0.0,0,0
1786257255.8856094,1.5870394310040865,APPROACH,FLOW,/home/eunseop/nrs_imitation/checkpoints/flow/polishing/single_cam/20260809_0014,450.677001953125,354.6858215332031,215.64816284179688,-0.08234340697526932,0.0632862076163292,2.8488969802856445,0.6282228231430054,0.0019530417630448937,-0.11806707829236984,463.0310363769531,346.01519775390625,219.39462280273438,-0.07322543859481812,0.062400296330451965,2.842940330505371,0.0,0.0,0.0,0,0
1786257255.8936033,1.5950332089851145,APPROACH,FLOW,/home/eunseop/nrs_imitation/checkpoints/flow/polishing/single_cam/20260809_0014,450.6957092285156,354.6512145996094,215.6065673828125,-0.08236140757799149,0.06336940079927444,2.84883713722229,0.4482683539390564,0.09397459775209427,0.2898488938808441,463.14056396484375,345.93841552734375,219.42808532714844,-0.07314440608024597,0.06239171326160431,2.8428871631622314,0.0,0.0,0.0,0,0
1786257255.901611,1.6030409039813094,APPROACH,FLOW,/home/eunseop/nrs_imitation/checkpoints/flow/polishing/single_cam/20260809_0014,450.67803955078125,354.66314697265625,215.59835815429688,-0.08229365199804306,0.06339672207832336,2.848875045776367,0.19620473682880402,-0.11750532686710358,0.0917939692735672,463.25048828125,345.8614196777344,219.461669921875,-0.07306311279535294,0.062383100390434265,2.842834234237671,0.0,0.0,0.0,0,0
1786257255.909586,1.6110158670053352,APPROACH,FLOW,/home/eunseop/nrs_imitation/checkpoints/flow/polishing/single_cam/20260809_0014,450.6904602050781,354.6701965332031,215.61524963378906,-0.08238627761602402,0.06335914134979248,2.848872184753418,0.7178857922554016,-0.05228058621287346,0.19866149127483368,463.3606872558594,345.7842102050781,219.49533081054688,-0.07298163324594498,0.06237446516752243,2.842780828475952,0.0,0.0,0.0,0,0
1786257255.9176078,1.619037637981819,APPROACH,FLOW,/home/eunseop/nrs_imitation/checkpoints/flow/polishing/single_cam/20260809_0014,450.70306396484375,354.68096923828125,215.61305236816406,-0.0824158787727356,0.06333541870117188,2.8488831520080566,0.22583895921707153,-0.23186369240283966,-0.05668191239237785,463.4711608886719,345.706787109375,219.52908325195312,-0.07289993762969971,0.062365803867578506,2.8427276611328125,0.0,0.0,0.0,0,0
1786257255.925611,1.6270408749987837,APPROACH,FLOW,/home/eunseop/nrs_imitation/checkpoints/flow/polishing/single_cam/20260809_0014,450.6923522949219,354.6944885253906,215.6325225830078,-0.08238527178764343,0.0633191168308258,2.848860263824463,0.4113737642765045,0.010466447100043297,0.06588577479124069,463.58197021484375,345.6291809082031,219.5629425048828,-0.07281801849603653,0.06235712766647339,2.8426740169525146,0.0,0.0,0.0,0,0
1786257255.9335847,1.6350144550087862,APPROACH,FLOW,/home/eunseop/nrs_imitation/checkpoints/flow/polishing/single_cam/20260809_0014,450.67718505859375,354.6953430175781,215.61668395996094,-0.08230731636285782,0.06332507729530334,2.848886489868164,0.1938675343990326,0.20556829869747162,0.7696308493614197,463.6929931640625,345.5513916015625,219.5968475341797,-0.07273590564727783,0.06234842538833618,2.842620372772217,0.0,0.0,0.0,0,0
1786257255.9427824,1.6442123829910997,APPROACH,FLOW,/home/eunseop/nrs_imitation/checkpoints/flow/polishing/single_cam/20260809_0014,450.7020263671875,354.6549987792969,215.62847900390625,-0.08241467922925949,0.06333528459072113,2.8488473892211914,0.38746553659439087,0.10930539667606354,0.16500793397426605,463.82073974609375,345.4619445800781,219.63589477539062,-0.07264146953821182,0.06233841925859451,2.8425588607788086,0.0,0.0,0.0,0,0
1786257255.949596,1.651025845989352,APPROACH,FLOW,/home/eunseop/nrs_imitation/checkpoints/flow/polishing/single_cam/20260809_0014,450.6954345703125,354.6445007324219,215.61212158203125,-0.08240034431219101,0.06336873024702072,2.8488717079162598,0.05962210148572922,0.34987902641296387,0.18441809713840485,463.9160461425781,345.3951416015625,219.66500854492188,-0.07257097959518433,0.062330953776836395,2.842512607574463,0.0,0.0,0.0,0,0
1786257255.957623,1.65905295900302,APPROACH,FLOW,/home/eunseop/nrs_imitation/checkpoints/flow/polishing/single_cam/20260809_0014,450.6681213378906,354.6531677246094,215.56129455566406,-0.08229866623878479,0.06347283720970154,2.8488874435424805,0.255142480134964,-0.011600783094763756,0.17948642373085022,464.0281066894531,345.31658935546875,219.69924926757812,-0.07248810678720474,0.06232216954231262,2.842458724975586,0.0,0.0,0.0,0,0
1786257255.9656081,1.6670381299918517,APPROACH,FLOW,/home/eunseop/nrs_imitation/checkpoints/flow/polishing/single_cam/20260809_0014,450.6882019042969,354.6515197753906,215.5985565185547,-0.08235524594783783,0.06338412314653397,2.848837375640869,0.31990116834640503,0.16580389440059662,0.31275448203086853,464.14031982421875,345.23797607421875,219.7335205078125,-0.0724051371216774,0.06231337785720825,2.84240460395813,0.0,0.0,0.0,0,0
1786257255.973626,1.675055733998306,APPROACH,FLOW,/home/eunseop/nrs_imitation/checkpoints/flow/polishing/single_cam/20260809_0014,450.7106018066406,354.6471252441406,215.6084442138672,-0.08239500224590302,0.06342172622680664,2.8488361835479736,0.4306911826133728,-0.014300423674285412,0.2503471076488495,464.25262451171875,345.1592712402344,219.767822265625,-0.0723220631480217,0.062304574996232986,2.8423500061035156,0.0,0.0,0.0,0,0
1786257255.9816074,1.6830371590040158,APPROACH,FLOW,/home/eunseop/nrs_imitation/checkpoints/flow/polishing/single_cam/20260809_0014,450.6996765136719,354.6355285644531,215.61085510253906,-0.08242776989936829,0.06343578547239304,2.8488712310791016,0.5016305446624756,0.1432141810655594,0.39062899351119995,464.365478515625,345.08026123046875,219.80230712890625,-0.07223863899707794,0.062295734882354736,2.8422956466674805,0.0,0.0,0.0,0,0
1786257255.9896133,1.69104304999928,APPROACH,FLOW,/home/eunseop/nrs_imitation/checkpoints/flow/polishing/single_cam/20260809_0014,450.6996765136719,354.63623046875,215.59860229492188,-0.08237656950950623,0.06337590515613556,2.8488128185272217,0.0788927674293518,0.03916172310709953,0.2371097356081009,464.47845458984375,345.0010681152344,219.83682250976562,-0.07215505838394165,0.062286876142024994,2.8422412872314453,0.0,0.0,0.0,0,0
1786257255.9976296,1.6990596019895747,APPROACH,FLOW,/home/eunseop/nrs_imitation/checkpoints/flow/polishing/single_cam/20260809_0014,450.682373046875,354.6515197753906,215.60989379882812,-0.08231137692928314,0.06344205886125565,2.848874807357788,0.35360804200172424,0.0017573583172634244,0.6335964798927307,464.591796875,344.92169189453125,219.8714599609375,-0.07207129150629044,0.06227800250053406,2.842186450958252,0.0,0.0,0.0,0,0
1786257256.005592,1.7070219809829723,APPROACH,FLOW,/home/eunseop/nrs_imitation/checkpoints/flow/polishing/single_cam/20260809_0014,450.6824645996094,354.7066345214844,215.6459503173828,-0.0823516771197319,0.06326679140329361,2.8488609790802,0.18856999278068542,-0.041421666741371155,0.21347489953041077,464.7053527832031,344.8421325683594,219.90614318847656,-0.07198731601238251,0.06226910650730133,2.8421316146850586,0.0,0.0,0.0,0,0
1786257256.0136058,1.7150357569917105,APPROACH,FLOW,/home/eunseop/nrs_imitation/checkpoints/flow/polishing/single_cam/20260809_0014,450.6935729980469,354.6478576660156,215.58567810058594,-0.08234064280986786,0.06341652572154999,2.8488378524780273,0.6291913390159607,0.18490305542945862,0.14564132690429688,464.81915283203125,344.76239013671875,219.94091796875,-0.07190315425395966,0.06226018816232681,2.842076539993286,0.0,0.0,0.0,0,0
1786257256.021597,1.723026719992049,APPROACH,FLOW,/home/eunseop/nrs_imitation/checkpoints/flow/polishing/single_cam/20260809_0014,450.6851806640625,354.656005859375,215.59849548339844,-0.08233246207237244,0.06339283287525177,2.8488380908966064,0.5248899459838867,-0.45181602239608765,0.07828021049499512,464.9332275390625,344.6824645996094,219.97576904296875,-0.07181879132986069,0.062251247465610504,2.8420214653015137,0.0,0.0,0.0,0,0
1786257256.029641,1.7310707439901307,APPROACH,FLOW,/home/eunseop/nrs_imitation/checkpoints/flow/polishing/single_cam/20260809_0014,450.6723937988281,354.65069580078125,215.58822631835938,-0.08232865482568741,0.06344778835773468,2.848886251449585,0.3007369041442871,-0.06700535118579865,0.09947754442691803,465.0478515625,344.6021728515625,220.0107879638672,-0.07173405587673187,0.06224227324128151,2.841966152191162,0.0,0.0,0.0,0,0
1786257256.037609,1.739038953994168,APPROACH,FLOW,/home/eunseop/nrs_imitation/checkpoints/flow/polishing/single_cam/20260809_0014,450.6797180175781,354.66229248046875,215.5985565185547,-0.08235654979944229,0.0633835569024086,2.8488614559173584,-0.1426849365234375,0.06767308712005615,0.5346235036849976,465.1622619628906,344.5220031738281,220.04574584960938,-0.07164943218231201,0.06223330274224281,2.8419108390808105,0.0,0.0,0.0,0,0
1786257256.0456023,1.747032130981097,APPROACH,FLOW,/home/eunseop/nrs_imitation/checkpoints/flow/polishing/single_cam/20260809_0014,450.6902160644531,354.6546936035156,215.59312438964844,-0.08236153423786163,0.0633726492524147,2.8489091396331787,0.18888337910175323,0.04369043558835983,0.6147683262825012,465.277099609375,344.4415283203125,220.08082580566406,-0.07156449556350708,0.06222430244088173,2.84185528755188,0.0,0.0,0.0,0,0
1786257256.0535831,1.7550128139846493,APPROACH,FLOW,/home/eunseop/nrs_imitation/checkpoints/flow/polishing/single_cam/20260809_0014,450.7064208984375,354.6590270996094,215.610107421875,-0.08238410204648972,0.06336139142513275,2.848860025405884,0.3524463176727295,0.10640310496091843,0.5080075860023499,465.3922119140625,344.36090087890625,220.11598205566406,-0.07147940248250961,0.06221528351306915,2.841799736022949,0.0,0.0,0.0,0,0
1786257256.0616214,1.7630513180047274,APPROACH,FLOW,/home/eunseop/nrs_imitation/checkpoints/flow/polishing/single_cam/20260809_0014,450.6904296875,354.6729431152344,215.6156005859375,-0.08240289241075516,0.0633651539683342,2.848871946334839,0.28315258026123047,0.02331285923719406,0.12634220719337463,465.5075988769531,344.2800598144531,220.1512451171875,-0.07139407098293304,0.062206245958805084,2.8417441844940186,0.0,0.0,0.0,0,0
1786257256.0695884,1.7710182250011712,APPROACH,FLOW,/home/eunseop/nrs_imitation/checkpoints/flow/polishing/single_cam/20260809_0014,450.6896057128906,354.6994323730469,215.63319396972656,-0.082382932305336,0.063282810151577,2.848895788192749,0.5377910137176514,-0.022162117063999176,0.38840070366859436,465.6231689453125,344.1990966796875,220.18655395507812,-0.07130862027406693,0.06219719350337982,2.841688394546509,0.0,0.0,0.0,0,0
1786257256.0775945,1.779024407005636,APPROACH,FLOW,/home/eunseop/nrs_imitation/checkpoints/flow/polishing/single_cam/20260809_0014,450.6733703613281,354.664306640625,215.6039276123047,-0.08234968781471252,0.0634017139673233,2.848909378051758,0.6121456027030945,0.004812303464859724,0.603639543056488,465.73907470703125,344.117919921875,220.22195434570312,-0.0712229311466217,0.06218811124563217,2.84163236618042,0.0,0.0,0.0,0,0
1786257256.0856094,1.787039194983663,APPROACH,FLOW,/home/eunseop/nrs_imitation/checkpoints/flow/polishing/single_cam/20260809_0014,450.68426513671875,354.6510314941406,215.59765625,-0.0823880210518837,0.06339817494153976,2.848872423171997,0.46860551834106445,0.10935427248477936,0.44448181986808777,465.8551025390625,344.0365905761719,220.25741577148438,-0.07113710045814514,0.06217901408672333,2.841576337814331,0.0,0.0,0.0,0,0
1786257256.093622,1.7950518399884459,APPROACH,FLOW,/home/eunseop/nrs_imitation/checkpoints/flow/polishing/single_cam/20260809_0014,450.6704406738281,354.65386962890625,215.60842895507812,-0.08231740444898605,0.06338562816381454,2.8488504886627197,0.09498638659715652,0.14465762674808502,0.12375736236572266,465.9716796875,343.9549255371094,220.29302978515625,-0.07105092704296112,0.062169887125492096,2.841520071029663,0.0,0.0,0.0,0,0
1786257256.1015887,1.8030185759998858,APPROACH,FLOW,/home/eunseop/nrs_imitation/checkpoints/flow/polishing/single_cam/20260809_0014,450.6780700683594,354.6474914550781,215.6023406982422,-0.08234838396310806,0.06340228021144867,2.8488852977752686,0.3049384653568268,-0.09412000328302383,0.37164071202278137,466.0881042480469,343.87335205078125,220.32858276367188,-0.07096482813358307,0.06216076388955116,2.841463804244995,0.0,0.0,0.0,0,0
1786257256.109602,1.8110318319813814,APPROACH,FLOW,/home/eunseop/nrs_imitation/checkpoints/flow/polishing/single_cam/20260809_0014,450.6968688964844,354.665283203125,215.62265014648438,-0.08238352090120316,0.06331856548786163,2.8488006591796875,0.18026868999004364,-0.07266006618738174,0.1697520911693573,466.204833984375,343.7915344238281,220.3642578125,-0.07087848335504532,0.06215161085128784,2.841407299041748,0.0,0.0,0.0,0,0
1786257256.1175833,1.819013215979794,APPROACH,FLOW,/home/eunseop/nrs_imitation/checkpoints/flow/polishing/single_cam/20260809_0014,450.6705322265625,354.64422607421875,215.5930633544922,-0.08237051963806152,0.0634823739528656,2.8488736152648926,0.7033750414848328,0.04825403168797493,0.053260210901498795,466.32183837890625,343.7095642089844,220.40000915527344,-0.07079195231199265,0.06214243918657303,2.841350793838501,0.0,0.0,0.0,0,0
1786257256.125605,1.8270348979858682,APPROACH,FLOW,/home/eunseop/nrs_imitation/checkpoints/flow/polishing/single_cam/20260809_0014,450.68548583984375,354.659912109375,215.62640380859375,-0.08231844753026962,0.06329549103975296,2.8488500118255615,0.5410118699073792,0.17808467149734497,0.4054839313030243,466.43914794921875,343.62738037109375,220.43585205078125,-0.07070522755384445,0.06213325634598732,2.841294288635254,0.0,0.0,0.0,0,0
1786257256.1335995,1.8350293879921082,APPROACH,FLOW,/home/eunseop/nrs_imitation/checkpoints/flow/polishing/single_cam/20260809_0014,450.6640930175781,354.652587890625,215.5737762451172,-0.08233878761529922,0.06346838176250458,2.84887433052063,0.12784965336322784,0.40547189116477966,-0.03680625185370445,466.55670166015625,343.5450439453125,220.4717559814453,-0.07061831653118134,0.062124043703079224,2.8412375450134277,0.0,0.0,0.0,0,0
1786257256.1416538,1.8430838219937868,APPROACH,FLOW,/home/eunseop/nrs_imitation/checkpoints/flow/polishing/single_cam/20260809_0014,450.67779541015625,354.65972900390625,215.59173583984375,-0.0822981595993042,0.06334225833415985,2.848850727081299,-0.0957394540309906,-0.2037097066640854,0.21757471561431885,466.674560546875,343.46246337890625,220.50778198242188,-0.07053113728761673,0.06211480498313904,2.8411805629730225,0.0,0.0,0.0,0,0
1786257256.149596,1.8510257210000418,APPROACH,FLOW,/home/eunseop/nrs_imitation/checkpoints/flow/polishing/single_cam/20260809_0014,450.671142578125,354.6394958496094,215.57276916503906,-0.08232332020998001,0.0635024681687355,2.848886728286743,0.4342152178287506,0.09537025541067123,0.17611098289489746,466.79217529296875,343.3800354003906,220.543701171875,-0.07044415175914764,0.06210558861494064,2.841123580932617,0.0,0.0,0.0,0,0
1786257256.157598,1.8590276949980762,APPROACH,FLOW,/home/eunseop/nrs_imitation/checkpoints/flow/polishing/single_cam/20260809_0014,450.6885986328125,354.6827087402344,215.6039276123047,-0.08233844488859177,0.06333787739276886,2.8488497734069824,0.46101367473602295,0.2383560687303543,0.0035876648034900427,466.91046142578125,343.29718017578125,220.579833984375,-0.07035671919584274,0.06209632754325867,2.841066598892212,0.0,0.0,0.0,0,0
1786257256.1655872,1.867016934993444,APPROACH,FLOW,/home/eunseop/nrs_imitation/checkpoints/flow/polishing/single_cam/20260809_0014,450.6867370605469,354.6554870605469,215.59915161132812,-0.08232983201742172,0.06335548311471939,2.8488378524780273,0.37813740968704224,-0.0643843412399292,0.2610720098018646,467.02874755859375,343.2142639160156,220.61598205566406,-0.07026920467615128,0.0620870515704155,2.8410093784332275,0.0,0.0,0.0,0,0
1786257256.1735816,1.8750114440044854,APPROACH,FLOW,/home/eunseop/nrs_imitation/checkpoints/flow/polishing/single_cam/20260809_0014,450.69061279296875,354.6396179199219,215.6033935546875,-0.08239582180976868,0.06342319399118423,2.848884105682373,0.4141058027744293,0.12021508067846298,0.38694480061531067,467.1473388671875,343.1312255859375,220.6522216796875,-0.07018153369426727,0.06207776442170143,2.8409523963928223,0.0,0.0,0.0,0,0
1786257256.1815732,1.8830029880045913,APPROACH,FLOW,/home/eunseop/nrs_imitation/checkpoints/flow/polishing/single_cam/20260809_0014,450.6922912597656,354.6916198730469,215.6055908203125,-0.08235432207584381,0.06334654986858368,2.8488850593566895,0.2536086142063141,0.0688718631863594,0.5016788244247437,467.26605224609375,343.04803466796875,220.6884765625,-0.07009375840425491,0.06206846237182617,2.8408946990966797,0.0,0.0,0.0,0,0
1786257256.1897435,1.8911735949805006,APPROACH,FLOW,/home/eunseop/nrs_imitation/checkpoints/flow/polishing/single_cam/20260809_0014,450.71929931640625,354.6454162597656,215.62342834472656,-0.08247079700231552,0.06337953358888626,2.8488576412200928,0.3644973933696747,-0.09552314877510071,0.2674395740032196,467.385986328125,342.9640197753906,220.72512817382812,-0.07000508159399033,0.06205906718969345,2.840837001800537,0.0,0.0,0.0,0,0
1786257256.1976144,1.8990441979840398,APPROACH,FLOW,/home/eunseop/nrs_imitation/checkpoints/flow/polishing/single_cam/20260809_0014,450.6794738769531,354.70184326171875,215.62548828125,-0.08235849440097809,0.0632517859339714,2.848872661590576,0.1582052856683731,-0.26832401752471924,0.171083003282547,467.5043640136719,342.881103515625,220.76129150390625,-0.06991753727197647,0.06204979121685028,2.8407797813415527,0.0,0.0,0.0,0,0
1786257256.2057977,1.9072276979859453,APPROACH,FLOW,/home/eunseop/nrs_imitation/checkpoints/flow/polishing/single_cam/20260809_0014,450.6909484863281,354.6529846191406,215.61265563964844,-0.08235245943069458,0.06334669888019562,2.84883713722229,0.1582052856683731,-0.26832401752471924,0.171083003282547,467.62579345703125,342.7959899902344,220.7983856201172,-0.06982773542404175,0.06204027682542801,2.8407211303710938,0.0,0.0,0.0,0,0
1786257256.2152216,1.9166517189878505,APPROACH,FLOW,/home/eunseop/nrs_imitation/checkpoints/flow/polishing/single_cam/20260809_0014,450.7112731933594,354.6639099121094,215.64512634277344,-0.08240246027708054,0.06327550858259201,2.8488354682922363,0.4983175992965698,0.30034682154655457,0.3583298325538635,467.76751708984375,342.6967468261719,220.84169006347656,-0.0697229728102684,0.06202917546033859,2.8406529426574707,0.0,0.0,0.0,0,0
1786257256.2215939,1.9230237189913169,APPROACH,FLOW,/home/eunseop/nrs_imitation/checkpoints/flow/polishing/single_cam/20260809_0014,450.6942443847656,354.6762390136719,215.61683654785156,-0.08238638192415237,0.06335844099521637,2.848860263824463,0.3447505831718445,-0.1394435316324234,0.6026151180267334,467.8631591796875,342.6297302246094,220.87091064453125,-0.0696522444486618,0.06202168017625809,2.840606689453125,0.0,0.0,0.0,0,0
1786257256.2297246,1.9311545490054414,APPROACH,FLOW,/home/eunseop/nrs_imitation/checkpoints/flow/polishing/single_cam/20260809_0014,450.710693359375,354.67156982421875,215.61911010742188,-0.08241724222898483,0.0633741170167923,2.8488712310791016,0.46644189953804016,-0.16112825274467468,0.17998604476451874,467.9839782714844,342.5450744628906,220.90780639648438,-0.0695628821849823,0.0620122104883194,2.840548038482666,0.0,0.0,0.0,0,0
1786257256.237668,1.9390979610034265,APPROACH,FLOW,/home/eunseop/nrs_imitation/checkpoints/flow/polishing/single_cam/20260809_0014,450.7008972167969,354.6531982421875,215.59437561035156,-0.08237968385219574,0.06341515481472015,2.848860740661621,0.26994258165359497,-0.011125810444355011,0.2085714489221573,468.10382080078125,342.4610900878906,220.94442749023438,-0.06947426497936249,0.06200282275676727,2.8404903411865234,0.0,0.0,0.0,0,0
1786257256.2456076,1.9470375060045626,APPROACH,FLOW,/home/eunseop/nrs_imitation/checkpoints/flow/polishing/single_cam/20260809_0014,450.70074462890625,354.6465148925781,215.61309814453125,-0.08242595940828323,0.06339596956968307,2.8488473892211914,0.18197476863861084,-0.04672646149992943,0.31740865111351013,468.22357177734375,342.3771667480469,220.98101806640625,-0.06938568502664566,0.06199343502521515,2.8404324054718018,0.0,0.0,0.0,0,0
1786257256.2537255,1.9551554420031607,APPROACH,FLOW,/home/eunseop/nrs_imitation/checkpoints/flow/polishing/single_cam/20260809_0014,450.718994140625,354.6512451171875,215.6243133544922,-0.08243867009878159,0.06336519867181778,2.848834753036499,0.21252095699310303,-0.05836847797036171,0.23489779233932495,468.34503173828125,342.2920837402344,221.01812744140625,-0.06929588317871094,0.06198392063379288,2.840373992919922,0.0,0.0,0.0,0,0
1786257256.2616043,1.9630342799937353,APPROACH,FLOW,/home/eunseop/nrs_imitation/checkpoints/flow/polishing/single_cam/20260809_0014,450.7137451171875,354.6643371582031,215.6188201904297,-0.0824236199259758,0.06335798650979996,2.8488471508026123,-0.07454518973827362,-0.14965838193893433,0.4676155745983124,468.46490478515625,342.2081298828125,221.05474853515625,-0.06920725852251053,0.06197453290224075,2.8403160572052,0.0,0.0,0.0,0,0
1786257256.2695904,1.9710199830005877,APPROACH,FLOW,/home/eunseop/nrs_imitation/checkpoints/flow/polishing/single_cam/20260809_0014,450.67608642578125,354.66864013671875,215.6052703857422,-0.08235698938369751,0.06338467448949814,2.8488972187042236,0.2696661651134491,0.03737803176045418,-0.05089006572961807,468.5858154296875,342.1234130859375,221.0916748046875,-0.06911785900592804,0.061965059489011765,2.8402576446533203,0.0,0.0,0.0,0,0
1786257256.2775846,1.9790143629943486,APPROACH,FLOW,/home/eunseop/nrs_imitation/checkpoints/flow/polishing/single_cam/20260809_0014,450.6940612792969,354.66082763671875,215.6078643798828,-0.08236867189407349,0.06335551291704178,2.8488845825195312,0.25408315658569336,-0.025187242776155472,-0.03293093293905258,468.7069091796875,342.03857421875,221.12869262695312,-0.06902829557657242,0.061955563724040985,2.8401989936828613,0.0,0.0,0.0,0,0
1786257256.2856011,1.9870308940007817,APPROACH,FLOW,/home/eunseop/nrs_imitation/checkpoints/flow/polishing/single_cam/20260809_0014,450.6732177734375,354.6797790527344,215.6203155517578,-0.08233026415109634,0.06331419199705124,2.8488500118255615,-0.04173792526125908,-0.04864554852247238,0.4032675623893738,468.8281555175781,341.95361328125,221.16574096679688,-0.06893863528966904,0.061946071684360504,2.8401405811309814,0.0,0.0,0.0,0,0
1786257256.2936063,1.9950363349926192,APPROACH,FLOW,/home/eunseop/nrs_imitation/checkpoints/flow/polishing/single_cam/20260809_0014,450.6759338378906,354.65338134765625,215.58346557617188,-0.0823327898979187,0.06339465826749802,2.8488857746124268,0.36568984389305115,-0.15412169694900513,0.22920256853103638,468.94964599609375,341.8684997558594,221.2028350830078,-0.06884880363941193,0.06193654611706734,2.8400816917419434,0.0,0.0,0.0,0,0
1786257256.301582,2.00301181798568,APPROACH,FLOW,/home/eunseop/nrs_imitation/checkpoints/flow/polishing/single_cam/20260809_0014,450.68792724609375,354.6573486328125,215.5994415283203,-0.08232280611991882,0.06337188929319382,2.8488502502441406,0.3075513541698456,-0.027857782319188118,0.04262254759669304,469.0711669921875,341.7833251953125,221.23995971679688,-0.06875891983509064,0.06192702054977417,2.8400230407714844,0.0,0.0,0.0,0,0
1786257256.3095815,2.0110115179850254,APPROACH,FLOW,/home/eunseop/nrs_imitation/checkpoints/flow/polishing/single_cam/20260809_0014,450.67901611328125,354.6576843261719,215.577392578125,-0.08237718790769577,0.0634695366024971,2.8489327430725098,0.5098033547401428,-0.22989657521247864,0.6395981907844543,469.1929931640625,341.6979675292969,221.2771759033203,-0.06866884231567383,0.06191747635602951,2.8399641513824463,0.0,0.0,0.0,0,0
1786257256.3177223,2.0191522869863547,APPROACH,FLOW,/home/eunseop/nrs_imitation/checkpoints/flow/polishing/single_cam/20260809_0014,450.6854553222656,354.6777648925781,215.6222381591797,-0.08234526216983795,0.06332287192344666,2.8488612174987793,0.17560848593711853,-0.0069304355420172215,0.48169583082199097,469.31585693359375,341.6119384765625,221.31472778320312,-0.06857801973819733,0.061907850205898285,2.839905023574829,0.0,0.0,0.0,0,0
1786257256.3272817,2.0287114350066986,APPROACH,FLOW,/home/eunseop/nrs_imitation/checkpoints/flow/polishing/single_cam/20260809_0014,450.683349609375,354.68017578125,215.60243225097656,-0.08237775415182114,0.06333755701780319,2.8488962650299072,0.49904507398605347,0.22578240931034088,0.3313605487346649,469.4626159667969,341.50909423828125,221.35955810546875,-0.06846947968006134,0.06189635396003723,2.839834213256836,0.0,0.0,0.0,0,0
1786257256.333671,2.0351012199826073,APPROACH,FLOW,/home/eunseop/nrs_imitation/checkpoints/flow/polishing/single_cam/20260809_0014,450.68359375,354.6476745605469,215.60394287109375,-0.08231310546398163,0.06335017085075378,2.8488502502441406,0.23825174570083618,0.0002070447662845254,0.33242693543434143,469.55963134765625,341.4411315917969,221.38919067382812,-0.06839773803949356,0.06188875436782837,2.839787244796753,0.0,0.0,0.0,0,0
1786257256.3415985,2.0430283109890297,APPROACH,FLOW,/home/eunseop/nrs_imitation/checkpoints/flow/polishing/single_cam/20260809_0014,450.6900634765625,354.6602783203125,215.59381103515625,-0.08239483833312988,0.06338316947221756,2.848884105682373,0.37591123580932617,-0.10070200264453888,-0.11286763846874237,469.6817626953125,341.3555603027344,221.426513671875,-0.06830742955207825,0.06187918037176132,2.839728355407715,0.0,0.0,0.0,0,0
1786257256.349612,2.051041967002675,APPROACH,FLOW,/home/eunseop/nrs_imitation/checkpoints/flow/polishing/single_cam/20260809_0014,450.6794738769531,354.6434326171875,215.5885772705078,-0.08236687630414963,0.06344662606716156,2.8488852977752686,0.301279753446579,-0.05066855996847153,0.42834538221359253,469.8043212890625,341.26971435546875,221.46395874023438,-0.06821680068969727,0.061869584023952484,2.8396692276000977,0.0,0.0,0.0,0,0
1786257256.3576365,2.059066243993584,APPROACH,FLOW,/home/eunseop/nrs_imitation/checkpoints/flow/polishing/single_cam/20260809_0014,450.6781311035156,354.6690979003906,215.59950256347656,-0.08234750479459763,0.06336155533790588,2.8488733768463135,0.47060632705688477,0.044968653470277786,0.2536269426345825,469.92724609375,341.18359375,221.5015106201172,-0.0681259036064148,0.06185995042324066,2.8396096229553223,0.0,0.0,0.0,0,0
1786257256.3656008,2.067030504986178,APPROACH,FLOW,/home/eunseop/nrs_imitation/checkpoints/flow/polishing/single_cam/20260809_0014,450.6729431152344,354.6578674316406,215.58340454101562,-0.08231058716773987,0.06340064108371735,2.848839044570923,0.616663932800293,-0.1309252679347992,0.40435487031936646,470.04998779296875,341.09759521484375,221.53900146484375,-0.06803515553474426,0.06185033172369003,2.839550495147705,0.0,0.0,0.0,0,0
1786257256.373541,2.0749709619849455,APPROACH,FLOW,/home/eunseop/nrs_imitation/checkpoints/flow/polishing/single_cam/20260809_0014,450.6835021972656,354.6683349609375,215.60012817382812,-0.08235644549131393,0.06338425725698471,2.8488733768463135,0.18252375721931458,0.11239320039749146,0.17843440175056458,470.1722717285156,341.01190185546875,221.5763702392578,-0.06794470548629761,0.06184075027704239,2.839491367340088,0.0,0.0,0.0,0,0
1786257256.381619,2.083048840984702,APPROACH,FLOW,/home/eunseop/nrs_imitation/checkpoints/flow/polishing/single_cam/20260809_0014,450.6909484863281,354.6529846191406,215.61265563964844,-0.08235235512256622,0.06334739923477173,2.848849058151245,0.21415208280086517,-0.12083525210618973,0.285040944814682,470.296142578125,340.92510986328125,221.61422729492188,-0.06785310059785843,0.0618310421705246,2.8394317626953125,0.0,0.0,0.0,0,0
1786257256.389596,2.091025746980449,APPROACH,FLOW,/home/eunseop/nrs_imitation/checkpoints/flow/polishing/single_cam/20260809_0014,450.710205078125,354.6707763671875,215.6387176513672,-0.08243139833211899,0.06334059685468674,2.848834991455078,0.2605324387550354,-0.1782781332731247,0.3390425741672516,470.41943359375,340.8387145996094,221.65188598632812,-0.06776194274425507,0.06182137876749039,2.839371919631958,0.0,0.0,0.0,0,0
1786257256.3975954,2.09902530600084,APPROACH,FLOW,/home/eunseop/nrs_imitation/checkpoints/flow/polishing/single_cam/20260809_0014,450.6654968261719,354.6582336425781,215.5885467529297,-0.08231092244386673,0.0634024515748024,2.848886728286743,0.07486091554164886,-0.03797876834869385,0.6525397300720215,470.5428466796875,340.75225830078125,221.68959045410156,-0.06767066568136215,0.06181170791387558,2.8393125534057617,0.0,0.0,0.0,0,0
1786257256.40558,2.107009906991152,APPROACH,FLOW,/home/eunseop/nrs_imitation/checkpoints/flow/polishing/single_cam/20260809_0014,450.69610595703125,354.6576843261719,215.60081481933594,-0.08238757401704788,0.06339705735445023,2.848836660385132,0.40752434730529785,-0.32869407534599304,0.19318564236164093,470.66644287109375,340.6656799316406,221.72735595703125,-0.06757929921150208,0.061802029609680176,2.8392527103424072,0.0,0.0,0.0,0,0
1786257256.4135954,2.1150251859799027,APPROACH,FLOW,/home/eunseop/nrs_imitation/checkpoints/flow/polishing/single_cam/20260809_0014,450.6671142578125,354.6607971191406,215.58233642578125,-0.08229690790176392,0.06343379616737366,2.8488752841949463,0.38383328914642334,0.21934443712234497,-0.13958844542503357,470.7902526855469,340.5789794921875,221.76516723632812,-0.06748776137828827,0.06179233267903328,2.8391928672790527,0.0,0.0,0.0,0,0
1786257256.4217565,2.1231864650035277,APPROACH,FLOW,/home/eunseop/nrs_imitation/checkpoints/flow/polishing/single_cam/20260809_0014,450.68609619140625,354.6695556640625,215.61383056640625,-0.08233338594436646,0.06339192390441895,2.8488500118255615,0.2799539268016815,0.2517620623111725,-0.07114296406507492,470.91607666015625,340.49078369140625,221.80361938476562,-0.0673946887254715,0.06178247183561325,2.839132308959961,0.0,0.0,0.0,0,0
1786257256.4296002,2.1310301659977995,APPROACH,FLOW,/home/eunseop/nrs_imitation/checkpoints/flow/polishing/single_cam/20260809_0014,450.67236328125,354.6355895996094,215.59274291992188,-0.08231840282678604,0.06342565268278122,2.848862648010254,0.3113090693950653,0.17255401611328125,0.09323178231716156,471.0380859375,340.4053039550781,221.8408966064453,-0.06730447709560394,0.0617729127407074,2.8390731811523438,0.0,0.0,0.0,0,0
1786257256.4375896,2.1390195160056464,APPROACH,FLOW,/home/eunseop/nrs_imitation/checkpoints/flow/polishing/single_cam/20260809_0014,450.6810607910156,354.6673278808594,215.62582397460938,-0.08238042891025543,0.06337176263332367,2.848836898803711,0.27108967304229736,0.05713818967342377,0.6192402243614197,471.16217041015625,340.318359375,221.87881469726562,-0.06721270084381104,0.061763182282447815,2.83901309967041,0.0,0.0,0.0,0,0
1786257256.4456143,2.1470441840065178,APPROACH,FLOW,/home/eunseop/nrs_imitation/checkpoints/flow/polishing/single_cam/20260809_0014,450.7116394042969,354.6673583984375,215.61270141601562,-0.08239804953336716,0.06332927942276001,2.8488476276397705,0.32270973920822144,-0.16945865750312805,0.3155948519706726,471.28643798828125,340.2312927246094,221.91676330566406,-0.06712082028388977,0.061753444373607635,2.8389530181884766,0.0,0.0,0.0,0,0
1786257256.4536023,2.155032090988243,APPROACH,FLOW,/home/eunseop/nrs_imitation/checkpoints/flow/polishing/single_cam/20260809_0014,450.6898498535156,354.6570129394531,215.59274291992188,-0.08235765248537064,0.06342288106679916,2.8488614559173584,0.1374509036540985,0.14936617016792297,0.14265581965446472,471.4107360839844,340.1441650390625,221.95474243164062,-0.06702888756990433,0.061743706464767456,2.838893175125122,0.0,0.0,0.0,0,0
1786257256.4615905,2.163020409003366,APPROACH,FLOW,/home/eunseop/nrs_imitation/checkpoints/flow/polishing/single_cam/20260809_0014,450.68695068359375,354.6708984375,215.60812377929688,-0.08234691619873047,0.06336261332035065,2.8488852977752686,0.2823212146759033,0.055072907358407974,0.13050422072410583,471.53521728515625,340.0569763183594,221.99278259277344,-0.06693684309720993,0.06173395365476608,2.8388330936431885,0.0,0.0,0.0,0,0
1786257256.4695833,2.1710130349965766,APPROACH,FLOW,/home/eunseop/nrs_imitation/checkpoints/flow/polishing/single_cam/20260809_0014,450.6933288574219,354.68682861328125,215.6380157470703,-0.08240066468715668,0.06332814693450928,2.84889554977417,0.7040718793869019,-0.13874433934688568,0.20038530230522156,471.6597900390625,339.9696960449219,222.03085327148438,-0.06684471666812897,0.06172419339418411,2.838773012161255,0.0,0.0,0.0,0,0
1786257256.4775827,2.17901242399239,APPROACH,FLOW,/home/eunseop/nrs_imitation/checkpoints/flow/polishing/single_cam/20260809_0014,450.6596984863281,354.67327880859375,215.60299682617188,-0.08232628554105759,0.06336907297372818,2.848886251449585,0.6719135046005249,-0.02048664540052414,0.7254456281661987,471.7845458984375,339.88232421875,222.06893920898438,-0.06675250083208084,0.06171441823244095,2.838712692260742,0.0,0.0,0.0,0,0
1786257256.4855745,2.187004237988731,APPROACH,FLOW,/home/eunseop/nrs_imitation/checkpoints/flow/polishing/single_cam/20260809_0014,450.67724609375,354.6525573730469,215.5965576171875,-0.0823163315653801,0.06338871270418167,2.848886251449585,0.3566525876522064,0.09873650223016739,0.03738560155034065,471.9093017578125,339.794921875,222.1070556640625,-0.06666024774312973,0.06170465052127838,2.8386526107788086,0.0,0.0,0.0,0,0
1786257256.4936147,2.195044544991106,APPROACH,FLOW,/home/eunseop/nrs_imitation/checkpoints/flow/polishing/single_cam/20260809_0014,450.7042236328125,354.6705627441406,215.63134765625,-0.0824226662516594,0.06331649422645569,2.848811388015747,0.08777300268411636,-0.29044193029403687,0.23542103171348572,472.0343017578125,339.7073059082031,222.14524841308594,-0.0665677934885025,0.06169484555721283,2.838592052459717,0.0,0.0,0.0,0,0
1786257256.5016274,2.2030571390059777,APPROACH,FLOW,/home/eunseop/nrs_imitation/checkpoints/flow/polishing/single_cam/20260809_0014,450.6892395019531,354.658935546875,215.5995330810547,-0.0823809951543808,0.06341458857059479,2.8488845825195312,0.3016747534275055,0.007964073680341244,0.1894644796848297,472.1593017578125,339.6197509765625,222.18344116210938,-0.06647536158561707,0.06168505549430847,2.838531732559204,0.0,0.0,0.0,0,0
1786257256.5101178,2.211547836981481,APPROACH,FLOW,/home/eunseop/nrs_imitation/checkpoints/flow/polishing/single_cam/20260809_0014,450.6914978027344,354.6561279296875,215.58004760742188,-0.0824132189154625,0.06342822313308716,2.84889554977417,0.2729814052581787,0.03410292789340019,0.1712188422679901,472.2919921875,339.52679443359375,222.22398376464844,-0.06637724488973618,0.06167466193437576,2.838467597961426,0.0,0.0,0.0,0,0
1786257256.5176272,2.2190568590012845,APPROACH,FLOW,/home/eunseop/nrs_imitation/checkpoints/flow/polishing/single_cam/20260809_0014,450.6863098144531,354.67279052734375,215.6149139404297,-0.08237046003341675,0.06335291266441345,2.8488845825195312,0.43527093529701233,0.15738321840763092,0.26277464628219604,472.40985107421875,339.4442138671875,222.25997924804688,-0.06629008799791336,0.06166542321443558,2.8384108543395996,0.0,0.0,0.0,0,0
1786257256.5256734,2.2271035889862105,APPROACH,FLOW,/home/eunseop/nrs_imitation/checkpoints/flow/polishing/single_cam/20260809_0014,450.70391845703125,354.6301574707031,215.61085510253906,-0.08242712169885635,0.06343606859445572,2.8488593101501465,0.2078922986984253,-0.23829232156276703,-0.07153206318616867,472.5354919433594,339.3561706542969,222.29837036132812,-0.06619717925786972,0.06165558099746704,2.8383498191833496,0.0,0.0,0.0,0,0
1786257256.5336142,2.2350439649890177,APPROACH,FLOW,/home/eunseop/nrs_imitation/checkpoints/flow/polishing/single_cam/20260809_0014,450.6958923339844,354.6666259765625,215.61553955078125,-0.08237858861684799,0.06337583065032959,2.848872423171997,0.4191069006919861,0.197202667593956,0.10549446195363998,472.660400390625,339.2686767578125,222.3365478515625,-0.06610482186079025,0.06164579465985298,2.838289737701416,0.0,0.0,0.0,0,0
1786257256.5415955,2.243025158997625,APPROACH,FLOW,/home/eunseop/nrs_imitation/checkpoints/flow/polishing/single_cam/20260809_0014,450.670166015625,354.6685485839844,215.611083984375,-0.08235497027635574,0.063346266746521,2.8488969802856445,-0.01979239471256733,-0.1391136795282364,0.2319139540195465,472.7859191894531,339.18072509765625,222.3748779296875,-0.06601202487945557,0.061635956168174744,2.838229179382324,0.0,0.0,0.0,0,0
1786257256.5495975,2.251027163991239,APPROACH,FLOW,/home/eunseop/nrs_imitation/checkpoints/flow/polishing/single_cam/20260809_0014,450.690185546875,354.6239318847656,215.5543212890625,-0.08233743160963058,0.06350890547037125,2.8488266468048096,0.3775022327899933,-0.1446869820356369,0.31753915548324585,472.9114990234375,339.0927429199219,222.41323852539062,-0.06591915339231491,0.06162611395120621,2.8381683826446533,0.0,0.0,0.0,0,0
1786257256.5576098,2.2590394569851924,APPROACH,FLOW,/home/eunseop/nrs_imitation/checkpoints/flow/polishing/single_cam/20260809_0014,450.6716003417969,354.6523132324219,215.58180236816406,-0.08234473317861557,0.06345506012439728,2.848897933959961,0.1933564394712448,-0.13355688750743866,0.4852307140827179,473.0372619628906,339.004638671875,222.45166015625,-0.06582614779472351,0.061616264283657074,2.8381078243255615,0.0,0.0,0.0,0,0
1786257256.565607,2.267036942008417,APPROACH,FLOW,/home/eunseop/nrs_imitation/checkpoints/flow/polishing/single_cam/20260809_0014,450.6691589355469,354.6669616699219,215.60357666015625,-0.0823342427611351,0.06339191645383835,2.8488621711730957,0.16149938106536865,0.13662679493427277,-0.042772937566041946,473.1629638671875,338.9165344238281,222.49008178710938,-0.0657331645488739,0.061606407165527344,2.8380470275878906,0.0,0.0,0.0,0,0
1786257256.5735939,2.2750235669955146,APPROACH,FLOW,/home/eunseop/nrs_imitation/checkpoints/flow/polishing/single_cam/20260809_0014,450.68182373046875,354.6656799316406,215.61944580078125,-0.08237721025943756,0.06333713233470917,2.848872423171997,0.4192006289958954,-0.34034812450408936,0.241785928606987,473.28887939453125,338.8283386230469,222.52853393554688,-0.06564008444547653,0.061596550047397614,2.8379862308502197,0.0,0.0,0.0,0,0
1786257256.5821211,2.283551164990058,APPROACH,FLOW,/home/eunseop/nrs_imitation/checkpoints/flow/polishing/single_cam/20260809_0014,450.6821594238281,354.644775390625,215.56324768066406,-0.0823439210653305,0.06345359981060028,2.8488500118255615,0.4192006289958954,-0.34034812450408936,0.241785928606987,473.422607421875,338.73468017578125,222.56939697265625,-0.06554121524095535,0.06158607453107834,2.837921619415283,0.0,0.0,0.0,0,0
1786257256.5896025,2.2910323649994098,APPROACH,FLOW,/home/eunseop/nrs_imitation/checkpoints/flow/polishing/single_cam/20260809_0014,450.7085266113281,354.656005859375,215.61622619628906,-0.08240967243909836,0.0633901059627533,2.8488595485687256,0.04595086723566055,-0.16510668396949768,-0.13228148221969604,473.5408630371094,338.6518249511719,222.60552978515625,-0.06545376777648926,0.061576806008815765,2.837864637374878,0.0,0.0,0.0,0,0
1786257256.5976088,2.2990384759905282,APPROACH,FLOW,/home/eunseop/nrs_imitation/checkpoints/flow/polishing/single_cam/20260809_0014,450.6897277832031,354.6447448730469,215.59759521484375,-0.08236382156610489,0.06340815871953964,2.8488612174987793,0.44824740290641785,-0.06158771738409996,0.10883835703134537,473.6669006347656,338.5635070800781,222.64404296875,-0.06536055356264114,0.06156693398952484,2.837803840637207,0.0,0.0,0.0,0,0
1786257256.6055915,2.307021493994398,APPROACH,FLOW,/home/eunseop/nrs_imitation/checkpoints/flow/polishing/single_cam/20260809_0014,450.6922912597656,354.6365661621094,215.603759765625,-0.08237680047750473,0.06337843090295792,2.848872423171997,0.34848305583000183,-0.06595886498689651,0.3159296214580536,473.7930908203125,338.47509765625,222.68258666992188,-0.06526724249124527,0.061557043343782425,2.837742805480957,0.0,0.0,0.0,0,0
1786257256.6135848,2.3150145410036203,APPROACH,FLOW,/home/eunseop/nrs_imitation/checkpoints/flow/polishing/single_cam/20260809_0014,450.6681213378906,354.6652526855469,215.6033477783203,-0.08234133571386337,0.063376285135746,2.8488738536834717,0.1671978086233139,-0.031643278896808624,0.3725029230117798,473.9193115234375,338.38665771484375,222.7211456298828,-0.06517390161752701,0.06154715269804001,2.837681770324707,0.0,0.0,0.0,0,0
1786257256.6216063,2.323036322981352,APPROACH,FLOW,/home/eunseop/nrs_imitation/checkpoints/flow/polishing/single_cam/20260809_0014,450.71484375,354.6261291503906,215.61244201660156,-0.08244934678077698,0.06342469155788422,2.8487870693206787,0.5502289533615112,0.39976781606674194,0.11689955741167068,474.04571533203125,338.2981262207031,222.759765625,-0.06508046388626099,0.0615372508764267,2.837620735168457,0.0,0.0,0.0,0,0
1786257256.629654,2.3310837440076284,APPROACH,FLOW,/home/eunseop/nrs_imitation/checkpoints/flow/polishing/single_cam/20260809_0014,450.6908264160156,354.6556701660156,215.59983825683594,-0.08236206322908401,0.06336911767721176,2.848849058151245,0.018155479803681374,-0.36512577533721924,0.16361819207668304,474.17205810546875,338.2095642089844,222.79837036132812,-0.06498700380325317,0.061527349054813385,2.837559700012207,0.0,0.0,0.0,0,0
1786257256.6376235,2.3390533459896687,APPROACH,FLOW,/home/eunseop/nrs_imitation/checkpoints/flow/polishing/single_cam/20260809_0014,450.6933288574219,354.65673828125,215.61349487304688,-0.0823386162519455,0.06337811052799225,2.8488378524780273,0.6979944109916687,0.17392520606517792,0.4002496004104614,474.29852294921875,338.1209716796875,222.83700561523438,-0.06489350646734238,0.061517443507909775,2.837498664855957,0.0,0.0,0.0,0,0
1786257256.6456106,2.347040241002105,APPROACH,FLOW,/home/eunseop/nrs_imitation/checkpoints/flow/polishing/single_cam/20260809_0014,450.6984558105469,354.67071533203125,215.60366821289062,-0.08237858861684799,0.06337583065032959,2.848872423171997,0.42424270510673523,-0.0278371162712574,-0.2005051225423813,474.4249267578125,338.03240966796875,222.87564086914062,-0.06480000913143158,0.061507537961006165,2.837437629699707,0.0,0.0,0.0,0,0
