{
    "T_tool_opt": [
        [
            -0.728962616837536,
            -0.6843252284998442,
            -0.017677242205937152,
            0.0015625297675277538
        ],
        [
            0.6841593979291389,
            -0.7291761145576119,
            0.015103383193924333,
            -0.002576033178232792
        ],
        [
            -0.023225448943122062,
            -0.0010842496485183794,
            0.9997296649215175,
            0.003989411097452813
        ],
        [
            0.0,
            0.0,
            0.0,
            1.0
        ]
    ],
    "T_trans_opt": [
        [
            -0.46253488007992627,
            0.010743788929972853,
            0.8865359866970298,
            1.2250322847705901
        ],
        [
            0.8865959419186435,
            0.009010975056164328,
            0.4624569581073792,
            0.3394290650592989
        ],
        [
            -0.003020013715416048,
            0.9999016818307513,
            -0.013693289933150499,
            1.117141709262001
        ],
        [
            0.0,
            0.0,
            0.0,
            1.0
        ]
    ]
}