{
    "T_tool_opt": [
        [
            -0.728962616837536,
            -0.68498442,
            -0.0175937152,
            0.00155277538
        ],
        [
            0.6841593979291389,
            -0.729145576119,
            0.01510193924333,
            -0.002576033178232792
        ],
        [
            -0.0232262,
            -0.00108794,
            0.999729,
            0.0039893
        ],
        [
            0.0,
            0.0,
            0.0,
            1.0
        ]
    ],
    "T_trans_opt": [
        [
            -0.46253463,
            0.01074379,
            0.88653598,
            1.22503221
        ],
        [
            0.88659594,
            0.00901098,
            0.46245696,
            0.33942907
        ],
        [
            -0.00302001,
            0.99990168,
            -0.01369329,
            1.11714171
        ],
        [
            0.0,
            0.0,
            0.0,
            1.0
        ]
    ]
}
